{"type": "FeatureCollection", "features": [{"type": "Feature", "properties": {"kod": "02", "nazwa": "dolnośląskie"}, "geometry": {"type": "Polygon", "coordinates": [[[16.54047, 51.76669], [16.54388, 51.76572], [16.57669, 51.76859], [16.57982, 51.76585], [16.58063, 51.75211], [16.58303, 51.75078], [16.59468, 51.7505], [16.60019, 51.74742], [16.60026, 51.74592], [16.6036, 51.74512], [16.60436, 51.74601], [16.60635, 51.74484], [16.619, 51.74469], [16.62311, 51.74696], [16.63296, 51.74797], [16.63518, 51.74908], [16.64002, 51.74658], [16.64316, 51.74628], [16.64579, 51.74453], [16.64794, 51.74416], [16.64642, 51.7409], [16.63983, 51.73496], [16.64094, 51.73463], [16.6394, 51.73299], [16.63969, 51.73163], [16.6458, 51.72925], [16.64412, 51.72547], [16.64503, 51.72189], [16.65266, 51.71883], [16.65307, 51.71625], [16.65662, 51.71601], [16.66233, 51.71239], [16.66814, 51.71062], [16.67485, 51.71019], [16.6823, 51.70791], [16.68245, 51.70268], [16.6803, 51.69868], [16.67688, 51.69927], [16.67562, 51.69773], [16.67637, 51.69754], [16.67496, 51.69528], [16.67741, 51.69473], [16.67634, 51.69217], [16.67307, 51.69303], [16.6638, 51.69878], [16.66323, 51.69763], [16.66203, 51.69794], [16.66151, 51.69686], [16.65947, 51.69676], [16.65892, 51.69545], [16.66169, 51.69428], [16.65755, 51.68923], [16.66371, 51.68857], [16.64202, 51.68347], [16.64319, 51.68206], [16.63879, 51.67786], [16.63992, 51.67164], [16.63858, 51.67165], [16.63877, 51.66793], [16.63915, 51.66603], [16.6435, 51.66058], [16.64986, 51.65784], [16.65394, 51.65798], [16.66368, 51.6563], [16.67185, 51.65664], [16.67726, 51.65775], [16.6829, 51.6567], [16.685, 51.65592], [16.68239, 51.65102], [16.68024, 51.65062], [16.68141, 51.64695], [16.69495, 51.64809], [16.70376, 51.64747], [16.70523, 51.64798], [16.70943, 51.64724], [16.71409, 51.64867], [16.72752, 51.6474], [16.72918, 51.64582], [16.72834, 51.64309], [16.73294, 51.6425], [16.73445, 51.64233], [16.74354, 51.64495], [16.76912, 51.64465], [16.78347, 51.64099], [16.78156, 51.63979], [16.77976, 51.6351], [16.77644, 51.63133], [16.76845, 51.6295], [16.76606, 51.62773], [16.77205, 51.6136], [16.77482, 51.61245], [16.78425, 51.61072], [16.79928, 51.60371], [16.80266, 51.60085], [16.79538, 51.59967], [16.79478, 51.59172], [16.79279, 51.59053], [16.8038, 51.58634], [16.81119, 51.58677], [16.81235, 51.58525], [16.81558, 51.58474], [16.81645, 51.58123], [16.81934, 51.57766], [16.82835, 51.57217], [16.8319, 51.57594], [16.83775, 51.57711], [16.84332, 51.57721], [16.85115, 51.57999], [16.85881, 51.5802], [16.86843, 51.5789], [16.88741, 51.58101], [16.89574, 51.57833], [16.90474, 51.57137], [16.90789, 51.56642], [16.91157, 51.56405], [16.91109, 51.56255], [16.91451, 51.55945], [16.92098, 51.55611], [16.92376, 51.55565], [16.92796, 51.55235], [16.93947, 51.55179], [16.94077, 51.5524], [16.94291, 51.55169], [16.94547, 51.55243], [16.94862, 51.55207], [16.94884, 51.55266], [16.95808, 51.55249], [16.96264, 51.55108], [16.96196, 51.54942], [16.9646, 51.54919], [16.96238, 51.54471], [16.96314, 51.54456], [16.96733, 51.54483], [16.97187, 51.54361], [16.97511, 51.54781], [16.97872, 51.54493], [16.98117, 51.54813], [16.98179, 51.55091], [16.98639, 51.55012], [17.00705, 51.54934], [17.01059, 51.55037], [17.01158, 51.55445], [17.01992, 51.55532], [17.02042, 51.55347], [17.04605, 51.55596], [17.0538, 51.5452], [17.05981, 51.54566], [17.05932, 51.55173], [17.06925, 51.55246], [17.07014, 51.55504], [17.06465, 51.56637], [17.08077, 51.57056], [17.08364, 51.56913], [17.09152, 51.57232], [17.10853, 51.57607], [17.1255, 51.56532], [17.17083, 51.5698], [17.17865, 51.57393], [17.188, 51.57649], [17.1992, 51.5745], [17.20294, 51.56778], [17.20437, 51.56672], [17.20655, 51.56704], [17.21469, 51.57385], [17.21359, 51.58034], [17.21447, 51.58555], [17.21074, 51.58969], [17.21547, 51.59392], [17.21549, 51.59932], [17.20977, 51.60267], [17.20846, 51.60826], [17.20963, 51.6092], [17.20827, 51.61109], [17.21233, 51.6154], [17.2114, 51.61949], [17.21548, 51.62961], [17.2184, 51.63106], [17.22111, 51.62931], [17.22143, 51.63038], [17.22919, 51.62988], [17.22586, 51.63242], [17.22667, 51.63328], [17.23375, 51.6341], [17.24117, 51.63359], [17.2391, 51.63026], [17.24215, 51.62971], [17.24298, 51.63332], [17.24124, 51.63353], [17.24168, 51.63705], [17.24485, 51.63939], [17.24932, 51.6405], [17.26039, 51.64041], [17.25745, 51.64277], [17.2598, 51.64323], [17.27225, 51.64316], [17.27745, 51.64417], [17.29063, 51.64378], [17.29952, 51.64539], [17.31676, 51.64637], [17.32443, 51.64801], [17.33012, 51.64791], [17.33727, 51.64526], [17.34583, 51.64501], [17.35861, 51.643], [17.36169, 51.64124], [17.37068, 51.63938], [17.3804, 51.63603], [17.3862, 51.63514], [17.38921, 51.63625], [17.41169, 51.63115], [17.41889, 51.63057], [17.43034, 51.63264], [17.43778, 51.63168], [17.43822, 51.63293], [17.4597, 51.62816], [17.45961, 51.62637], [17.4662, 51.62679], [17.47133, 51.62609], [17.4732, 51.62369], [17.47631, 51.62302], [17.48634, 51.61685], [17.49713, 51.61557], [17.49865, 51.61592], [17.50362, 51.60928], [17.51194, 51.60901], [17.52127, 51.6057], [17.51949, 51.60451], [17.51855, 51.60207], [17.52128, 51.5962], [17.52062, 51.5928], [17.52184, 51.59016], [17.52326, 51.58942], [17.5337, 51.58952], [17.54537, 51.58623], [17.55578, 51.58455], [17.5546, 51.57852], [17.5568, 51.57558], [17.56021, 51.5749], [17.56012, 51.5704], [17.56299, 51.57029], [17.56296, 51.56901], [17.57236, 51.56676], [17.57191, 51.55518], [17.57532, 51.5485], [17.57628, 51.53964], [17.57459, 51.53964], [17.57465, 51.53753], [17.57325, 51.53648], [17.57273, 51.52988], [17.56911, 51.52822], [17.56507, 51.52428], [17.56368, 51.52421], [17.56232, 51.52168], [17.56019, 51.52133], [17.55788, 51.51955], [17.55514, 51.51908], [17.55509, 51.51781], [17.55121, 51.51786], [17.54787, 51.51671], [17.54588, 51.51709], [17.54463, 51.5156], [17.53553, 51.51616], [17.5352, 51.51376], [17.53302, 51.51331], [17.5216, 51.51458], [17.52003, 51.51115], [17.51463, 51.51098], [17.51215, 51.50551], [17.51434, 51.50353], [17.51305, 51.50227], [17.51398, 51.50155], [17.52638, 51.49992], [17.5238, 51.49696], [17.52459, 51.49691], [17.52441, 51.49453], [17.51952, 51.49333], [17.51978, 51.49233], [17.5181, 51.4914], [17.51852, 51.48918], [17.51727, 51.48944], [17.51606, 51.48812], [17.51874, 51.4871], [17.51797, 51.4856], [17.52338, 51.48483], [17.52128, 51.48078], [17.52315, 51.48026], [17.52005, 51.47605], [17.52156, 51.47264], [17.52905, 51.46981], [17.52067, 51.46232], [17.52286, 51.46126], [17.52468, 51.45859], [17.52954, 51.45595], [17.53203, 51.45216], [17.53704, 51.45038], [17.53713, 51.44947], [17.53905, 51.44905], [17.54763, 51.44359], [17.55195, 51.43517], [17.54895, 51.43184], [17.54837, 51.42782], [17.5453, 51.42836], [17.54431, 51.4265], [17.54335, 51.42665], [17.54057, 51.42128], [17.54425, 51.41959], [17.54851, 51.41895], [17.5491, 51.41621], [17.55225, 51.41425], [17.55224, 51.41349], [17.55356, 51.41331], [17.55306, 51.41189], [17.55431, 51.41053], [17.56178, 51.40764], [17.56338, 51.40616], [17.57064, 51.40511], [17.58486, 51.40964], [17.6039, 51.40937], [17.61212, 51.41985], [17.6129, 51.42299], [17.61577, 51.42291], [17.61669, 51.42195], [17.61856, 51.42182], [17.61872, 51.42058], [17.62658, 51.41907], [17.63137, 51.42159], [17.63088, 51.42346], [17.63909, 51.42378], [17.6408, 51.42336], [17.64023, 51.42114], [17.64401, 51.41886], [17.6491, 51.41795], [17.65264, 51.41276], [17.65709, 51.41197], [17.65679, 51.41118], [17.6611, 51.40998], [17.66243, 51.41215], [17.66735, 51.4145], [17.66833, 51.41598], [17.67288, 51.41522], [17.68287, 51.41098], [17.68231, 51.40911], [17.68806, 51.40782], [17.68679, 51.40539], [17.70036, 51.40174], [17.70307, 51.39949], [17.70701, 51.40065], [17.71512, 51.40195], [17.71565, 51.40155], [17.71866, 51.40318], [17.71958, 51.4064], [17.71728, 51.4102], [17.71517, 51.41133], [17.71631, 51.41474], [17.71409, 51.41853], [17.71685, 51.41979], [17.71597, 51.4215], [17.71861, 51.42262], [17.7191, 51.42128], [17.72316, 51.42274], [17.72626, 51.42083], [17.72952, 51.42166], [17.73213, 51.42034], [17.73289, 51.4207], [17.73798, 51.41906], [17.7345, 51.41671], [17.73843, 51.41577], [17.74548, 51.41568], [17.74583, 51.41474], [17.74848, 51.41464], [17.74561, 51.41265], [17.74995, 51.41132], [17.75468, 51.40736], [17.75581, 51.4053], [17.75246, 51.39861], [17.74675, 51.3982], [17.73651, 51.40007], [17.73645, 51.39777], [17.73807, 51.39759], [17.73738, 51.39496], [17.72909, 51.39571], [17.72999, 51.39269], [17.73213, 51.39085], [17.73153, 51.38855], [17.73295, 51.38727], [17.73039, 51.38644], [17.7199, 51.38608], [17.71569, 51.37517], [17.71547, 51.37147], [17.7061, 51.37164], [17.70432, 51.36673], [17.70661, 51.36589], [17.70611, 51.36392], [17.70996, 51.36351], [17.71065, 51.36237], [17.70986, 51.36085], [17.70769, 51.36044], [17.70979, 51.35892], [17.71743, 51.35861], [17.71765, 51.3594], [17.72022, 51.35892], [17.72306, 51.35948], [17.72894, 51.35386], [17.7285, 51.35212], [17.73272, 51.34943], [17.73697, 51.34893], [17.74367, 51.34654], [17.7434, 51.34513], [17.73963, 51.34287], [17.74157, 51.34195], [17.74091, 51.3386], [17.74426, 51.3364], [17.74394, 51.32876], [17.74694, 51.32617], [17.75228, 51.32376], [17.75785, 51.32261], [17.7626, 51.32009], [17.76494, 51.31643], [17.76056, 51.31474], [17.75591, 51.31129], [17.7605, 51.30965], [17.7589, 51.30829], [17.7644, 51.30589], [17.76014, 51.30229], [17.76648, 51.30074], [17.75714, 51.29405], [17.75032, 51.29069], [17.7473, 51.28601], [17.75222, 51.28356], [17.75092, 51.28188], [17.7516, 51.2812], [17.74799, 51.27932], [17.74714, 51.27979], [17.74283, 51.27832], [17.73823, 51.27567], [17.74886, 51.27062], [17.74949, 51.26955], [17.74904, 51.26696], [17.74663, 51.26514], [17.7429, 51.25728], [17.74302, 51.25418], [17.74583, 51.2498], [17.74397, 51.24302], [17.74895, 51.23848], [17.75413, 51.23525], [17.75551, 51.2331], [17.75516, 51.23029], [17.7578, 51.22669], [17.75696, 51.22292], [17.75484, 51.22172], [17.75663, 51.21636], [17.76332, 51.21024], [17.76759, 51.20385], [17.77685, 51.1981], [17.79527, 51.19415], [17.79514, 51.18977], [17.7891, 51.18792], [17.78296, 51.18825], [17.77983, 51.18324], [17.75382, 51.18679], [17.75025, 51.17968], [17.73905, 51.17429], [17.72921, 51.17485], [17.72461, 51.17421], [17.71463, 51.17495], [17.70642, 51.17316], [17.70438, 51.1739], [17.70141, 51.17201], [17.69845, 51.17219], [17.69819, 51.17166], [17.70025, 51.16327], [17.69683, 51.16472], [17.69708, 51.16407], [17.69654, 51.16484], [17.69178, 51.16502], [17.6822, 51.16706], [17.6828, 51.16569], [17.67418, 51.16413], [17.66927, 51.16082], [17.66542, 51.16262], [17.65885, 51.16349], [17.65591, 51.16662], [17.6507, 51.16759], [17.63944, 51.16815], [17.63872, 51.17055], [17.64037, 51.17314], [17.63293, 51.17472], [17.62061, 51.17542], [17.61912, 51.18112], [17.6195, 51.18441], [17.61306, 51.18732], [17.6115, 51.19052], [17.60659, 51.1896], [17.59661, 51.17854], [17.6027, 51.17591], [17.59708, 51.17109], [17.59889, 51.16783], [17.59467, 51.16878], [17.58921, 51.17133], [17.58745, 51.16902], [17.57824, 51.16224], [17.56795, 51.16589], [17.56636, 51.16144], [17.5618, 51.15965], [17.55861, 51.15678], [17.55427, 51.15682], [17.54901, 51.15493], [17.54475, 51.15449], [17.54547, 51.14357], [17.56772, 51.13783], [17.56555, 51.13348], [17.57638, 51.12942], [17.57552, 51.12364], [17.57146, 51.11762], [17.57329, 51.11678], [17.57196, 51.116], [17.57506, 51.11471], [17.57822, 51.11083], [17.57193, 51.1062], [17.56774, 51.09798], [17.56243, 51.0926], [17.56773, 51.08842], [17.57862, 51.08514], [17.58213, 51.08184], [17.56439, 51.07312], [17.55821, 51.06783], [17.55247, 51.06723], [17.53429, 51.06924], [17.52732, 51.067], [17.52432, 51.06516], [17.5187, 51.05881], [17.5245, 51.0585], [17.52389, 51.05339], [17.52126, 51.05355], [17.5184, 51.05153], [17.51914, 51.05028], [17.52116, 51.04843], [17.52551, 51.0491], [17.53353, 51.04296], [17.53485, 51.04316], [17.52702, 51.03137], [17.51889, 51.02545], [17.51853, 51.01745], [17.51428, 51.01163], [17.52203, 51.0091], [17.52134, 51.00575], [17.52828, 51.00253], [17.54187, 51.00263], [17.5424, 51.00057], [17.54366, 50.99979], [17.54071, 50.99207], [17.54254, 50.99119], [17.53698, 50.98899], [17.53539, 50.98883], [17.53487, 50.99007], [17.51808, 50.98723], [17.50431, 50.98864], [17.49915, 50.99275], [17.49066, 50.98819], [17.49538, 50.98499], [17.4996, 50.98537], [17.5015, 50.98444], [17.50474, 50.98496], [17.51485, 50.97969], [17.51312, 50.97239], [17.50937, 50.96945], [17.50486, 50.96972], [17.50285, 50.97198], [17.50464, 50.97314], [17.50155, 50.97559], [17.4814, 50.97405], [17.4802, 50.97255], [17.47639, 50.97313], [17.46909, 50.97185], [17.46401, 50.9783], [17.45003, 50.97174], [17.4314, 50.96709], [17.4338, 50.95431], [17.43161, 50.94917], [17.43243, 50.94723], [17.43094, 50.94595], [17.43194, 50.94355], [17.43384, 50.94248], [17.43536, 50.94317], [17.43958, 50.93697], [17.43787, 50.93614], [17.43754, 50.93283], [17.43465, 50.92805], [17.43066, 50.92615], [17.42968, 50.92368], [17.43169, 50.9211], [17.43146, 50.91832], [17.43638, 50.91698], [17.43367, 50.91596], [17.43247, 50.91621], [17.43061, 50.9143], [17.42907, 50.91466], [17.42724, 50.91057], [17.42156, 50.91244], [17.41726, 50.9126], [17.41099, 50.9107], [17.40805, 50.91055], [17.40429, 50.91284], [17.40256, 50.91868], [17.40022, 50.92008], [17.38869, 50.92213], [17.38036, 50.92493], [17.36935, 50.92574], [17.36858, 50.92161], [17.37051, 50.91827], [17.36584, 50.91447], [17.36716, 50.91372], [17.35787, 50.90705], [17.35992, 50.90613], [17.35242, 50.90065], [17.35499, 50.89965], [17.36761, 50.89811], [17.37313, 50.89586], [17.39787, 50.88925], [17.39391, 50.88775], [17.3938, 50.88454], [17.39579, 50.88044], [17.39511, 50.87553], [17.39178, 50.87616], [17.3851, 50.87557], [17.38429, 50.86207], [17.37555, 50.85997], [17.3658, 50.85972], [17.35831, 50.85751], [17.35542, 50.8561], [17.35441, 50.85458], [17.34671, 50.85183], [17.33515, 50.85221], [17.32815, 50.85058], [17.3304, 50.84458], [17.34037, 50.8353], [17.3428, 50.83177], [17.34324, 50.82874], [17.34265, 50.82753], [17.33714, 50.82561], [17.31852, 50.82128], [17.32362, 50.82041], [17.32824, 50.81813], [17.33981, 50.80818], [17.34284, 50.80741], [17.35023, 50.8076], [17.34908, 50.80506], [17.3502, 50.79971], [17.35259, 50.7981], [17.35309, 50.79571], [17.35466, 50.7948], [17.3526, 50.79317], [17.35197, 50.79042], [17.34902, 50.78808], [17.34617, 50.78788], [17.34515, 50.78428], [17.33307, 50.78696], [17.32529, 50.78646], [17.30627, 50.78818], [17.29084, 50.79254], [17.28586, 50.79492], [17.28489, 50.79233], [17.27765, 50.7887], [17.27376, 50.78811], [17.27085, 50.78536], [17.27117, 50.78053], [17.2642, 50.7769], [17.25622, 50.77459], [17.25391, 50.77204], [17.26244, 50.77221], [17.26663, 50.77172], [17.26952, 50.77051], [17.2684, 50.76787], [17.27702, 50.76347], [17.27954, 50.76089], [17.28666, 50.75813], [17.29273, 50.75435], [17.29754, 50.75332], [17.29532, 50.7518], [17.29544, 50.75068], [17.29139, 50.74647], [17.30116, 50.74303], [17.29428, 50.73757], [17.29046, 50.73924], [17.28551, 50.7431], [17.27966, 50.74461], [17.27555, 50.7446], [17.27058, 50.74061], [17.26254, 50.73911], [17.26427, 50.73434], [17.26321, 50.72994], [17.26188, 50.73049], [17.2587, 50.72499], [17.25712, 50.72467], [17.25212, 50.71773], [17.2478, 50.71941], [17.2405, 50.71836], [17.23887, 50.71538], [17.23424, 50.71551], [17.22881, 50.7173], [17.22911, 50.71471], [17.22572, 50.7156], [17.2231, 50.71369], [17.22079, 50.7137], [17.22225, 50.70673], [17.22018, 50.70137], [17.25908, 50.69047], [17.25594, 50.68672], [17.25383, 50.68719], [17.25198, 50.6867], [17.24723, 50.68211], [17.23478, 50.68109], [17.23957, 50.67165], [17.23832, 50.67007], [17.23752, 50.66452], [17.23896, 50.66075], [17.23811, 50.65814], [17.23586, 50.65632], [17.23366, 50.65636], [17.23248, 50.6551], [17.2335, 50.65424], [17.23624, 50.65404], [17.23893, 50.6508], [17.23537, 50.64961], [17.2351, 50.64568], [17.23099, 50.64227], [17.23022, 50.64051], [17.23186, 50.63477], [17.23399, 50.63222], [17.24273, 50.62805], [17.24187, 50.62418], [17.24477, 50.61972], [17.24423, 50.61883], [17.23602, 50.61322], [17.2306, 50.61489], [17.22964, 50.61435], [17.22379, 50.61464], [17.21875, 50.61585], [17.1864, 50.61634], [17.15548, 50.61226], [17.15132, 50.61039], [17.14008, 50.61023], [17.13353, 50.60885], [17.12397, 50.60844], [17.12187, 50.6075], [17.12117, 50.60317], [17.11643, 50.59584], [17.11645, 50.59195], [17.11492, 50.58745], [17.11135, 50.58678], [17.11214, 50.58603], [17.09925, 50.57592], [17.09914, 50.57226], [17.09409, 50.56436], [17.08584, 50.55992], [17.07546, 50.55573], [17.06866, 50.54448], [17.06458, 50.54321], [17.06359, 50.54209], [17.06297, 50.53839], [17.06131, 50.53695], [17.06249, 50.53079], [17.06871, 50.52449], [17.07432, 50.52256], [17.07343, 50.52078], [17.07478, 50.51713], [17.07353, 50.51594], [17.07429, 50.51485], [17.07115, 50.51472], [17.06793, 50.51358], [17.06578, 50.51223], [17.06484, 50.5103], [17.06245, 50.50995], [17.05675, 50.50504], [17.05772, 50.49997], [17.06264, 50.49692], [17.05884, 50.49169], [17.06172, 50.49097], [17.06101, 50.48981], [17.06434, 50.48891], [17.06228, 50.48602], [17.05916, 50.48591], [17.05868, 50.48496], [17.06227, 50.48387], [17.06155, 50.48342], [17.06235, 50.48113], [17.06024, 50.4808], [17.06069, 50.47964], [17.06265, 50.4797], [17.06241, 50.47608], [17.06105, 50.4752], [17.05838, 50.47496], [17.05463, 50.47568], [17.05322, 50.47244], [17.05086, 50.47147], [17.05358, 50.47122], [17.05357, 50.46953], [17.05499, 50.46922], [17.0516, 50.46541], [17.04921, 50.46433], [17.03987, 50.46319], [17.03018, 50.46459], [17.02632, 50.46628], [17.02175, 50.46499], [17.01919, 50.46514], [17.01658, 50.46854], [17.0251, 50.47075], [17.01726, 50.47353], [17.02072, 50.47999], [17.02009, 50.48032], [17.01676, 50.4806], [17.01243, 50.47898], [17.00728, 50.47943], [17.00595, 50.4744], [17.00414, 50.47449], [17.0021, 50.47611], [17.00068, 50.47563], [16.99685, 50.47827], [16.99313, 50.47603], [16.99275, 50.47486], [16.98586, 50.47654], [16.98293, 50.47551], [16.98491, 50.47487], [16.98231, 50.47375], [16.976, 50.47561], [16.97888, 50.47925], [16.97717, 50.48008], [16.98007, 50.48097], [16.98047, 50.48237], [16.97863, 50.48335], [16.97635, 50.48203], [16.97744, 50.48407], [16.97495, 50.48556], [16.97474, 50.48869], [16.97326, 50.48918], [16.97027, 50.48834], [16.96963, 50.48701], [16.97091, 50.48494], [16.96884, 50.48444], [16.96684, 50.48529], [16.9676, 50.48637], [16.96554, 50.48794], [16.96253, 50.48782], [16.9618, 50.4871], [16.95897, 50.48792], [16.95397, 50.48434], [16.94922, 50.48224], [16.94704, 50.4796], [16.94176, 50.46807], [16.94499, 50.46804], [16.9403, 50.4611], [16.91845, 50.45286], [16.91444, 50.44973], [16.9092, 50.44994], [16.90455, 50.44827], [16.8985, 50.44772], [16.89318, 50.44338], [16.88671, 50.44419], [16.88117, 50.44244], [16.88072, 50.43616], [16.87557, 50.43264], [16.87662, 50.43127], [16.87581, 50.42819], [16.86922, 50.42251], [16.8688, 50.41801], [16.86958, 50.41708], [16.86052, 50.41121], [16.86032, 50.40775], [16.86246, 50.40917], [16.86376, 50.4089], [16.86669, 50.4075], [16.87218, 50.4029], [16.88152, 50.39906], [16.88489, 50.39868], [16.89017, 50.39674], [16.89284, 50.39512], [16.89549, 50.39131], [16.89902, 50.3896], [16.90709, 50.39131], [16.91097, 50.38904], [16.91017, 50.38518], [16.91506, 50.38247], [16.91436, 50.37995], [16.91652, 50.37708], [16.91686, 50.37396], [16.91957, 50.36897], [16.91627, 50.36586], [16.91537, 50.36298], [16.91935, 50.36022], [16.92158, 50.35508], [16.92983, 50.34582], [16.93272, 50.34508], [16.93748, 50.34221], [16.93648, 50.33783], [16.93847, 50.33311], [16.93431, 50.33079], [16.93442, 50.32986], [16.93801, 50.32587], [16.94072, 50.31979], [16.94623, 50.31784], [16.94614, 50.31539], [16.95585, 50.31222], [16.96102, 50.31256], [16.962, 50.31424], [16.96826, 50.31593], [16.97308, 50.30838], [16.99345, 50.30235], [17.00094, 50.30303], [17.00264, 50.30212], [17.00436, 50.29869], [17.0037, 50.2963], [17.00902, 50.29529], [17.01581, 50.2867], [17.01751, 50.28067], [17.02005, 50.27826], [17.01775, 50.27381], [17.01802, 50.27096], [17.01655, 50.26734], [17.00985, 50.26025], [17.00627, 50.25937], [17.00155, 50.2564], [17.00329, 50.25298], [17.01081, 50.24923], [17.0116, 50.24795], [17.01067, 50.24271], [17.01152, 50.24137], [17.0153, 50.24044], [17.02831, 50.22999], [17.02443, 50.2272], [17.02125, 50.22646], [17.01451, 50.21925], [16.99854, 50.21588], [16.99687, 50.21666], [16.99453, 50.2206], [16.99223, 50.22682], [16.98614, 50.23178], [16.98213, 50.23376], [16.98062, 50.23581], [16.98036, 50.24164], [16.97768, 50.24433], [16.97592, 50.24482], [16.96276, 50.23867], [16.96113, 50.23527], [16.96545, 50.23131], [16.96584, 50.22979], [16.95845, 50.2261], [16.9581, 50.22448], [16.95595, 50.22252], [16.94981, 50.22132], [16.94476, 50.22301], [16.93934, 50.22233], [16.93488, 50.2237], [16.92885, 50.2228], [16.92616, 50.22338], [16.92349, 50.22548], [16.91738, 50.22619], [16.90482, 50.22296], [16.89864, 50.22266], [16.89808, 50.21859], [16.88877, 50.21627], [16.88503, 50.21306], [16.88395, 50.20831], [16.88473, 50.20369], [16.88403, 50.20143], [16.88192, 50.19955], [16.87163, 50.19696], [16.86631, 50.1982], [16.86325, 50.19812], [16.86188, 50.2011], [16.85144, 50.20479], [16.84863, 50.20764], [16.83654, 50.20308], [16.83474, 50.201], [16.83589, 50.19793], [16.83433, 50.19706], [16.83219, 50.19733], [16.82587, 50.1946], [16.82381, 50.19219], [16.82436, 50.18998], [16.82285, 50.18866], [16.81679, 50.19208], [16.81299, 50.1914], [16.8099, 50.18934], [16.80541, 50.18273], [16.80068, 50.18011], [16.79854, 50.17481], [16.79891, 50.17137], [16.79736, 50.16565], [16.79044, 50.15686], [16.78676, 50.15449], [16.78632, 50.15326], [16.78162, 50.15133], [16.78354, 50.148], [16.78276, 50.14511], [16.76776, 50.14017], [16.76166, 50.13613], [16.75653, 50.1353], [16.75535, 50.13394], [16.75284, 50.1341], [16.75087, 50.13534], [16.7453, 50.13488], [16.7408, 50.12811], [16.73766, 50.12635], [16.73377, 50.12017], [16.72907, 50.11688], [16.72719, 50.1097], [16.72316, 50.10667], [16.72388, 50.10525], [16.71978, 50.10251], [16.71127, 50.09974], [16.70603, 50.09658], [16.70355, 50.09633], [16.68871, 50.09861], [16.68218, 50.10098], [16.67805, 50.10377], [16.66466, 50.10611], [16.66092, 50.108], [16.65349, 50.10979], [16.64127, 50.11217], [16.63361, 50.11134], [16.63195, 50.11481], [16.62904, 50.11622], [16.62517, 50.12102], [16.61982, 50.12196], [16.61396, 50.12511], [16.61282, 50.12784], [16.61353, 50.13143], [16.61142, 50.13283], [16.60351, 50.13401], [16.59945, 50.13849], [16.59532, 50.14047], [16.58937, 50.1401], [16.58008, 50.14242], [16.58046, 50.14362], [16.58467, 50.14565], [16.5802, 50.14864], [16.58542, 50.15227], [16.57783, 50.15526], [16.57894, 50.15684], [16.57836, 50.15768], [16.56853, 50.16043], [16.56378, 50.16329], [16.56166, 50.16339], [16.56016, 50.16802], [16.55783, 50.17058], [16.55825, 50.17398], [16.56147, 50.17594], [16.56382, 50.17976], [16.56044, 50.18411], [16.5571, 50.18484], [16.55693, 50.18587], [16.55887, 50.18693], [16.55888, 50.18912], [16.55792, 50.19184], [16.55441, 50.19569], [16.55699, 50.19955], [16.55593, 50.20307], [16.56126, 50.20545], [16.56169, 50.20761], [16.55849, 50.21009], [16.55819, 50.21352], [16.55492, 50.21359], [16.55343, 50.21496], [16.55676, 50.21705], [16.5573, 50.22045], [16.55143, 50.22282], [16.54946, 50.22518], [16.54957, 50.22769], [16.54831, 50.22976], [16.54524, 50.23003], [16.54062, 50.23383], [16.53873, 50.23694], [16.53754, 50.23728], [16.53757, 50.23898], [16.53286, 50.23871], [16.52919, 50.2376], [16.52287, 50.23935], [16.52196, 50.24103], [16.52107, 50.24057], [16.52054, 50.24197], [16.51702, 50.24328], [16.51282, 50.24742], [16.51433, 50.25162], [16.50847, 50.25275], [16.50671, 50.25548], [16.5081, 50.25763], [16.50626, 50.26029], [16.50354, 50.26089], [16.49749, 50.25984], [16.49372, 50.26351], [16.48973, 50.26423], [16.48899, 50.26855], [16.48695, 50.27076], [16.48333, 50.27065], [16.48193, 50.27141], [16.48012, 50.27706], [16.47261, 50.28364], [16.46667, 50.28687], [16.46631, 50.28795], [16.46813, 50.29021], [16.46474, 50.29295], [16.46459, 50.29568], [16.46199, 50.29635], [16.45898, 50.29892], [16.45558, 50.30004], [16.45459, 50.30222], [16.45184, 50.30396], [16.44818, 50.30501], [16.44624, 50.31037], [16.44399, 50.31311], [16.43797, 50.31643], [16.43652, 50.32101], [16.4313, 50.3247], [16.42584, 50.32531], [16.41905, 50.32423], [16.41077, 50.32456], [16.40533, 50.32014], [16.39926, 50.31919], [16.39301, 50.32352], [16.3907, 50.32337], [16.38323, 50.32881], [16.37519, 50.34228], [16.36465, 50.34686], [16.36216, 50.34973], [16.36116, 50.35364], [16.36589, 50.35731], [16.36562, 50.36316], [16.36803, 50.36696], [16.3636, 50.37068], [16.36491, 50.37395], [16.36066, 50.37955], [16.35721, 50.37996], [16.35254, 50.37861], [16.34852, 50.38065], [16.34181, 50.37787], [16.33734, 50.37824], [16.33382, 50.37991], [16.33067, 50.3799], [16.32627, 50.38211], [16.32263, 50.38197], [16.31986, 50.38053], [16.31689, 50.38018], [16.3087, 50.38312], [16.30468, 50.38259], [16.29924, 50.38076], [16.29875, 50.37861], [16.29342, 50.37395], [16.29335, 50.37154], [16.29156, 50.37009], [16.28651, 50.36757], [16.28171, 50.36701], [16.27863, 50.36744], [16.27665, 50.37333], [16.27685, 50.3762], [16.26826, 50.37909], [16.26594, 50.38161], [16.26563, 50.38309], [16.26739, 50.38674], [16.26305, 50.39356], [16.25979, 50.39441], [16.25065, 50.3935], [16.24738, 50.39619], [16.24735, 50.39823], [16.2519, 50.39969], [16.25193, 50.40233], [16.25385, 50.40316], [16.25292, 50.40564], [16.24662, 50.40731], [16.24162, 50.40967], [16.24168, 50.41138], [16.23811, 50.41408], [16.2302, 50.41218], [16.22195, 50.40804], [16.22184, 50.40692], [16.21805, 50.40788], [16.21681, 50.40896], [16.21447, 50.4091], [16.21047, 50.41124], [16.21136, 50.41369], [16.21411, 50.41469], [16.21201, 50.4185], [16.21216, 50.42136], [16.21007, 50.42429], [16.20984, 50.42679], [16.20396, 50.4296], [16.19828, 50.42884], [16.19571, 50.43213], [16.1963, 50.43352], [16.19868, 50.43473], [16.19883, 50.44178], [16.20403, 50.44635], [16.20501, 50.44865], [16.20977, 50.44947], [16.21296, 50.4517], [16.21972, 50.45186], [16.22142, 50.45089], [16.22195, 50.44947], [16.22057, 50.44851], [16.22081, 50.44626], [16.22398, 50.44208], [16.23046, 50.44273], [16.23188, 50.44348], [16.23094, 50.4447], [16.23363, 50.44601], [16.23406, 50.44869], [16.23053, 50.45074], [16.2304, 50.4536], [16.22037, 50.45789], [16.22214, 50.45838], [16.22428, 50.46073], [16.22613, 50.45983], [16.22738, 50.46038], [16.23127, 50.45951], [16.23141, 50.46026], [16.23525, 50.45991], [16.2363, 50.46079], [16.23543, 50.46352], [16.23175, 50.46616], [16.23354, 50.46682], [16.23659, 50.46555], [16.23795, 50.46529], [16.23817, 50.46586], [16.24337, 50.46306], [16.24568, 50.46452], [16.2557, 50.46762], [16.24932, 50.47194], [16.24908, 50.47351], [16.25156, 50.47534], [16.25514, 50.47646], [16.25871, 50.48017], [16.2648, 50.48005], [16.26858, 50.47588], [16.2702, 50.47679], [16.27471, 50.47658], [16.26964, 50.47958], [16.26851, 50.48291], [16.27109, 50.48327], [16.26999, 50.48398], [16.27146, 50.48467], [16.27375, 50.48406], [16.27346, 50.48254], [16.28237, 50.48103], [16.28372, 50.47984], [16.28854, 50.48091], [16.2941, 50.47919], [16.29974, 50.48521], [16.30163, 50.48937], [16.30049, 50.49148], [16.30463, 50.49099], [16.31043, 50.49247], [16.31241, 50.49411], [16.31208, 50.49717], [16.30944, 50.49937], [16.31093, 50.50269], [16.31029, 50.50515], [16.31153, 50.50613], [16.31823, 50.50778], [16.32074, 50.50759], [16.32564, 50.50493], [16.3325, 50.50352], [16.33425, 50.50192], [16.33425, 50.49977], [16.33815, 50.49969], [16.33863, 50.49858], [16.34235, 50.49745], [16.3438, 50.49584], [16.34776, 50.49654], [16.34837, 50.49933], [16.34943, 50.49835], [16.35162, 50.49798], [16.3563, 50.50048], [16.36035, 50.50122], [16.36596, 50.50591], [16.37394, 50.51637], [16.38669, 50.52034], [16.39449, 50.5261], [16.39959, 50.52724], [16.40178, 50.52989], [16.39677, 50.53328], [16.39824, 50.53454], [16.38739, 50.54198], [16.38754, 50.54259], [16.38968, 50.54241], [16.3965, 50.54388], [16.40221, 50.54653], [16.41093, 50.5479], [16.41065, 50.5564], [16.40836, 50.56138], [16.404, 50.56467], [16.4034, 50.56626], [16.40464, 50.56927], [16.416, 50.56847], [16.4211, 50.5692], [16.43191, 50.57315], [16.43501, 50.57534], [16.44491, 50.57957], [16.44332, 50.5865], [16.44096, 50.58765], [16.43804, 50.5922], [16.43375, 50.59506], [16.43181, 50.59853], [16.42758, 50.6005], [16.42295, 50.60633], [16.41853, 50.60869], [16.41278, 50.61013], [16.40496, 50.61732], [16.39446, 50.61873], [16.38038, 50.63036], [16.37813, 50.63443], [16.37948, 50.63665], [16.37369, 50.6366], [16.36506, 50.64486], [16.36521, 50.64664], [16.36408, 50.6475], [16.36132, 50.6484], [16.35607, 50.6467], [16.35122, 50.64785], [16.34988, 50.64917], [16.34941, 50.6525], [16.34399, 50.65733], [16.34308, 50.66151], [16.33968, 50.66248], [16.33387, 50.66253], [16.33183, 50.66376], [16.32213, 50.66659], [16.31666, 50.66463], [16.31381, 50.66446], [16.31275, 50.66231], [16.30498, 50.65906], [16.30026, 50.66084], [16.29471, 50.65981], [16.28759, 50.66077], [16.28411, 50.66045], [16.28184, 50.66138], [16.28131, 50.66396], [16.27958, 50.66561], [16.28024, 50.66749], [16.27944, 50.66821], [16.26862, 50.66728], [16.26331, 50.66829], [16.25836, 50.66712], [16.24626, 50.67025], [16.24226, 50.66965], [16.23481, 50.67157], [16.23024, 50.66771], [16.22698, 50.66215], [16.22509, 50.6555], [16.22148, 50.65151], [16.22122, 50.64385], [16.2203, 50.64347], [16.22094, 50.63977], [16.21901, 50.63831], [16.22052, 50.63648], [16.21736, 50.63335], [16.21405, 50.63212], [16.20087, 50.63171], [16.19881, 50.63064], [16.19439, 50.63039], [16.18797, 50.62731], [16.18417, 50.6272], [16.17938, 50.62866], [16.18016, 50.63364], [16.17747, 50.63593], [16.17696, 50.63965], [16.17037, 50.64528], [16.16358, 50.64687], [16.14838, 50.65334], [16.14193, 50.65209], [16.13949, 50.65078], [16.13721, 50.65213], [16.13447, 50.65612], [16.12794, 50.65756], [16.12583, 50.66058], [16.11634, 50.6604], [16.1135, 50.65952], [16.11298, 50.65862], [16.11125, 50.66094], [16.10554, 50.66204], [16.10368, 50.66336], [16.10077, 50.66251], [16.0998, 50.65869], [16.09506, 50.653], [16.09145, 50.65208], [16.08917, 50.6527], [16.08474, 50.64708], [16.08054, 50.64584], [16.07473, 50.64189], [16.06759, 50.63976], [16.06636, 50.63593], [16.0624, 50.6317], [16.0619, 50.62809], [16.05982, 50.62503], [16.05972, 50.62138], [16.05735, 50.61688], [16.05839, 50.61312], [16.05608, 50.6097], [16.05212, 50.61191], [16.04261, 50.61424], [16.02923, 50.6038], [16.02483, 50.59862], [16.01954, 50.60026], [16.01698, 50.60245], [16.0157, 50.60611], [16.01116, 50.60685], [16.00853, 50.6047], [16.00152, 50.60772], [15.99054, 50.61054], [15.98644, 50.61348], [15.98671, 50.61522], [15.99761, 50.62252], [16.00823, 50.62507], [16.01476, 50.62852], [16.02177, 50.63017], [16.01631, 50.63329], [16.00855, 50.63449], [16.00543, 50.64247], [16.00092, 50.64476], [16.00499, 50.64862], [16.00335, 50.65129], [16.00451, 50.65749], [16.0007, 50.66252], [16.00039, 50.66554], [15.99792, 50.66846], [15.99888, 50.67232], [15.99373, 50.67337], [15.99037, 50.67701], [15.98959, 50.67908], [15.9909, 50.68341], [15.98875, 50.68482], [15.96717, 50.69172], [15.96123, 50.69185], [15.9499, 50.69004], [15.94254, 50.68704], [15.93183, 50.68648], [15.92978, 50.68286], [15.92619, 50.68075], [15.91953, 50.6846], [15.91695, 50.68282], [15.91104, 50.68176], [15.90671, 50.67981], [15.88507, 50.67535], [15.88509, 50.6721], [15.88401, 50.67116], [15.87483, 50.67187], [15.86887, 50.67363], [15.86096, 50.67445], [15.8633, 50.6813], [15.85988, 50.68733], [15.85736, 50.69682], [15.85313, 50.70057], [15.85105, 50.70822], [15.84611, 50.70995], [15.84556, 50.71144], [15.84022, 50.7152], [15.8392, 50.7176], [15.82994, 50.72439], [15.83147, 50.72644], [15.83013, 50.72779], [15.83188, 50.73238], [15.83058, 50.73407], [15.83037, 50.73744], [15.83194, 50.74269], [15.82953, 50.74318], [15.81971, 50.74976], [15.81619, 50.75532], [15.81035, 50.755], [15.79914, 50.75248], [15.79147, 50.75265], [15.78876, 50.74675], [15.77922, 50.74227], [15.77192, 50.74235], [15.76534, 50.74384], [15.75977, 50.74356], [15.74839, 50.74024], [15.73978, 50.73594], [15.73433, 50.73617], [15.72852, 50.73939], [15.72337, 50.73979], [15.71468, 50.73738], [15.70571, 50.73726], [15.69525, 50.73994], [15.68864, 50.7428], [15.68865, 50.74448], [15.68392, 50.75261], [15.68027, 50.75474], [15.66769, 50.75675], [15.65929, 50.75986], [15.64858, 50.75952], [15.64674, 50.76066], [15.64188, 50.76073], [15.62613, 50.76478], [15.62211, 50.76519], [15.61643, 50.77234], [15.60366, 50.77631], [15.59113, 50.7769], [15.5882, 50.7782], [15.57875, 50.77897], [15.56402, 50.77612], [15.55845, 50.77685], [15.55429, 50.77891], [15.54565, 50.78046], [15.53899, 50.78013], [15.52431, 50.777], [15.51226, 50.78847], [15.511, 50.79081], [15.49366, 50.78823], [15.48828, 50.79014], [15.48053, 50.79084], [15.47348, 50.79675], [15.46903, 50.79805], [15.46372, 50.80095], [15.45465, 50.80238], [15.45094, 50.80408], [15.45024, 50.80711], [15.44373, 50.80782], [15.43953, 50.80906], [15.4254, 50.80633], [15.42083, 50.80324], [15.41895, 50.80055], [15.41853, 50.79774], [15.41586, 50.79563], [15.41506, 50.79278], [15.41276, 50.79168], [15.40907, 50.78681], [15.4042, 50.78363], [15.40358, 50.78224], [15.39646, 50.7786], [15.39413, 50.77655], [15.38516, 50.77548], [15.38043, 50.778], [15.37476, 50.77762], [15.36982, 50.78115], [15.37345, 50.78478], [15.37186, 50.78706], [15.37406, 50.78911], [15.37154, 50.79251], [15.37249, 50.79577], [15.36618, 50.80207], [15.36869, 50.80535], [15.37291, 50.80638], [15.37401, 50.80736], [15.37396, 50.80795], [15.37202, 50.80818], [15.37408, 50.81181], [15.37004, 50.81436], [15.37198, 50.81913], [15.3761, 50.82115], [15.37218, 50.82357], [15.37224, 50.82592], [15.36928, 50.83214], [15.37, 50.834], [15.36732, 50.83659], [15.36734, 50.83803], [15.36031, 50.84226], [15.36049, 50.84374], [15.35873, 50.84484], [15.35828, 50.84716], [15.35306, 50.85033], [15.35374, 50.85138], [15.35251, 50.85167], [15.35207, 50.85059], [15.35014, 50.85085], [15.35009, 50.85191], [15.34813, 50.85168], [15.34866, 50.85233], [15.34679, 50.85248], [15.34561, 50.85412], [15.34491, 50.85289], [15.34298, 50.85344], [15.34391, 50.85429], [15.34256, 50.85467], [15.34292, 50.85532], [15.34088, 50.85465], [15.33896, 50.85607], [15.34013, 50.85658], [15.33846, 50.85723], [15.33735, 50.85608], [15.33482, 50.85593], [15.33294, 50.8572], [15.33105, 50.85651], [15.32959, 50.85726], [15.32963, 50.85634], [15.32767, 50.85747], [15.32869, 50.85898], [15.32642, 50.8581], [15.32472, 50.8591], [15.32386, 50.8586], [15.32234, 50.85922], [15.32211, 50.86012], [15.31967, 50.85931], [15.31857, 50.86037], [15.31489, 50.85973], [15.31489, 50.86037], [15.31302, 50.8608], [15.31176, 50.86021], [15.29241, 50.87632], [15.28987, 50.8817], [15.27706, 50.89102], [15.27756, 50.89368], [15.27618, 50.89682], [15.27686, 50.89926], [15.27392, 50.90428], [15.27327, 50.9076], [15.27032, 50.91128], [15.27075, 50.91558], [15.2679, 50.9177], [15.26692, 50.92028], [15.26759, 50.92335], [15.26972, 50.92546], [15.26785, 50.9325], [15.27008, 50.93598], [15.27731, 50.93908], [15.27862, 50.94185], [15.28872, 50.9463], [15.29003, 50.94742], [15.29062, 50.9514], [15.29224, 50.95264], [15.28811, 50.958], [15.28503, 50.95967], [15.27544, 50.96143], [15.27389, 50.96291], [15.27721, 50.97163], [15.27408, 50.97955], [15.26756, 50.97929], [15.25399, 50.98108], [15.25125, 50.98097], [15.24845, 50.97967], [15.24577, 50.98191], [15.24347, 50.9826], [15.2432, 50.98392], [15.24103, 50.98413], [15.2393, 50.98601], [15.2433, 50.9884], [15.23866, 50.9906], [15.24005, 50.99174], [15.23718, 50.99457], [15.24233, 50.99695], [15.23656, 50.99867], [15.23282, 50.99805], [15.22772, 50.99601], [15.2185, 50.99549], [15.21286, 50.99201], [15.20954, 50.99168], [15.20731, 50.99273], [15.20431, 50.99251], [15.19661, 50.98833], [15.20003, 50.98401], [15.19184, 50.98055], [15.18935, 50.98019], [15.18313, 50.9827], [15.17985, 50.98302], [15.17828, 50.98467], [15.17133, 50.98651], [15.1755, 50.98867], [15.17578, 50.99198], [15.17721, 50.99346], [15.17586, 50.9947], [15.17475, 50.99885], [15.17483, 51.01029], [15.17185, 51.02003], [15.16944, 51.01989], [15.16825, 51.01852], [15.16116, 51.01635], [15.15262, 51.01431], [15.14437, 51.01337], [15.14522, 51.01249], [15.1421, 51.0107], [15.14242, 51.00766], [15.13511, 50.99931], [15.13311, 50.99389], [15.14079, 50.99361], [15.14232, 50.99303], [15.14211, 50.99132], [15.13607, 50.99173], [15.129, 50.99013], [15.12345, 50.99286], [15.12192, 50.99259], [15.12076, 50.99332], [15.11488, 50.99207], [15.11035, 50.99154], [15.10892, 50.99216], [15.10516, 50.99138], [15.10269, 50.99346], [15.10079, 50.99397], [15.10077, 50.99594], [15.09904, 50.99713], [15.09934, 50.99898], [15.09679, 51.00293], [15.09963, 51.00428], [15.10019, 51.00565], [15.10438, 51.00606], [15.10618, 51.00706], [15.10744, 51.00832], [15.1067, 51.01037], [15.09841, 51.01323], [15.09378, 51.0125], [15.09259, 51.01365], [15.08614, 51.01401], [15.08506, 51.01476], [15.08419, 51.01347], [15.07952, 51.01389], [15.07683, 51.01341], [15.0772, 51.0163], [15.07595, 51.01719], [15.07378, 51.01669], [15.07297, 51.01774], [15.06933, 51.01768], [15.06785, 51.02115], [15.06581, 51.0218], [15.06383, 51.02151], [15.061, 51.0229], [15.05772, 51.02251], [15.057, 51.01779], [15.05789, 51.01369], [15.05566, 51.01198], [15.04489, 51.01167], [15.03544, 51.01284], [15.03289, 51.01552], [15.03385, 51.01705], [15.03519, 51.01674], [15.03297, 51.01845], [15.03359, 51.01967], [15.03256, 51.0215], [15.03124, 51.02092], [15.03145, 51.02172], [15.02998, 51.02195], [15.02875, 51.0213], [15.02921, 51.02202], [15.02673, 51.02204], [15.02728, 51.02317], [15.0251, 51.0225], [15.02419, 51.02322], [15.02267, 51.02243], [15.02162, 51.02283], [15.02187, 51.02201], [15.02025, 51.02312], [15.01892, 51.02208], [15.01647, 51.02181], [15.01432, 51.01599], [15.00899, 51.01547], [15.0037, 51.012], [14.99847, 51.01091], [14.99724, 51.00921], [14.99083, 51.01086], [14.98542, 51.01084], [14.98384, 51.00651], [14.97832, 51.00175], [14.96824, 50.99001], [14.97416, 50.98792], [14.98893, 50.97803], [14.99188, 50.98134], [14.99996, 50.98357], [15.00056, 50.98456], [15.00592, 50.98656], [15.01102, 50.98169], [15.01506, 50.97224], [15.01887, 50.96999], [15.02171, 50.96707], [15.02042, 50.96613], [15.01729, 50.9668], [15.01632, 50.96558], [15.01075, 50.96298], [15.01135, 50.95861], [15.01528, 50.95027], [15.013, 50.9436], [15.01434, 50.93983], [15.01038, 50.93806], [15.00778, 50.93586], [15.00173, 50.92873], [14.99541, 50.92706], [14.98945, 50.92164], [14.99177, 50.91829], [14.99463, 50.91646], [14.9949, 50.91511], [14.99847, 50.91356], [14.99818, 50.90781], [14.99915, 50.90683], [14.99992, 50.90624], [15.00366, 50.90777], [15.00682, 50.90723], [14.99618, 50.90064], [14.99661, 50.89492], [14.99398, 50.89182], [14.9977, 50.8897], [14.9985, 50.8878], [15.00015, 50.87877], [15.00235, 50.87452], [15.00193, 50.86878], [14.99932, 50.86854], [14.99525, 50.86966], [14.98669, 50.8693], [14.98246, 50.86777], [14.97705, 50.86748], [14.97044, 50.86429], [14.96285, 50.86208], [14.95925, 50.86193], [14.94804, 50.86423], [14.93736, 50.86941], [14.90168, 50.87587], [14.90017, 50.87596], [14.89728, 50.86736], [14.88212, 50.87483], [14.87385, 50.87716], [14.86708, 50.87723], [14.86379, 50.87051], [14.85542, 50.86874], [14.85287, 50.86866], [14.84702, 50.87025], [14.84055, 50.86904], [14.8312, 50.87289], [14.82336, 50.87057], [14.81939, 50.87407], [14.81743, 50.87932], [14.81913, 50.88422], [14.82145, 50.88726], [14.82997, 50.89312], [14.83529, 50.89527], [14.84388, 50.90099], [14.85154, 50.91051], [14.85683, 50.91213], [14.86125, 50.91531], [14.86814, 50.91792], [14.87177, 50.92263], [14.87193, 50.92545], [14.87636, 50.93203], [14.87881, 50.93308], [14.89123, 50.93535], [14.89667, 50.94079], [14.89673, 50.94253], [14.89494, 50.94479], [14.89549, 50.94712], [14.893, 50.94985], [14.89565, 50.95352], [14.89766, 50.95945], [14.9038, 50.96103], [14.90377, 50.96164], [14.89959, 50.96334], [14.90402, 50.96743], [14.90306, 50.97162], [14.91748, 50.97392], [14.91955, 50.97556], [14.91831, 50.98276], [14.92034, 50.98791], [14.91749, 50.98999], [14.91724, 50.99546], [14.92028, 50.99782], [14.92494, 50.99662], [14.92913, 50.99805], [14.93052, 51.00135], [14.93493, 51.00609], [14.93444, 51.00786], [14.93799, 51.01135], [14.93931, 51.01707], [14.93553, 51.01831], [14.93516, 51.02026], [14.9375, 51.02099], [14.9376, 51.02221], [14.93997, 51.02068], [14.94055, 51.02195], [14.93923, 51.02354], [14.94036, 51.02397], [14.94192, 51.02312], [14.94245, 51.02361], [14.94035, 51.0263], [14.94564, 51.02646], [14.94768, 51.02833], [14.94766, 51.03013], [14.94913, 51.03042], [14.9489, 51.03141], [14.94696, 51.03101], [14.94656, 51.03167], [14.95185, 51.03767], [14.94824, 51.03945], [14.94825, 51.04049], [14.94985, 51.041], [14.94855, 51.04267], [14.95058, 51.04348], [14.95189, 51.04242], [14.95385, 51.0468], [14.95792, 51.04679], [14.95963, 51.04745], [14.96058, 51.04914], [14.96188, 51.0492], [14.96148, 51.05001], [14.96468, 51.05011], [14.96312, 51.05424], [14.96448, 51.0552], [14.96251, 51.05576], [14.96374, 51.0568], [14.963, 51.05791], [14.96472, 51.0589], [14.96878, 51.06488], [14.97129, 51.06562], [14.9699, 51.06755], [14.9716, 51.06934], [14.9693, 51.06996], [14.96819, 51.06948], [14.96768, 51.07112], [14.96884, 51.07211], [14.97188, 51.07256], [14.97307, 51.07437], [14.97517, 51.07462], [14.97571, 51.07604], [14.97768, 51.0761], [14.97945, 51.07717], [14.9781, 51.07883], [14.97875, 51.08045], [14.97677, 51.08177], [14.97784, 51.08325], [14.97604, 51.08417], [14.97763, 51.08567], [14.97635, 51.0871], [14.97726, 51.08765], [14.97982, 51.08707], [14.97991, 51.08995], [14.98267, 51.08979], [14.984, 51.0911], [14.98376, 51.0923], [14.98182, 51.0934], [14.98265, 51.0951], [14.98018, 51.09592], [14.98119, 51.09715], [14.98383, 51.09731], [14.98273, 51.09928], [14.98425, 51.10083], [14.9839, 51.10237], [14.98227, 51.10362], [14.98234, 51.10481], [14.97844, 51.10676], [14.97812, 51.10792], [14.98122, 51.10901], [14.97985, 51.1104], [14.98185, 51.11157], [14.98262, 51.11334], [14.98083, 51.11604], [14.98316, 51.11788], [14.98507, 51.11642], [14.98886, 51.11648], [14.99659, 51.12093], [14.99776, 51.12252], [14.99476, 51.12385], [14.99517, 51.12853], [14.99678, 51.13168], [14.99525, 51.13729], [14.99025, 51.14244], [14.99177, 51.14354], [14.99465, 51.14332], [14.99638, 51.14404], [15.00094, 51.15003], [14.99819, 51.15423], [14.99416, 51.15743], [14.99314, 51.16245], [15.00508, 51.16773], [15.00464, 51.16963], [15.00147, 51.17215], [15.00473, 51.17545], [15.00516, 51.1784], [15.00821, 51.18002], [15.00891, 51.18219], [15.00471, 51.19097], [15.0057, 51.1919], [15.01025, 51.19278], [15.01106, 51.19431], [15.01433, 51.19582], [15.01369, 51.19857], [15.00774, 51.19952], [15.00877, 51.20146], [15.00761, 51.20456], [15.01298, 51.20836], [15.01301, 51.21097], [15.00997, 51.21141], [15.00982, 51.21352], [15.01056, 51.21411], [15.01593, 51.21423], [15.01718, 51.21497], [15.01595, 51.21688], [15.01821, 51.22141], [15.01665, 51.22346], [15.01752, 51.22501], [15.01609, 51.2273], [15.02136, 51.22867], [15.023, 51.23086], [15.02585, 51.23183], [15.02689, 51.23384], [15.02429, 51.23409], [15.02351, 51.23525], [15.02893, 51.23721], [15.02679, 51.23945], [15.02841, 51.24153], [15.02959, 51.24189], [15.03213, 51.2406], [15.03788, 51.24393], [15.03699, 51.24542], [15.03159, 51.24806], [15.02992, 51.25123], [15.02776, 51.25132], [15.02644, 51.249], [15.02324, 51.25038], [15.02501, 51.2539], [15.03007, 51.25457], [15.03067, 51.25669], [15.03198, 51.25735], [15.03808, 51.25821], [15.0361, 51.26175], [15.03593, 51.26442], [15.03824, 51.26699], [15.03689, 51.27053], [15.04059, 51.27151], [15.0419, 51.27308], [15.04156, 51.27437], [15.03761, 51.27555], [15.03668, 51.27712], [15.03431, 51.27752], [15.03528, 51.28334], [15.03239, 51.28494], [15.03204, 51.2874], [15.03348, 51.29399], [15.02971, 51.29454], [15.02926, 51.29675], [15.02689, 51.2973], [15.02236, 51.30042], [15.01823, 51.30151], [15.01211, 51.30117], [15.01399, 51.30467], [15.0126, 51.30858], [15.01141, 51.30966], [15.00764, 51.31018], [15.00667, 51.31158], [15.00933, 51.31434], [15.0091, 51.31684], [15.00557, 51.31717], [15.00291, 51.32015], [14.99762, 51.32042], [14.99396, 51.32242], [14.99229, 51.32408], [14.99392, 51.32734], [14.99308, 51.32871], [14.98625, 51.32914], [14.98572, 51.33253], [14.98182, 51.33436], [14.98046, 51.33723], [14.98068, 51.33982], [14.97771, 51.34165], [14.97695, 51.34588], [14.97851, 51.34795], [14.97692, 51.35117], [14.97745, 51.3531], [14.97572, 51.35423], [14.97633, 51.35706], [14.97265, 51.35986], [14.96614, 51.35951], [14.96503, 51.36173], [14.96608, 51.36254], [14.96897, 51.36253], [14.97085, 51.36372], [14.97479, 51.36401], [14.98267, 51.36319], [15.0072, 51.3642], [15.01235, 51.36341], [15.01281, 51.36794], [15.00904, 51.3742], [15.0134, 51.38433], [15.0182, 51.38662], [15.01793, 51.39346], [15.02562, 51.39312], [15.05818, 51.39671], [15.06736, 51.39641], [15.07116, 51.39698], [15.07796, 51.40178], [15.08299, 51.40795], [15.08284, 51.41872], [15.08506, 51.42047], [15.08509, 51.42523], [15.08761, 51.42603], [15.08793, 51.42726], [15.09273, 51.42949], [15.09537, 51.42536], [15.10952, 51.42778], [15.11176, 51.42844], [15.11093, 51.4298], [15.11864, 51.43174], [15.12063, 51.43391], [15.12771, 51.43567], [15.12974, 51.43795], [15.1391, 51.44022], [15.14457, 51.44064], [15.15056, 51.44243], [15.15314, 51.4461], [15.15788, 51.4487], [15.1648, 51.45078], [15.17823, 51.45969], [15.18712, 51.46404], [15.19051, 51.46395], [15.19712, 51.46233], [15.20191, 51.46329], [15.20242, 51.46284], [15.20217, 51.45993], [15.20366, 51.45853], [15.2035, 51.45739], [15.20135, 51.45584], [15.20273, 51.4535], [15.20219, 51.45194], [15.19989, 51.44936], [15.20148, 51.44881], [15.20013, 51.44801], [15.20092, 51.44606], [15.20996, 51.4441], [15.21397, 51.44472], [15.22073, 51.44451], [15.24357, 51.4463], [15.25211, 51.44908], [15.2549, 51.4454], [15.26001, 51.44385], [15.26203, 51.44404], [15.26476, 51.44225], [15.26787, 51.44141], [15.26998, 51.43895], [15.27197, 51.43836], [15.27263, 51.43279], [15.27552, 51.4298], [15.28973, 51.43137], [15.28923, 51.42935], [15.29192, 51.42625], [15.29278, 51.42315], [15.29833, 51.42009], [15.31519, 51.41767], [15.31838, 51.41467], [15.31829, 51.41282], [15.3211, 51.41085], [15.32165, 51.4083], [15.32738, 51.40775], [15.33366, 51.4099], [15.32453, 51.41835], [15.3284, 51.422], [15.32837, 51.42956], [15.34329, 51.44695], [15.33366, 51.4516], [15.33941, 51.47409], [15.34686, 51.4716], [15.36197, 51.47104], [15.37249, 51.46966], [15.37879, 51.47001], [15.38205, 51.47214], [15.38022, 51.47387], [15.38015, 51.48114], [15.37821, 51.48183], [15.37561, 51.47911], [15.37278, 51.47892], [15.37063, 51.48012], [15.36929, 51.48578], [15.37147, 51.48836], [15.36706, 51.49288], [15.36701, 51.49396], [15.36907, 51.49643], [15.36908, 51.50116], [15.37122, 51.50789], [15.37423, 51.50974], [15.37733, 51.50884], [15.37784, 51.51064], [15.38275, 51.51208], [15.38296, 51.51263], [15.38017, 51.51312], [15.38027, 51.51443], [15.38298, 51.51521], [15.38187, 51.51604], [15.38469, 51.51838], [15.38516, 51.5279], [15.39433, 51.52912], [15.39351, 51.53023], [15.39658, 51.53103], [15.40101, 51.52724], [15.40581, 51.51959], [15.40696, 51.52047], [15.41759, 51.52292], [15.43493, 51.52497], [15.43696, 51.52733], [15.45011, 51.52596], [15.45001, 51.52512], [15.45238, 51.52463], [15.45763, 51.52106], [15.46249, 51.52227], [15.47059, 51.51823], [15.46921, 51.51457], [15.48227, 51.51297], [15.4858, 51.51361], [15.48408, 51.52353], [15.48557, 51.52145], [15.48826, 51.52244], [15.48766, 51.52756], [15.59208, 51.4708], [15.59594, 51.46955], [15.59354, 51.46598], [15.59025, 51.46447], [15.59284, 51.4624], [15.58728, 51.46025], [15.58824, 51.45948], [15.58686, 51.45711], [15.58784, 51.45675], [15.58672, 51.45553], [15.58299, 51.45581], [15.58088, 51.45308], [15.58607, 51.45182], [15.58602, 51.44981], [15.58802, 51.45064], [15.59089, 51.44893], [15.59238, 51.44941], [15.59157, 51.45103], [15.5928, 51.45205], [15.59708, 51.45148], [15.59661, 51.45041], [15.59958, 51.44561], [15.60158, 51.44808], [15.61674, 51.4602], [15.62346, 51.46351], [15.62406, 51.47199], [15.62887, 51.47064], [15.62898, 51.47216], [15.63446, 51.47211], [15.6346, 51.47884], [15.64591, 51.47908], [15.64702, 51.476], [15.64879, 51.47672], [15.65234, 51.47297], [15.65601, 51.4724], [15.66419, 51.48271], [15.66368, 51.48494], [15.6592, 51.48812], [15.66733, 51.48885], [15.66763, 51.49898], [15.67311, 51.49892], [15.67328, 51.50569], [15.67881, 51.50563], [15.67893, 51.51238], [15.70097, 51.51248], [15.69926, 51.5158], [15.7006, 51.51739], [15.71403, 51.51741], [15.71407, 51.52164], [15.71296, 51.52308], [15.71081, 51.52366], [15.71201, 51.52591], [15.71084, 51.5295], [15.71252, 51.53196], [15.71146, 51.53299], [15.71267, 51.53465], [15.71231, 51.54655], [15.70316, 51.54643], [15.70282, 51.55191], [15.70465, 51.55198], [15.70598, 51.55292], [15.70639, 51.55453], [15.70378, 51.55706], [15.72352, 51.5522], [15.74015, 51.55526], [15.7407, 51.55593], [15.7428, 51.55582], [15.76981, 51.56963], [15.80774, 51.5734], [15.81061, 51.57281], [15.82362, 51.57274], [15.81581, 51.60292], [15.81823, 51.60287], [15.81826, 51.60416], [15.82157, 51.60724], [15.82278, 51.61307], [15.82755, 51.61595], [15.83404, 51.62222], [15.83004, 51.63699], [15.83755, 51.64486], [15.85724, 51.65042], [15.85569, 51.65155], [15.85618, 51.65729], [15.85455, 51.65888], [15.85158, 51.6602], [15.8427, 51.66124], [15.84511, 51.66423], [15.84971, 51.6652], [15.84125, 51.66742], [15.83426, 51.67219], [15.83654, 51.67346], [15.8448, 51.67541], [15.84247, 51.68164], [15.84695, 51.68181], [15.85254, 51.68394], [15.85331, 51.68691], [15.85538, 51.68818], [15.85494, 51.68884], [15.86448, 51.69025], [15.86479, 51.68923], [15.86853, 51.6888], [15.86864, 51.69109], [15.86667, 51.69155], [15.86424, 51.69108], [15.86235, 51.69252], [15.86563, 51.69261], [15.8646, 51.69853], [15.86261, 51.70182], [15.8659, 51.7022], [15.86507, 51.70699], [15.86818, 51.70662], [15.86713, 51.70689], [15.86953, 51.71966], [15.87182, 51.72074], [15.87686, 51.71899], [15.88239, 51.7199], [15.88764, 51.72355], [15.89151, 51.72879], [15.89468, 51.73032], [15.90109, 51.73035], [15.90414, 51.72959], [15.91243, 51.72554], [15.92189, 51.72968], [15.92657, 51.72964], [15.92972, 51.73771], [15.93819, 51.737], [15.94001, 51.73583], [15.94173, 51.73668], [15.94391, 51.73551], [15.9465, 51.73646], [15.95211, 51.73393], [15.95451, 51.73616], [15.96318, 51.73366], [15.96403, 51.73734], [15.9592, 51.73947], [15.96145, 51.74044], [15.96012, 51.74091], [15.96112, 51.74187], [15.9608, 51.74358], [15.96533, 51.74389], [15.96774, 51.74524], [15.97338, 51.7439], [15.98009, 51.74532], [15.97371, 51.74635], [15.97658, 51.74812], [15.96874, 51.76838], [15.97706, 51.76814], [15.97677, 51.76913], [15.97999, 51.77368], [15.98902, 51.76923], [16.00819, 51.77336], [16.00696, 51.77385], [16.00857, 51.77571], [16.00431, 51.77982], [16.0028, 51.77941], [16.00342, 51.77834], [15.99841, 51.77716], [15.99764, 51.77816], [15.99507, 51.77809], [15.99415, 51.77899], [15.99243, 51.77863], [15.99288, 51.77817], [15.98227, 51.7785], [15.98242, 51.7794], [15.98009, 51.77949], [15.98018, 51.78015], [15.97729, 51.78158], [15.97187, 51.78253], [15.97184, 51.78456], [15.97004, 51.78467], [15.9663, 51.79216], [15.96854, 51.79492], [15.97148, 51.79442], [15.97725, 51.79591], [15.98044, 51.79914], [15.98216, 51.79939], [15.98212, 51.80064], [15.97924, 51.80231], [15.99482, 51.80475], [15.99622, 51.80123], [16.00135, 51.80365], [16.00391, 51.80053], [16.00954, 51.80143], [16.00919, 51.80207], [16.01787, 51.80132], [16.02177, 51.80192], [16.02173, 51.80274], [16.02895, 51.80245], [16.03494, 51.79538], [16.03402, 51.78504], [16.03524, 51.78168], [16.0399, 51.78074], [16.0404, 51.78216], [16.04353, 51.78375], [16.05396, 51.78172], [16.07005, 51.78267], [16.07266, 51.77765], [16.07781, 51.77699], [16.07863, 51.77283], [16.08048, 51.77316], [16.09205, 51.77017], [16.09147, 51.76837], [16.0996, 51.76616], [16.10076, 51.76743], [16.11634, 51.7636], [16.11836, 51.76568], [16.13396, 51.7652], [16.13347, 51.75833], [16.13583, 51.7595], [16.15171, 51.76011], [16.15706, 51.75883], [16.16059, 51.75889], [16.16515, 51.75987], [16.17261, 51.76387], [16.17762, 51.76397], [16.16174, 51.71825], [16.15862, 51.71795], [16.15825, 51.71596], [16.16123, 51.7155], [16.16004, 51.71178], [16.16651, 51.70952], [16.17233, 51.70919], [16.17349, 51.71216], [16.18306, 51.71152], [16.18194, 51.71287], [16.18538, 51.71598], [16.18903, 51.71525], [16.19123, 51.71607], [16.19485, 51.71556], [16.19526, 51.71643], [16.19957, 51.71816], [16.20163, 51.71721], [16.20238, 51.71437], [16.20588, 51.7151], [16.21008, 51.71419], [16.21611, 51.71401], [16.21759, 51.7146], [16.2187, 51.71007], [16.22782, 51.69875], [16.2236, 51.69667], [16.22329, 51.69542], [16.23804, 51.68845], [16.25166, 51.68616], [16.25339, 51.68448], [16.25539, 51.6793], [16.26529, 51.6731], [16.26756, 51.66665], [16.2701, 51.66354], [16.2713, 51.66843], [16.27534, 51.67249], [16.26793, 51.67743], [16.26915, 51.68454], [16.2765, 51.68721], [16.27642, 51.68832], [16.29963, 51.69004], [16.29731, 51.69465], [16.30223, 51.69535], [16.30338, 51.69662], [16.30267, 51.69849], [16.31729, 51.70259], [16.32653, 51.70205], [16.33299, 51.70489], [16.33825, 51.70591], [16.34003, 51.70883], [16.34691, 51.70888], [16.35014, 51.71077], [16.34789, 51.71251], [16.35082, 51.71439], [16.35046, 51.71583], [16.35211, 51.71659], [16.35368, 51.71546], [16.35595, 51.71603], [16.3599, 51.71947], [16.35893, 51.72069], [16.36618, 51.72559], [16.36778, 51.72833], [16.36931, 51.72883], [16.36627, 51.73222], [16.36705, 51.73337], [16.36163, 51.73594], [16.36264, 51.74083], [16.36172, 51.74153], [16.36371, 51.74248], [16.36557, 51.74148], [16.36663, 51.74307], [16.37073, 51.74503], [16.37259, 51.74967], [16.37385, 51.75088], [16.37543, 51.75025], [16.37797, 51.75304], [16.37632, 51.75568], [16.37704, 51.75683], [16.37592, 51.75982], [16.37651, 51.76263], [16.37949, 51.76577], [16.37715, 51.76718], [16.38031, 51.76793], [16.38326, 51.77044], [16.39517, 51.76722], [16.39826, 51.77056], [16.40817, 51.77289], [16.40835, 51.77498], [16.41103, 51.77882], [16.40864, 51.77999], [16.41684, 51.78275], [16.41619, 51.78487], [16.42451, 51.78531], [16.43034, 51.78472], [16.44888, 51.78801], [16.4552, 51.78698], [16.45783, 51.78528], [16.46387, 51.78406], [16.46896, 51.786], [16.47716, 51.78573], [16.4845, 51.78229], [16.49241, 51.7814], [16.51415, 51.78169], [16.5279, 51.78084], [16.54047, 51.78149], [16.54529, 51.78007], [16.54189, 51.77613], [16.54405, 51.774], [16.54107, 51.77073], [16.54215, 51.76951], [16.54047, 51.76669]]]}}, {"type": "Feature", "properties": {"kod": "04", "nazwa": "kujawsko-pomorskie"}, "geometry": {"type": "Polygon", "coordinates": [[[18.34296, 53.69225], [18.3483, 53.69202], [18.34874, 53.69085], [18.35186, 53.6913], [18.35191, 53.69068], [18.34896, 53.68956], [18.35006, 53.68906], [18.35187, 53.6898], [18.35201, 53.68863], [18.354, 53.6874], [18.35734, 53.68919], [18.35847, 53.68878], [18.35701, 53.68767], [18.35855, 53.68818], [18.36107, 53.68762], [18.36434, 53.68964], [18.37973, 53.68852], [18.42021, 53.69196], [18.41852, 53.68722], [18.45566, 53.69366], [18.45506, 53.68652], [18.46021, 53.68638], [18.46494, 53.68743], [18.46845, 53.68974], [18.46926, 53.69514], [18.46768, 53.69528], [18.47166, 53.70109], [18.4681, 53.70183], [18.47038, 53.70369], [18.47195, 53.70286], [18.47582, 53.70372], [18.48103, 53.7022], [18.49021, 53.70207], [18.49238, 53.70165], [18.4942, 53.69921], [18.50469, 53.70091], [18.50811, 53.69991], [18.51583, 53.70403], [18.52323, 53.69148], [18.51897, 53.68928], [18.51246, 53.68896], [18.51447, 53.68096], [18.5253, 53.67892], [18.52977, 53.67916], [18.53298, 53.67543], [18.5303, 53.67451], [18.52911, 53.67494], [18.52886, 53.67299], [18.53116, 53.67202], [18.53062, 53.67122], [18.53226, 53.66941], [18.53117, 53.66896], [18.53007, 53.66981], [18.5283, 53.66833], [18.53387, 53.66647], [18.53616, 53.66925], [18.54006, 53.66635], [18.54342, 53.6664], [18.54518, 53.66446], [18.54391, 53.66209], [18.54594, 53.65969], [18.55063, 53.65592], [18.55511, 53.65509], [18.56259, 53.65811], [18.5802, 53.65786], [18.58339, 53.65935], [18.5843, 53.66111], [18.58242, 53.66624], [18.578, 53.66899], [18.56914, 53.67174], [18.56709, 53.67334], [18.5709, 53.6754], [18.57546, 53.67718], [18.57872, 53.67741], [18.58559, 53.67358], [18.59218, 53.67249], [18.59888, 53.67262], [18.6095, 53.67061], [18.61951, 53.6734], [18.62998, 53.67443], [18.63454, 53.67741], [18.63733, 53.67738], [18.63862, 53.68065], [18.64291, 53.68299], [18.65518, 53.69364], [18.65356, 53.69483], [18.6634, 53.69655], [18.66869, 53.69473], [18.67023, 53.693], [18.67811, 53.69075], [18.68785, 53.69914], [18.69655, 53.69995], [18.69519, 53.69437], [18.69593, 53.69232], [18.70843, 53.68655], [18.71147, 53.68604], [18.71904, 53.68851], [18.72525, 53.68545], [18.7255, 53.68376], [18.73108, 53.68446], [18.73399, 53.686], [18.74101, 53.69277], [18.74419, 53.69218], [18.74345, 53.68882], [18.74483, 53.68689], [18.74884, 53.68569], [18.74821, 53.68724], [18.74981, 53.68848], [18.75084, 53.6881], [18.75317, 53.69036], [18.75121, 53.69079], [18.75066, 53.69261], [18.75298, 53.69271], [18.75259, 53.69335], [18.75776, 53.69627], [18.76186, 53.69637], [18.7649, 53.69807], [18.76279, 53.69894], [18.76399, 53.69947], [18.76708, 53.69938], [18.76823, 53.69998], [18.76953, 53.699], [18.77056, 53.70007], [18.76976, 53.70054], [18.77153, 53.70085], [18.7713, 53.69973], [18.77268, 53.69959], [18.77796, 53.7015], [18.77873, 53.70079], [18.78237, 53.70399], [18.78897, 53.70211], [18.78237, 53.69524], [18.77438, 53.68051], [18.76991, 53.6754], [18.75493, 53.66499], [18.74655, 53.65745], [18.74126, 53.65034], [18.73932, 53.64455], [18.73927, 53.63611], [18.74053, 53.63226], [18.75329, 53.61747], [18.76066, 53.60473], [18.76494, 53.60539], [18.76243, 53.61031], [18.76357, 53.61091], [18.76581, 53.61012], [18.76725, 53.60808], [18.76638, 53.60738], [18.76757, 53.60745], [18.76794, 53.60583], [18.77351, 53.60705], [18.82988, 53.6048], [18.84144, 53.60342], [18.84327, 53.60197], [18.84627, 53.60258], [18.85722, 53.60095], [18.85835, 53.60213], [18.86269, 53.60084], [18.87594, 53.59953], [18.88637, 53.59892], [18.89014, 53.5995], [18.89531, 53.59565], [18.90556, 53.59441], [18.90841, 53.59175], [18.90831, 53.58808], [18.90452, 53.58255], [18.90312, 53.57792], [18.907, 53.57756], [18.91053, 53.57778], [18.91506, 53.57948], [18.91921, 53.58541], [18.92478, 53.59104], [18.92675, 53.59168], [18.94205, 53.58815], [18.97396, 53.58904], [18.97681, 53.58737], [18.98727, 53.58989], [18.98883, 53.59505], [18.99457, 53.59545], [19.00897, 53.59203], [19.01223, 53.59238], [19.01874, 53.59097], [19.02205, 53.59199], [19.02467, 53.5906], [19.02645, 53.5915], [19.02457, 53.59315], [19.04043, 53.59418], [19.04261, 53.59547], [19.04977, 53.59668], [19.08151, 53.59708], [19.08521, 53.59822], [19.08724, 53.59728], [19.09664, 53.59672], [19.15622, 53.58176], [19.15874, 53.58189], [19.16134, 53.58414], [19.18204, 53.57903], [19.17979, 53.5779], [19.1847, 53.57611], [19.18513, 53.57509], [19.1965, 53.57178], [19.1997, 53.57006], [19.19651, 53.55885], [19.18925, 53.54777], [19.19524, 53.54395], [19.20788, 53.54809], [19.21061, 53.54292], [19.20849, 53.54242], [19.20879, 53.54135], [19.21084, 53.54191], [19.21355, 53.54082], [19.21403, 53.53877], [19.21155, 53.53803], [19.21427, 53.5346], [19.21378, 53.53191], [19.22004, 53.52864], [19.21884, 53.52426], [19.21074, 53.52471], [19.20428, 53.52308], [19.20185, 53.52092], [19.20174, 53.51914], [19.18948, 53.51532], [19.19166, 53.51409], [19.1892, 53.51156], [19.19394, 53.50778], [19.19565, 53.50834], [19.19513, 53.50682], [19.1971, 53.50505], [19.20011, 53.50425], [19.20157, 53.50249], [19.20131, 53.50015], [19.20585, 53.49666], [19.21573, 53.49389], [19.22582, 53.48854], [19.22649, 53.48638], [19.22528, 53.48642], [19.22412, 53.48473], [19.22324, 53.4804], [19.23073, 53.47683], [19.23269, 53.47195], [19.23359, 53.47177], [19.2326, 53.47127], [19.23505, 53.46984], [19.23664, 53.46753], [19.23123, 53.46545], [19.22954, 53.46409], [19.23022, 53.4634], [19.22907, 53.46306], [19.22909, 53.46159], [19.22587, 53.46115], [19.22644, 53.4598], [19.22468, 53.45861], [19.22653, 53.45673], [19.22432, 53.45663], [19.22583, 53.45314], [19.22878, 53.45357], [19.22965, 53.45252], [19.23411, 53.45307], [19.23753, 53.45538], [19.23868, 53.45536], [19.23793, 53.45675], [19.24101, 53.45662], [19.24149, 53.45744], [19.24393, 53.45784], [19.24364, 53.45937], [19.24649, 53.45526], [19.24168, 53.45302], [19.24567, 53.44403], [19.24217, 53.44312], [19.2427, 53.44191], [19.24101, 53.44172], [19.24097, 53.441], [19.24319, 53.44087], [19.24618, 53.43471], [19.25459, 53.43153], [19.24972, 53.42261], [19.23951, 53.41723], [19.2333, 53.42171], [19.2325, 53.42118], [19.23284, 53.41748], [19.23729, 53.4159], [19.23165, 53.41458], [19.23374, 53.41324], [19.24447, 53.41088], [19.24715, 53.40955], [19.24919, 53.40599], [19.25238, 53.40508], [19.25577, 53.40275], [19.25913, 53.39648], [19.27149, 53.39532], [19.28753, 53.3906], [19.29174, 53.38506], [19.29275, 53.38632], [19.29123, 53.38917], [19.29596, 53.39498], [19.29903, 53.39429], [19.3003, 53.3949], [19.2997, 53.39704], [19.30474, 53.39858], [19.30514, 53.40006], [19.30338, 53.40202], [19.30021, 53.40292], [19.29696, 53.40236], [19.2951, 53.39987], [19.29222, 53.39882], [19.29669, 53.40329], [19.30773, 53.40677], [19.30738, 53.41149], [19.31995, 53.41036], [19.3247, 53.40766], [19.32579, 53.40532], [19.32951, 53.40505], [19.34311, 53.40828], [19.34685, 53.40738], [19.35267, 53.40775], [19.3534, 53.40912], [19.35867, 53.40885], [19.36192, 53.41059], [19.36629, 53.41142], [19.36799, 53.41288], [19.3806, 53.41091], [19.383, 53.40951], [19.38128, 53.40742], [19.38222, 53.40583], [19.38614, 53.40335], [19.388, 53.40358], [19.38869, 53.3993], [19.39081, 53.39765], [19.38961, 53.39524], [19.39238, 53.39247], [19.38945, 53.39078], [19.39285, 53.38836], [19.39617, 53.38793], [19.39744, 53.3887], [19.39472, 53.39035], [19.39476, 53.39463], [19.39656, 53.39477], [19.39736, 53.39194], [19.39917, 53.39089], [19.40803, 53.39246], [19.41106, 53.39171], [19.40796, 53.38938], [19.4126, 53.38739], [19.41339, 53.38531], [19.41661, 53.38238], [19.41784, 53.37886], [19.44736, 53.37564], [19.4465, 53.3745], [19.44509, 53.3749], [19.44286, 53.37411], [19.4396, 53.3718], [19.43245, 53.36292], [19.42793, 53.361], [19.42733, 53.35991], [19.42877, 53.35924], [19.43426, 53.35776], [19.44084, 53.35888], [19.44685, 53.36089], [19.4538, 53.35958], [19.45575, 53.36027], [19.45799, 53.35969], [19.46288, 53.36478], [19.46558, 53.36538], [19.46648, 53.36994], [19.47004, 53.36993], [19.47319, 53.37163], [19.47596, 53.37006], [19.47808, 53.37156], [19.48148, 53.37144], [19.48202, 53.3704], [19.48026, 53.36828], [19.48182, 53.36836], [19.48187, 53.36737], [19.47857, 53.3622], [19.48144, 53.36034], [19.48463, 53.36], [19.49755, 53.36344], [19.50775, 53.36846], [19.50854, 53.37106], [19.51177, 53.37037], [19.51988, 53.37026], [19.51827, 53.36477], [19.51831, 53.35854], [19.5208, 53.35971], [19.52386, 53.35954], [19.52111, 53.35707], [19.52336, 53.35673], [19.52287, 53.35456], [19.52436, 53.35488], [19.52568, 53.35335], [19.52512, 53.35147], [19.52707, 53.35257], [19.52674, 53.35369], [19.52861, 53.35297], [19.52702, 53.35171], [19.52777, 53.34923], [19.52208, 53.3446], [19.52296, 53.34389], [19.52483, 53.34556], [19.52528, 53.34447], [19.52331, 53.34287], [19.52023, 53.34233], [19.52158, 53.34189], [19.52057, 53.34078], [19.52184, 53.33985], [19.5189, 53.33912], [19.5211, 53.33787], [19.5209, 53.33631], [19.52256, 53.33684], [19.52221, 53.33419], [19.52091, 53.3337], [19.52188, 53.33323], [19.52028, 53.33324], [19.51929, 53.33231], [19.51973, 53.33045], [19.56372, 53.33081], [19.58763, 53.3318], [19.59672, 53.33403], [19.59581, 53.3378], [19.60756, 53.34169], [19.61036, 53.3423], [19.61242, 53.33826], [19.64153, 53.3446], [19.64647, 53.34233], [19.65649, 53.34177], [19.67203, 53.3374], [19.69005, 53.33626], [19.68713, 53.31492], [19.68728, 53.31194], [19.68914, 53.31287], [19.6893, 53.30824], [19.68431, 53.3071], [19.68653, 53.30638], [19.68517, 53.30409], [19.68839, 53.30513], [19.68976, 53.30682], [19.70899, 53.30361], [19.71231, 53.30247], [19.71812, 53.30207], [19.71215, 53.28868], [19.71397, 53.28879], [19.71658, 53.28727], [19.72156, 53.28653], [19.72574, 53.28419], [19.72265, 53.28359], [19.72288, 53.28271], [19.71974, 53.28332], [19.71955, 53.28426], [19.71703, 53.28093], [19.719, 53.27916], [19.72487, 53.27648], [19.72625, 53.27351], [19.72774, 53.27315], [19.72858, 53.27451], [19.73057, 53.27095], [19.72974, 53.26996], [19.72761, 53.27008], [19.71761, 53.2723], [19.71316, 53.27453], [19.70339, 53.26685], [19.69416, 53.26423], [19.69088, 53.25972], [19.6828, 53.25845], [19.68212, 53.2568], [19.68418, 53.25675], [19.68386, 53.25605], [19.68582, 53.2557], [19.6832, 53.25417], [19.68981, 53.2543], [19.69187, 53.25215], [19.68908, 53.23606], [19.69054, 53.23539], [19.68954, 53.2339], [19.69506, 53.23282], [19.69674, 53.23473], [19.6989, 53.2348], [19.70013, 53.23651], [19.70375, 53.2354], [19.70391, 53.23425], [19.70747, 53.23348], [19.71158, 53.2346], [19.71525, 53.23346], [19.71689, 53.23106], [19.72415, 53.23211], [19.72593, 53.2318], [19.7285, 53.22988], [19.73624, 53.2292], [19.73849, 53.22772], [19.74366, 53.2282], [19.74148, 53.22458], [19.7426, 53.22182], [19.74644, 53.21754], [19.75148, 53.21513], [19.75274, 53.21256], [19.75065, 53.21121], [19.74935, 53.21171], [19.74595, 53.21104], [19.7463, 53.2092], [19.74222, 53.20364], [19.74031, 53.20331], [19.73789, 53.20421], [19.73644, 53.20322], [19.73978, 53.20157], [19.74165, 53.19785], [19.74686, 53.19328], [19.74698, 53.19237], [19.74534, 53.19228], [19.74386, 53.19058], [19.74398, 53.18915], [19.74168, 53.18856], [19.74308, 53.18658], [19.74505, 53.1869], [19.74591, 53.18509], [19.74741, 53.18558], [19.75107, 53.18431], [19.74659, 53.17973], [19.75077, 53.17844], [19.7616, 53.1518], [19.73261, 53.14451], [19.71196, 53.13465], [19.71043, 53.12132], [19.69286, 53.11953], [19.69122, 53.12257], [19.6847, 53.12315], [19.68272, 53.11295], [19.67268, 53.11279], [19.67227, 53.11067], [19.66884, 53.11082], [19.66705, 53.10611], [19.65811, 53.10636], [19.65831, 53.10718], [19.65221, 53.10695], [19.65216, 53.10989], [19.65033, 53.1103], [19.65064, 53.11237], [19.63424, 53.11168], [19.63423, 53.11057], [19.63852, 53.10662], [19.63867, 53.09486], [19.63655, 53.09441], [19.64209, 53.09202], [19.64699, 53.0873], [19.64512, 53.08634], [19.64775, 53.08119], [19.64609, 53.07754], [19.64887, 53.07714], [19.64791, 53.07551], [19.65627, 53.0741], [19.6596, 53.07449], [19.65808, 53.07164], [19.66156, 53.06944], [19.64684, 53.06628], [19.64578, 53.06206], [19.64851, 53.06168], [19.64601, 53.05805], [19.64581, 53.05435], [19.65478, 53.05376], [19.65365, 53.05022], [19.65155, 53.05047], [19.65296, 53.04105], [19.65395, 53.04027], [19.65218, 53.03776], [19.66559, 53.04011], [19.66592, 53.03821], [19.67231, 53.03673], [19.6717, 53.03562], [19.67812, 53.03205], [19.67558, 53.02913], [19.68122, 53.02656], [19.67826, 53.02425], [19.68108, 53.02411], [19.68307, 53.02173], [19.69028, 53.02152], [19.69034, 53.02072], [19.68551, 53.01819], [19.68352, 53.01858], [19.67869, 53.0148], [19.68044, 53.00969], [19.67756, 53.0006], [19.67022, 52.99346], [19.67188, 52.99101], [19.66915, 52.98853], [19.66583, 52.98812], [19.66488, 52.98685], [19.66865, 52.98531], [19.66865, 52.98322], [19.6718, 52.98212], [19.67381, 52.9832], [19.6755, 52.98252], [19.67583, 52.98134], [19.67986, 52.97843], [19.67819, 52.97587], [19.68077, 52.97023], [19.68161, 52.96508], [19.68481, 52.96304], [19.68098, 52.9565], [19.67538, 52.95681], [19.67089, 52.95569], [19.66524, 52.959], [19.65903, 52.95955], [19.65468, 52.96122], [19.64884, 52.96953], [19.64612, 52.97085], [19.63576, 52.96983], [19.63112, 52.97213], [19.63044, 52.97384], [19.62409, 52.97716], [19.61193, 52.97691], [19.58842, 52.98318], [19.56831, 52.98568], [19.56011, 52.99027], [19.55471, 52.99009], [19.5593, 52.97907], [19.56596, 52.97647], [19.56988, 52.97295], [19.57593, 52.96992], [19.58271, 52.96828], [19.58608, 52.96303], [19.58255, 52.95686], [19.57538, 52.95632], [19.55087, 52.95009], [19.54077, 52.94841], [19.53189, 52.94181], [19.53196, 52.93907], [19.52889, 52.93643], [19.52155, 52.93764], [19.50982, 52.93801], [19.50039, 52.93947], [19.48691, 52.94032], [19.48459, 52.94401], [19.45774, 52.94185], [19.4448, 52.94745], [19.44477, 52.93849], [19.44696, 52.93517], [19.44708, 52.9312], [19.44936, 52.92705], [19.45081, 52.92551], [19.45647, 52.92271], [19.47241, 52.91762], [19.46506, 52.91641], [19.46407, 52.91338], [19.45858, 52.90677], [19.48573, 52.88601], [19.49217, 52.8781], [19.49818, 52.87513], [19.50858, 52.86798], [19.51609, 52.86012], [19.48898, 52.86679], [19.48401, 52.86713], [19.47344, 52.8646], [19.46446, 52.85965], [19.46337, 52.85598], [19.47298, 52.85146], [19.47353, 52.85027], [19.46983, 52.84877], [19.46697, 52.84894], [19.45529, 52.84474], [19.44399, 52.83735], [19.43652, 52.83827], [19.43153, 52.84035], [19.42572, 52.84077], [19.42723, 52.83945], [19.42732, 52.83746], [19.42382, 52.83448], [19.42338, 52.82995], [19.42418, 52.8299], [19.42448, 52.82779], [19.43023, 52.82684], [19.43121, 52.82359], [19.42369, 52.8155], [19.42643, 52.81516], [19.43139, 52.81602], [19.43635, 52.81527], [19.44498, 52.80951], [19.44466, 52.80868], [19.45224, 52.80565], [19.45258, 52.80465], [19.46574, 52.80446], [19.46562, 52.79928], [19.46382, 52.79762], [19.46304, 52.79484], [19.46832, 52.78773], [19.46775, 52.78598], [19.46896, 52.78559], [19.47114, 52.78625], [19.47127, 52.78526], [19.47211, 52.78572], [19.47448, 52.78477], [19.4787, 52.78465], [19.47934, 52.78372], [19.48119, 52.78402], [19.4831, 52.78308], [19.48376, 52.78135], [19.48553, 52.78065], [19.48653, 52.78106], [19.48713, 52.78021], [19.48909, 52.78045], [19.48981, 52.77905], [19.49285, 52.77975], [19.49454, 52.77828], [19.49086, 52.7743], [19.49469, 52.77169], [19.50169, 52.76956], [19.50442, 52.76766], [19.50035, 52.76338], [19.50554, 52.76277], [19.5063, 52.76095], [19.50436, 52.75953], [19.49961, 52.76061], [19.49735, 52.76035], [19.49819, 52.75851], [19.50244, 52.75666], [19.50359, 52.75513], [19.49869, 52.75402], [19.49904, 52.75147], [19.49753, 52.7495], [19.50016, 52.74918], [19.50125, 52.75091], [19.50413, 52.74873], [19.50811, 52.75023], [19.50976, 52.74942], [19.51013, 52.74806], [19.51452, 52.74864], [19.51433, 52.74794], [19.51891, 52.74774], [19.52078, 52.74953], [19.52274, 52.7492], [19.5228, 52.74652], [19.51885, 52.7457], [19.5191, 52.74187], [19.51683, 52.74126], [19.51556, 52.74252], [19.51352, 52.74221], [19.50922, 52.73699], [19.50563, 52.73647], [19.50106, 52.73698], [19.49842, 52.73248], [19.4999, 52.73096], [19.505, 52.72924], [19.50254, 52.72668], [19.50468, 52.72468], [19.50706, 52.72387], [19.50235, 52.72262], [19.50333, 52.72203], [19.50328, 52.71352], [19.50676, 52.71273], [19.50801, 52.71125], [19.51179, 52.71049], [19.5168, 52.71002], [19.51946, 52.71145], [19.52072, 52.70832], [19.52578, 52.70774], [19.52711, 52.70485], [19.52584, 52.70374], [19.49191, 52.7076], [19.49434, 52.70989], [19.49426, 52.71098], [19.4931, 52.71462], [19.49087, 52.71585], [19.48723, 52.71647], [19.48384, 52.71807], [19.4783, 52.71741], [19.46519, 52.72061], [19.46082, 52.72447], [19.45882, 52.72521], [19.45456, 52.72563], [19.44719, 52.72297], [19.44134, 52.72298], [19.44195, 52.72063], [19.4397, 52.7193], [19.44174, 52.71732], [19.44247, 52.71755], [19.44274, 52.71633], [19.44134, 52.71595], [19.44132, 52.71299], [19.43947, 52.71172], [19.4408, 52.71126], [19.4407, 52.71035], [19.44439, 52.7093], [19.44696, 52.70605], [19.4404, 52.69819], [19.43929, 52.69813], [19.43667, 52.69316], [19.43649, 52.68227], [19.43698, 52.6812], [19.44382, 52.68287], [19.44563, 52.67889], [19.45051, 52.67396], [19.4509, 52.67222], [19.44584, 52.67057], [19.44546, 52.67375], [19.44321, 52.67576], [19.44003, 52.67672], [19.43217, 52.67665], [19.43209, 52.67333], [19.43032, 52.67156], [19.42029, 52.67212], [19.41592, 52.67163], [19.41302, 52.66551], [19.41451, 52.66371], [19.41407, 52.66087], [19.41051, 52.6602], [19.41005, 52.6542], [19.40564, 52.6518], [19.40347, 52.64826], [19.40296, 52.64446], [19.39986, 52.6449], [19.39257, 52.64396], [19.38374, 52.64431], [19.38034, 52.64101], [19.38136, 52.6396], [19.37855, 52.63833], [19.3769, 52.63865], [19.3733, 52.63777], [19.3725, 52.63619], [19.37322, 52.63439], [19.3713, 52.62484], [19.38507, 52.62428], [19.39585, 52.622], [19.42501, 52.61144], [19.41932, 52.59936], [19.41688, 52.59837], [19.41444, 52.59589], [19.4074, 52.59427], [19.40514, 52.59191], [19.39833, 52.59336], [19.39525, 52.59007], [19.39437, 52.57639], [19.39056, 52.57336], [19.38647, 52.57148], [19.38387, 52.57114], [19.37818, 52.56857], [19.3641, 52.56909], [19.35598, 52.56812], [19.35081, 52.56896], [19.34497, 52.56726], [19.34111, 52.56705], [19.34942, 52.5451], [19.34931, 52.54432], [19.34663, 52.5447], [19.34987, 52.54014], [19.35535, 52.5371], [19.3555, 52.53496], [19.35441, 52.534], [19.35145, 52.53498], [19.34884, 52.52814], [19.34359, 52.52778], [19.33808, 52.53397], [19.33229, 52.53329], [19.33086, 52.53706], [19.32919, 52.53786], [19.33106, 52.53284], [19.31957, 52.53489], [19.32168, 52.52925], [19.32529, 52.5288], [19.33308, 52.52487], [19.33663, 52.52536], [19.35922, 52.52149], [19.36391, 52.52203], [19.37238, 52.52163], [19.38477, 52.51953], [19.39148, 52.51431], [19.39567, 52.51286], [19.38867, 52.50952], [19.38349, 52.50947], [19.37181, 52.50712], [19.36361, 52.50375], [19.36377, 52.50005], [19.35537, 52.49155], [19.35401, 52.48848], [19.3581, 52.4812], [19.3568, 52.48013], [19.35129, 52.48009], [19.35089, 52.47953], [19.33891, 52.47979], [19.33126, 52.47114], [19.33317, 52.46676], [19.32283, 52.45441], [19.32075, 52.45472], [19.31923, 52.44871], [19.31485, 52.44817], [19.30709, 52.44884], [19.30327, 52.44824], [19.29913, 52.44532], [19.29325, 52.44763], [19.28365, 52.45005], [19.28182, 52.45016], [19.27759, 52.44869], [19.27558, 52.44916], [19.27017, 52.44829], [19.26805, 52.44876], [19.26407, 52.44696], [19.26429, 52.44556], [19.25916, 52.44257], [19.26185, 52.43567], [19.27704, 52.43469], [19.28341, 52.43252], [19.28672, 52.43297], [19.29013, 52.43071], [19.29205, 52.42745], [19.29629, 52.42425], [19.29799, 52.41791], [19.29653, 52.41742], [19.29341, 52.41828], [19.29291, 52.41118], [19.28639, 52.40682], [19.28609, 52.40553], [19.28035, 52.40553], [19.28401, 52.40113], [19.28671, 52.40227], [19.29052, 52.3978], [19.28815, 52.39766], [19.28918, 52.39271], [19.27733, 52.39406], [19.2729, 52.39393], [19.27056, 52.39298], [19.26813, 52.38934], [19.26144, 52.38761], [19.26391, 52.38414], [19.25052, 52.37578], [19.2363, 52.36926], [19.23495, 52.36668], [19.23687, 52.36598], [19.2367, 52.36221], [19.22962, 52.36284], [19.22882, 52.36122], [19.22482, 52.3615], [19.21943, 52.3648], [19.21011, 52.3656], [19.20712, 52.35841], [19.21223, 52.35653], [19.20907, 52.35347], [19.22496, 52.34419], [19.22306, 52.34264], [19.21837, 52.34118], [19.20066, 52.35125], [19.20602, 52.356], [19.19928, 52.36031], [19.19316, 52.35313], [19.1874, 52.34853], [19.18289, 52.34694], [19.18052, 52.34904], [19.16735, 52.34324], [19.15952, 52.34079], [19.1544, 52.34457], [19.15189, 52.3453], [19.15097, 52.34662], [19.1461, 52.34647], [19.144, 52.34552], [19.1242, 52.34279], [19.11548, 52.34382], [19.09987, 52.34792], [19.08339, 52.34356], [19.07649, 52.33951], [19.07305, 52.33928], [19.06866, 52.33781], [19.05713, 52.33822], [19.05517, 52.33762], [19.06259, 52.33331], [19.06492, 52.33135], [19.06402, 52.33064], [19.05998, 52.33246], [19.05224, 52.33177], [19.04164, 52.33349], [19.03256, 52.33334], [19.02901, 52.33209], [19.02001, 52.33785], [19.01331, 52.33944], [19.00532, 52.33984], [19.00806, 52.34932], [18.99969, 52.35282], [18.98223, 52.3565], [18.96945, 52.35533], [18.96693, 52.3612], [18.97999, 52.36455], [18.97355, 52.3699], [18.97686, 52.3707], [18.97535, 52.375], [18.96933, 52.37784], [18.96462, 52.37739], [18.95284, 52.37907], [18.94457, 52.38466], [18.94016, 52.38974], [18.94084, 52.39155], [18.93161, 52.39383], [18.92442, 52.39989], [18.92085, 52.39887], [18.92392, 52.38795], [18.92771, 52.38255], [18.92628, 52.38143], [18.9277, 52.379], [18.93006, 52.3783], [18.9269, 52.3768], [18.92055, 52.37577], [18.91744, 52.37704], [18.91024, 52.37831], [18.91114, 52.37605], [18.91042, 52.37278], [18.91237, 52.36993], [18.91251, 52.36623], [18.90674, 52.36532], [18.90476, 52.3632], [18.90086, 52.36392], [18.89961, 52.36331], [18.89702, 52.36373], [18.89288, 52.36315], [18.88906, 52.36086], [18.88975, 52.35949], [18.88386, 52.36129], [18.87998, 52.36379], [18.87752, 52.36321], [18.87408, 52.36032], [18.86979, 52.36008], [18.86275, 52.35482], [18.86032, 52.35224], [18.86104, 52.35137], [18.85884, 52.35157], [18.85851, 52.35015], [18.85582, 52.34919], [18.85553, 52.34839], [18.85136, 52.34871], [18.843, 52.34516], [18.84006, 52.34587], [18.83559, 52.34313], [18.83218, 52.34388], [18.83193, 52.3452], [18.8304, 52.34521], [18.82776, 52.3437], [18.82445, 52.34822], [18.81914, 52.34742], [18.81422, 52.35237], [18.78724, 52.34198], [18.78042, 52.34196], [18.77855, 52.33439], [18.77342, 52.33379], [18.77407, 52.33299], [18.77225, 52.33284], [18.76646, 52.33603], [18.76014, 52.33645], [18.75894, 52.33608], [18.76129, 52.33352], [18.75579, 52.33178], [18.75216, 52.33814], [18.75182, 52.34159], [18.75342, 52.34495], [18.75113, 52.34632], [18.75293, 52.35324], [18.75311, 52.35982], [18.75456, 52.36131], [18.75323, 52.36342], [18.74757, 52.36268], [18.74699, 52.36414], [18.74239, 52.36471], [18.74351, 52.36624], [18.73924, 52.36919], [18.73992, 52.37359], [18.73255, 52.37362], [18.73202, 52.38032], [18.72657, 52.3842], [18.72462, 52.38853], [18.72174, 52.38969], [18.72025, 52.38885], [18.72064, 52.3904], [18.71833, 52.38999], [18.71697, 52.39261], [18.71818, 52.39357], [18.71501, 52.39882], [18.71364, 52.39897], [18.71197, 52.40082], [18.69606, 52.39978], [18.6795, 52.40068], [18.68322, 52.40962], [18.67706, 52.41756], [18.68482, 52.42805], [18.68427, 52.42836], [18.67687, 52.42324], [18.67007, 52.42153], [18.66964, 52.42418], [18.65799, 52.42185], [18.6573, 52.42624], [18.65413, 52.43342], [18.65095, 52.43578], [18.65109, 52.43756], [18.64874, 52.43947], [18.65025, 52.44022], [18.65074, 52.4469], [18.64931, 52.44941], [18.65018, 52.45027], [18.642, 52.45339], [18.6368, 52.45322], [18.62572, 52.45572], [18.60869, 52.45546], [18.60247, 52.46385], [18.59621, 52.46672], [18.59276, 52.46947], [18.59005, 52.46808], [18.58896, 52.46156], [18.57379, 52.464], [18.57406, 52.46518], [18.56015, 52.46333], [18.5627, 52.47298], [18.56181, 52.47289], [18.56151, 52.47881], [18.55958, 52.48419], [18.55779, 52.48514], [18.55559, 52.48514], [18.54776, 52.48404], [18.54261, 52.48572], [18.53951, 52.48122], [18.53828, 52.48123], [18.53895, 52.48268], [18.53575, 52.48334], [18.53739, 52.48666], [18.5393, 52.48714], [18.5397, 52.49094], [18.53322, 52.49152], [18.53043, 52.494], [18.53227, 52.49701], [18.52955, 52.49746], [18.52557, 52.49945], [18.49769, 52.50226], [18.49246, 52.50317], [18.49052, 52.50477], [18.48554, 52.50282], [18.48463, 52.5007], [18.48631, 52.49811], [18.47349, 52.49203], [18.47253, 52.48948], [18.4622, 52.49044], [18.46386, 52.48689], [18.46631, 52.48491], [18.46692, 52.48163], [18.46346, 52.47658], [18.44902, 52.47754], [18.44726, 52.47886], [18.44105, 52.48074], [18.43621, 52.47906], [18.43225, 52.47985], [18.4229, 52.47953], [18.42021, 52.4763], [18.41966, 52.47318], [18.40897, 52.47304], [18.40793, 52.47161], [18.40499, 52.47285], [18.40528, 52.47036], [18.40348, 52.47034], [18.39996, 52.47411], [18.39536, 52.47292], [18.39167, 52.47022], [18.39006, 52.47056], [18.39036, 52.4714], [18.38699, 52.47198], [18.38722, 52.47423], [18.38444, 52.4751], [18.38401, 52.47825], [18.38561, 52.48096], [18.38443, 52.48261], [18.38701, 52.48492], [18.38519, 52.48665], [18.37588, 52.50386], [18.38328, 52.52241], [18.38684, 52.5236], [18.38803, 52.52687], [18.38469, 52.52974], [18.38595, 52.53197], [18.37661, 52.53627], [18.37715, 52.53746], [18.37486, 52.53725], [18.3524, 52.54337], [18.34439, 52.53904], [18.33982, 52.53751], [18.33911, 52.53338], [18.33994, 52.53046], [18.3432, 52.52807], [18.34295, 52.52652], [18.34597, 52.52351], [18.34535, 52.52177], [18.34118, 52.52074], [18.33461, 52.51772], [18.30622, 52.50284], [18.30416, 52.50328], [18.30131, 52.50218], [18.2994, 52.49933], [18.2964, 52.50017], [18.29464, 52.49987], [18.27556, 52.49143], [18.27188, 52.48693], [18.26635, 52.48633], [18.26, 52.48117], [18.25649, 52.48346], [18.24313, 52.48792], [18.24115, 52.48801], [18.23474, 52.48508], [18.22122, 52.48404], [18.22029, 52.48271], [18.21146, 52.48378], [18.20458, 52.48317], [18.20016, 52.48631], [18.19977, 52.49315], [18.2026, 52.50064], [18.19871, 52.50479], [18.18274, 52.5037], [18.16668, 52.50662], [18.15933, 52.50916], [18.15478, 52.50946], [18.15007, 52.50718], [18.14548, 52.5077], [18.14256, 52.50582], [18.14007, 52.506], [18.1382, 52.5049], [18.13607, 52.50496], [18.13056, 52.50719], [18.12678, 52.50656], [18.12498, 52.50712], [18.12307, 52.51067], [18.12448, 52.51348], [18.12422, 52.51636], [18.1063, 52.51375], [18.09047, 52.52043], [18.0905, 52.52224], [18.09243, 52.52417], [18.09173, 52.53161], [18.09618, 52.53314], [18.10016, 52.53309], [18.10126, 52.53699], [18.10343, 52.53706], [18.10514, 52.53844], [18.10682, 52.53855], [18.10538, 52.54451], [18.09539, 52.55312], [18.08786, 52.55164], [18.08209, 52.55267], [18.07724, 52.55157], [18.06444, 52.55178], [18.06268, 52.54756], [18.05905, 52.54778], [18.05948, 52.54278], [18.05102, 52.54482], [18.05161, 52.54723], [18.04904, 52.54695], [18.03431, 52.54951], [18.03132, 52.55083], [18.03138, 52.55191], [18.02275, 52.55505], [18.00255, 52.55497], [17.99802, 52.55083], [17.99895, 52.54636], [17.99773, 52.54137], [17.99713, 52.54192], [17.99463, 52.54175], [17.99394, 52.54386], [17.99323, 52.54281], [17.98741, 52.54317], [17.98755, 52.54568], [17.99007, 52.54985], [17.9872, 52.55339], [17.98779, 52.55435], [17.98542, 52.55467], [17.98541, 52.55538], [17.98768, 52.55695], [17.99156, 52.56381], [17.99038, 52.56626], [17.99049, 52.57039], [17.98878, 52.57211], [17.98686, 52.57742], [17.98471, 52.57709], [17.98572, 52.57527], [17.98436, 52.57275], [17.9859, 52.56823], [17.98355, 52.56431], [17.98118, 52.56451], [17.98257, 52.5671], [17.97626, 52.5677], [17.97433, 52.56294], [17.96772, 52.56536], [17.96472, 52.5653], [17.96493, 52.5666], [17.97209, 52.56731], [17.97223, 52.56908], [17.96981, 52.56901], [17.97022, 52.57552], [17.9596, 52.57537], [17.96124, 52.57053], [17.96007, 52.56996], [17.95522, 52.57023], [17.95478, 52.56834], [17.94612, 52.56878], [17.94643, 52.57817], [17.93252, 52.58255], [17.93293, 52.5842], [17.93559, 52.58513], [17.93737, 52.58764], [17.93351, 52.58766], [17.92875, 52.58382], [17.92939, 52.58056], [17.93197, 52.57907], [17.93125, 52.57521], [17.93273, 52.57125], [17.92458, 52.57205], [17.92513, 52.57403], [17.91638, 52.57562], [17.91812, 52.58042], [17.91173, 52.58106], [17.91208, 52.58255], [17.90439, 52.58326], [17.90512, 52.58553], [17.90149, 52.58565], [17.90045, 52.58641], [17.90338, 52.58786], [17.9076, 52.59322], [17.91587, 52.59469], [17.92125, 52.59834], [17.91977, 52.5988], [17.9127, 52.59504], [17.9094, 52.59459], [17.90785, 52.59512], [17.91027, 52.60097], [17.90893, 52.60808], [17.91239, 52.6105], [17.91453, 52.61102], [17.91555, 52.61239], [17.91472, 52.61282], [17.90942, 52.61125], [17.909, 52.61199], [17.9057, 52.61067], [17.90138, 52.61162], [17.8955, 52.6174], [17.87649, 52.62857], [17.8774, 52.63027], [17.87683, 52.63388], [17.8713, 52.63168], [17.86206, 52.62988], [17.85194, 52.62943], [17.84471, 52.62819], [17.8255, 52.63453], [17.825, 52.63586], [17.82885, 52.63644], [17.82701, 52.64263], [17.81834, 52.64096], [17.81669, 52.64126], [17.81365, 52.64456], [17.80269, 52.64689], [17.79414, 52.64994], [17.79004, 52.64914], [17.78566, 52.65161], [17.78028, 52.64856], [17.77761, 52.64], [17.77871, 52.63881], [17.77807, 52.63691], [17.77713, 52.63633], [17.76835, 52.63594], [17.761, 52.63419], [17.75905, 52.63741], [17.75997, 52.63942], [17.76263, 52.64026], [17.76459, 52.63795], [17.76654, 52.63851], [17.76045, 52.64949], [17.76272, 52.64978], [17.76292, 52.65048], [17.7616, 52.6508], [17.7653, 52.6556], [17.76087, 52.65688], [17.75833, 52.65396], [17.75178, 52.65257], [17.7495, 52.65119], [17.73586, 52.6503], [17.73079, 52.64605], [17.71558, 52.63969], [17.72032, 52.63638], [17.72121, 52.63311], [17.72381, 52.63309], [17.72638, 52.63612], [17.72922, 52.63603], [17.73121, 52.63685], [17.73334, 52.63576], [17.73802, 52.638], [17.73699, 52.63897], [17.74204, 52.64194], [17.74451, 52.64252], [17.74601, 52.63531], [17.74911, 52.6325], [17.74059, 52.6297], [17.7381, 52.62727], [17.72371, 52.62101], [17.7191, 52.6173], [17.71359, 52.615], [17.70608, 52.60858], [17.70399, 52.60384], [17.70263, 52.60444], [17.70112, 52.60714], [17.70162, 52.60874], [17.69939, 52.60982], [17.70103, 52.61156], [17.70472, 52.61279], [17.70523, 52.61485], [17.70329, 52.61629], [17.70214, 52.61552], [17.70231, 52.61354], [17.69929, 52.61325], [17.69956, 52.61258], [17.69631, 52.61059], [17.69663, 52.60931], [17.69486, 52.60843], [17.6954, 52.60947], [17.69464, 52.6091], [17.69343, 52.60774], [17.69438, 52.60725], [17.6912, 52.60559], [17.68971, 52.60213], [17.68744, 52.60166], [17.68516, 52.60244], [17.67806, 52.6024], [17.67618, 52.60513], [17.67699, 52.60678], [17.67652, 52.61516], [17.67485, 52.61596], [17.6757, 52.61725], [17.67676, 52.6172], [17.6762, 52.61798], [17.67769, 52.61928], [17.67694, 52.61951], [17.68242, 52.62377], [17.68238, 52.62506], [17.67938, 52.63036], [17.67989, 52.63163], [17.67818, 52.63294], [17.67913, 52.63382], [17.67756, 52.63571], [17.67773, 52.63751], [17.67539, 52.6402], [17.67667, 52.6441], [17.68166, 52.64714], [17.68158, 52.65071], [17.67753, 52.64855], [17.64655, 52.6448], [17.63812, 52.64853], [17.63452, 52.64713], [17.63359, 52.64967], [17.63507, 52.64993], [17.63515, 52.65071], [17.63386, 52.65263], [17.6302, 52.65493], [17.63865, 52.66339], [17.63608, 52.67129], [17.63038, 52.67322], [17.6322, 52.67678], [17.63102, 52.67823], [17.63186, 52.67942], [17.63722, 52.68129], [17.63723, 52.68216], [17.63954, 52.68242], [17.6438, 52.68652], [17.64419, 52.6881], [17.64772, 52.69043], [17.64676, 52.69132], [17.64275, 52.69101], [17.64194, 52.69154], [17.64291, 52.69316], [17.64044, 52.69235], [17.63153, 52.70153], [17.63144, 52.70425], [17.62953, 52.70529], [17.62766, 52.70819], [17.61912, 52.70635], [17.61401, 52.70297], [17.60036, 52.70513], [17.59428, 52.70449], [17.57908, 52.705], [17.57882, 52.69976], [17.57715, 52.69797], [17.57792, 52.69463], [17.57557, 52.69439], [17.57435, 52.69165], [17.56688, 52.69286], [17.55744, 52.68818], [17.55387, 52.68946], [17.54692, 52.68981], [17.54617, 52.69088], [17.52731, 52.68146], [17.52361, 52.67812], [17.52444, 52.67255], [17.51671, 52.67421], [17.51289, 52.67294], [17.50613, 52.67313], [17.50081, 52.68465], [17.49722, 52.68366], [17.48976, 52.68434], [17.48783, 52.68768], [17.48516, 52.68879], [17.48297, 52.68884], [17.48212, 52.68784], [17.48334, 52.68468], [17.48503, 52.68467], [17.48466, 52.68198], [17.46793, 52.68024], [17.47185, 52.68578], [17.47123, 52.68735], [17.47253, 52.68939], [17.47134, 52.69254], [17.47484, 52.6963], [17.47288, 52.70228], [17.47575, 52.70527], [17.47788, 52.70683], [17.48386, 52.7058], [17.48612, 52.70463], [17.49532, 52.70395], [17.50037, 52.70862], [17.50027, 52.7111], [17.48006, 52.71145], [17.47947, 52.71495], [17.48245, 52.71953], [17.48749, 52.72128], [17.48703, 52.72564], [17.48807, 52.7273], [17.48948, 52.72685], [17.48927, 52.7281], [17.48731, 52.72971], [17.47914, 52.73231], [17.4692, 52.7336], [17.47058, 52.73718], [17.45852, 52.73895], [17.4586, 52.73999], [17.45572, 52.74146], [17.44978, 52.74278], [17.44884, 52.74473], [17.43929, 52.75036], [17.43442, 52.75058], [17.42995, 52.7522], [17.41876, 52.75127], [17.41561, 52.75614], [17.40437, 52.75672], [17.40517, 52.75825], [17.40967, 52.75705], [17.40774, 52.7618], [17.41416, 52.76248], [17.41381, 52.76674], [17.42127, 52.76471], [17.42252, 52.7666], [17.41238, 52.76832], [17.41126, 52.76994], [17.40812, 52.77149], [17.41277, 52.77677], [17.41086, 52.78518], [17.41583, 52.78374], [17.42705, 52.78633], [17.4324, 52.78388], [17.44306, 52.78785], [17.45283, 52.79723], [17.46033, 52.79075], [17.46044, 52.78677], [17.47339, 52.78758], [17.48423, 52.78608], [17.49664, 52.78563], [17.49821, 52.78492], [17.50404, 52.78734], [17.50722, 52.79371], [17.50983, 52.79581], [17.50536, 52.79858], [17.50707, 52.80108], [17.5045, 52.80405], [17.51097, 52.80972], [17.5132, 52.80956], [17.5119, 52.81082], [17.51388, 52.81207], [17.51402, 52.81818], [17.52096, 52.82153], [17.51967, 52.82694], [17.51234, 52.83181], [17.51581, 52.83882], [17.51559, 52.84277], [17.51333, 52.84523], [17.51333, 52.85488], [17.52181, 52.85513], [17.52715, 52.85818], [17.52465, 52.86389], [17.52702, 52.86423], [17.52678, 52.86507], [17.52375, 52.86564], [17.5263, 52.86892], [17.52328, 52.87406], [17.52382, 52.8764], [17.52662, 52.87765], [17.52846, 52.88481], [17.52702, 52.88475], [17.52651, 52.88564], [17.51835, 52.88567], [17.51772, 52.88828], [17.51898, 52.89678], [17.51479, 52.90183], [17.50958, 52.91777], [17.51524, 52.92249], [17.51865, 52.92804], [17.49835, 52.93247], [17.49126, 52.94578], [17.48618, 52.94804], [17.4854, 52.94999], [17.47533, 52.94832], [17.46993, 52.94831], [17.46454, 52.94872], [17.45806, 52.95059], [17.44805, 52.95715], [17.43385, 52.96182], [17.42564, 52.96758], [17.42075, 52.96941], [17.41103, 52.971], [17.39709, 52.98147], [17.39478, 52.98233], [17.3686, 52.97326], [17.36873, 52.97443], [17.36046, 52.97518], [17.34948, 52.97226], [17.31692, 52.97404], [17.31886, 52.98714], [17.318, 52.98722], [17.317, 52.98997], [17.31089, 52.99275], [17.30892, 52.9926], [17.30156, 52.9948], [17.30372, 52.99729], [17.30588, 53.00389], [17.30944, 53.00634], [17.31321, 53.01174], [17.31319, 53.01596], [17.31542, 53.01914], [17.31854, 53.02075], [17.32054, 53.01875], [17.32234, 53.01828], [17.32588, 53.01926], [17.32891, 53.01777], [17.33341, 53.01912], [17.33229, 53.02062], [17.33489, 53.0262], [17.33669, 53.04274], [17.33063, 53.05122], [17.32926, 53.06211], [17.32685, 53.06629], [17.32395, 53.07826], [17.3345, 53.07743], [17.35023, 53.08522], [17.35715, 53.0872], [17.36094, 53.11744], [17.35962, 53.1241], [17.3569, 53.12391], [17.35256, 53.13115], [17.36065, 53.13196], [17.36408, 53.13303], [17.3688, 53.13209], [17.38398, 53.13297], [17.38391, 53.13346], [17.38706, 53.13374], [17.38672, 53.13515], [17.3879, 53.13522], [17.38711, 53.13759], [17.39037, 53.13766], [17.38995, 53.14156], [17.3928, 53.14196], [17.3897, 53.14414], [17.37412, 53.14856], [17.35132, 53.15103], [17.35313, 53.15477], [17.33525, 53.15543], [17.34215, 53.15872], [17.3468, 53.16344], [17.34605, 53.16608], [17.3438, 53.16524], [17.34303, 53.16567], [17.34192, 53.16757], [17.3369, 53.17149], [17.33521, 53.17949], [17.3367, 53.18416], [17.34713, 53.19626], [17.34431, 53.19779], [17.34576, 53.20109], [17.33429, 53.2085], [17.32352, 53.21197], [17.32113, 53.21147], [17.32156, 53.21627], [17.32904, 53.21396], [17.33209, 53.21458], [17.33371, 53.21538], [17.33195, 53.21779], [17.3504, 53.22155], [17.3637, 53.22335], [17.36688, 53.22429], [17.3689, 53.22679], [17.38873, 53.22833], [17.39811, 53.22681], [17.40921, 53.22725], [17.41319, 53.22995], [17.41728, 53.23094], [17.41267, 53.24142], [17.42791, 53.24642], [17.42197, 53.25169], [17.41831, 53.25337], [17.42366, 53.2553], [17.43057, 53.26043], [17.4326, 53.26342], [17.43879, 53.26751], [17.42523, 53.27771], [17.42021, 53.28336], [17.4107, 53.28713], [17.4071, 53.28167], [17.40726, 53.28248], [17.39537, 53.28842], [17.39233, 53.29094], [17.39679, 53.29311], [17.39875, 53.29263], [17.40139, 53.29364], [17.39411, 53.29512], [17.3883, 53.29819], [17.38553, 53.30063], [17.38731, 53.30088], [17.38468, 53.30695], [17.3806, 53.30599], [17.37883, 53.31183], [17.37738, 53.31162], [17.37457, 53.31285], [17.36918, 53.31377], [17.36574, 53.31591], [17.3656, 53.31809], [17.35959, 53.31812], [17.35501, 53.32099], [17.35344, 53.32391], [17.35775, 53.32732], [17.35716, 53.32855], [17.35538, 53.32888], [17.35609, 53.33077], [17.35467, 53.33176], [17.35458, 53.33346], [17.3512, 53.33531], [17.34525, 53.33564], [17.34214, 53.33717], [17.34196, 53.33874], [17.33855, 53.34191], [17.3407, 53.34498], [17.33816, 53.34768], [17.33246, 53.34872], [17.32758, 53.347], [17.32517, 53.34701], [17.31126, 53.35157], [17.30011, 53.35244], [17.29148, 53.35396], [17.27889, 53.35817], [17.27494, 53.36023], [17.27184, 53.35997], [17.26406, 53.36337], [17.25724, 53.36339], [17.25572, 53.36435], [17.25756, 53.36663], [17.25513, 53.36852], [17.25309, 53.36807], [17.25242, 53.36875], [17.25221, 53.37066], [17.24878, 53.37421], [17.2472, 53.37462], [17.24795, 53.37591], [17.24712, 53.37767], [17.24806, 53.38029], [17.2552, 53.38049], [17.25561, 53.38127], [17.25851, 53.38082], [17.26161, 53.38392], [17.26391, 53.38443], [17.26302, 53.38562], [17.26547, 53.38612], [17.26541, 53.38705], [17.26686, 53.38729], [17.26624, 53.3877], [17.26783, 53.38776], [17.2672, 53.38849], [17.27448, 53.38991], [17.27714, 53.39256], [17.28523, 53.39429], [17.28607, 53.39636], [17.28959, 53.39694], [17.29162, 53.39924], [17.29068, 53.39991], [17.29143, 53.401], [17.29388, 53.4017], [17.29365, 53.4027], [17.29601, 53.40374], [17.2952, 53.40838], [17.29306, 53.41152], [17.29398, 53.4121], [17.29011, 53.41494], [17.2915, 53.41596], [17.29148, 53.4177], [17.29526, 53.41934], [17.2942, 53.41988], [17.29465, 53.42175], [17.30052, 53.42279], [17.30994, 53.42661], [17.31181, 53.42923], [17.31377, 53.42959], [17.31315, 53.42995], [17.31577, 53.4317], [17.31993, 53.43295], [17.32404, 53.43272], [17.32638, 53.43465], [17.32878, 53.43511], [17.33322, 53.43854], [17.3329, 53.43974], [17.33417, 53.44081], [17.33331, 53.44099], [17.33688, 53.44258], [17.33549, 53.44276], [17.33635, 53.44369], [17.33476, 53.44504], [17.33647, 53.44538], [17.33567, 53.44647], [17.33837, 53.4465], [17.33788, 53.44782], [17.33997, 53.44793], [17.33886, 53.44977], [17.34211, 53.45064], [17.34442, 53.44983], [17.34593, 53.45343], [17.34734, 53.45327], [17.34946, 53.45424], [17.35216, 53.45349], [17.3629, 53.45853], [17.36855, 53.46216], [17.37335, 53.46699], [17.38249, 53.4686], [17.3918, 53.48854], [17.39246, 53.48821], [17.39405, 53.4903], [17.39065, 53.49097], [17.39385, 53.49339], [17.39551, 53.49713], [17.39383, 53.50781], [17.40047, 53.51195], [17.40203, 53.51212], [17.4027, 53.51389], [17.40138, 53.51697], [17.404, 53.524], [17.41077, 53.53333], [17.41646, 53.53284], [17.41834, 53.53337], [17.42208, 53.53598], [17.42274, 53.53753], [17.41991, 53.54224], [17.42213, 53.54338], [17.42087, 53.5438], [17.42043, 53.54572], [17.42144, 53.54771], [17.42076, 53.54862], [17.42271, 53.55001], [17.42101, 53.55189], [17.41904, 53.55169], [17.41783, 53.55265], [17.42162, 53.55491], [17.41777, 53.55538], [17.41757, 53.55616], [17.41938, 53.55702], [17.41902, 53.55802], [17.41533, 53.55802], [17.41546, 53.55937], [17.41326, 53.56077], [17.41783, 53.56323], [17.41848, 53.56462], [17.42011, 53.56469], [17.41807, 53.56573], [17.41714, 53.56841], [17.41922, 53.56943], [17.41868, 53.57075], [17.42013, 53.57122], [17.4197, 53.57427], [17.42315, 53.57637], [17.42493, 53.5788], [17.42175, 53.58209], [17.42205, 53.58416], [17.42658, 53.58579], [17.42829, 53.58922], [17.4315, 53.59061], [17.43159, 53.59249], [17.43461, 53.59261], [17.43891, 53.59459], [17.44137, 53.59863], [17.4452, 53.59962], [17.44661, 53.60133], [17.45117, 53.60213], [17.45634, 53.59979], [17.4639, 53.60206], [17.46662, 53.60098], [17.46844, 53.60241], [17.47194, 53.60227], [17.47449, 53.60308], [17.47964, 53.60176], [17.48103, 53.60202], [17.48358, 53.60388], [17.48716, 53.605], [17.49036, 53.60515], [17.49541, 53.60716], [17.49973, 53.60766], [17.49947, 53.6093], [17.50863, 53.61716], [17.51345, 53.61777], [17.51505, 53.61751], [17.51519, 53.61616], [17.51021, 53.61318], [17.52391, 53.60555], [17.52929, 53.59293], [17.5369, 53.58753], [17.54408, 53.58027], [17.54738, 53.57956], [17.55521, 53.57937], [17.56532, 53.57802], [17.57929, 53.57845], [17.58432, 53.58351], [17.60443, 53.59689], [17.62672, 53.58781], [17.65074, 53.58164], [17.6567, 53.57115], [17.67197, 53.5702], [17.67486, 53.572], [17.67424, 53.58358], [17.67251, 53.58493], [17.65819, 53.58587], [17.65712, 53.58637], [17.65754, 53.58756], [17.65553, 53.58782], [17.65504, 53.58871], [17.65697, 53.59399], [17.66779, 53.60058], [17.66864, 53.60185], [17.67468, 53.59986], [17.68044, 53.59517], [17.68718, 53.59272], [17.69026, 53.59447], [17.69281, 53.59492], [17.70071, 53.59174], [17.70475, 53.59524], [17.73045, 53.5929], [17.73, 53.59726], [17.73186, 53.60049], [17.73382, 53.59965], [17.73568, 53.60126], [17.73469, 53.60463], [17.73506, 53.61372], [17.73355, 53.6145], [17.72876, 53.61364], [17.72607, 53.60974], [17.71096, 53.60904], [17.71153, 53.61067], [17.71839, 53.61358], [17.71969, 53.61701], [17.71702, 53.61785], [17.71502, 53.6199], [17.71472, 53.6213], [17.71934, 53.62374], [17.7151, 53.62544], [17.7143, 53.62777], [17.71178, 53.62932], [17.71193, 53.63622], [17.71414, 53.63822], [17.71942, 53.63889], [17.72022, 53.63978], [17.72363, 53.64042], [17.72291, 53.64176], [17.72379, 53.64299], [17.72735, 53.64369], [17.72733, 53.64523], [17.73297, 53.64798], [17.73158, 53.64943], [17.73332, 53.65506], [17.73627, 53.65478], [17.73834, 53.65604], [17.73352, 53.66291], [17.7375, 53.66446], [17.74356, 53.66839], [17.74422, 53.67001], [17.74412, 53.67161], [17.74018, 53.67402], [17.74069, 53.67798], [17.74671, 53.68111], [17.75154, 53.67892], [17.75391, 53.67933], [17.75427, 53.68036], [17.75773, 53.68233], [17.7587, 53.68666], [17.75979, 53.68624], [17.75954, 53.68408], [17.76085, 53.68397], [17.7613, 53.6851], [17.76192, 53.68404], [17.76391, 53.68367], [17.76441, 53.68674], [17.76688, 53.68909], [17.76509, 53.69018], [17.76261, 53.6897], [17.76208, 53.69094], [17.76433, 53.69201], [17.76315, 53.69486], [17.76812, 53.69649], [17.77219, 53.6999], [17.79811, 53.6788], [17.80575, 53.68016], [17.80724, 53.67903], [17.81697, 53.6852], [17.81752, 53.68486], [17.82018, 53.68625], [17.81947, 53.68697], [17.82326, 53.68904], [17.82416, 53.6917], [17.83348, 53.69236], [17.83896, 53.69035], [17.84754, 53.69097], [17.84863, 53.68891], [17.85031, 53.68792], [17.85187, 53.68826], [17.85171, 53.68775], [17.86441, 53.69333], [17.87334, 53.7003], [17.87839, 53.7074], [17.88156, 53.70627], [17.89, 53.70737], [17.89854, 53.71057], [17.89832, 53.71159], [17.89587, 53.71161], [17.8924, 53.71715], [17.89677, 53.71849], [17.89917, 53.72036], [17.90158, 53.72003], [17.9041, 53.72188], [17.89512, 53.72681], [17.88939, 53.72768], [17.88609, 53.73466], [17.88382, 53.73487], [17.87605, 53.74599], [17.87101, 53.74653], [17.86695, 53.74552], [17.8601, 53.75496], [17.86356, 53.75819], [17.86863, 53.75963], [17.89263, 53.75217], [17.90086, 53.74791], [17.91534, 53.74804], [17.92257, 53.74973], [17.92811, 53.75009], [17.93183, 53.74928], [17.9326, 53.74487], [17.93518, 53.74347], [17.93809, 53.74394], [17.94204, 53.74736], [17.94718, 53.74712], [17.94805, 53.74751], [17.94698, 53.74853], [17.94819, 53.74876], [17.94907, 53.74774], [17.9482, 53.74617], [17.95034, 53.74589], [17.95362, 53.7381], [17.96436, 53.73923], [17.97336, 53.73688], [17.98641, 53.73147], [17.98613, 53.72863], [17.99124, 53.72451], [17.99937, 53.72566], [18.0036, 53.72393], [18.01483, 53.72419], [18.01619, 53.72528], [18.02773, 53.72901], [18.03193, 53.72495], [18.0442, 53.73297], [18.04694, 53.73617], [18.04542, 53.73766], [18.04261, 53.73707], [18.04158, 53.73978], [18.044, 53.74091], [18.04995, 53.74123], [18.05768, 53.76047], [18.0659, 53.76762], [18.07039, 53.77322], [18.07204, 53.78108], [18.09423, 53.77491], [18.09375, 53.7724], [18.09479, 53.77269], [18.09694, 53.77175], [18.09942, 53.76745], [18.10468, 53.76811], [18.10796, 53.76962], [18.10902, 53.76912], [18.11056, 53.76702], [18.10924, 53.76578], [18.11036, 53.76431], [18.10736, 53.76137], [18.1108, 53.75822], [18.11683, 53.75937], [18.11772, 53.76283], [18.12558, 53.76427], [18.13053, 53.76938], [18.1337, 53.76928], [18.13807, 53.76753], [18.14432, 53.76813], [18.14814, 53.76753], [18.15181, 53.76826], [18.15477, 53.75772], [18.15488, 53.75324], [18.15816, 53.75202], [18.16666, 53.7466], [18.17057, 53.74526], [18.17194, 53.74684], [18.17343, 53.74583], [18.17775, 53.74596], [18.17805, 53.74415], [18.17493, 53.74367], [18.1789, 53.74355], [18.18089, 53.7472], [18.18136, 53.7533], [18.18763, 53.75463], [18.18731, 53.75563], [18.1884, 53.7558], [18.19083, 53.75531], [18.19344, 53.75546], [18.19394, 53.75638], [18.20152, 53.75619], [18.2012, 53.75316], [18.19968, 53.75209], [18.20037, 53.74403], [18.19794, 53.74144], [18.19523, 53.74269], [18.19413, 53.74002], [18.1981, 53.73848], [18.20491, 53.74021], [18.20717, 53.74347], [18.2087, 53.7439], [18.20822, 53.74513], [18.21157, 53.74502], [18.21298, 53.74709], [18.21552, 53.74768], [18.21414, 53.75086], [18.21688, 53.75178], [18.22126, 53.75171], [18.21903, 53.73984], [18.24984, 53.74478], [18.24758, 53.74407], [18.25078, 53.74324], [18.25451, 53.74574], [18.25724, 53.74589], [18.25819, 53.74511], [18.25738, 53.74426], [18.2596, 53.74252], [18.26758, 53.74234], [18.26809, 53.7414], [18.26488, 53.74099], [18.26971, 53.73437], [18.27387, 53.73183], [18.26786, 53.72782], [18.26592, 53.72487], [18.26709, 53.72507], [18.26789, 53.72422], [18.27052, 53.72477], [18.27293, 53.7232], [18.27639, 53.72284], [18.27668, 53.72069], [18.27325, 53.71852], [18.27412, 53.71677], [18.2542, 53.71131], [18.25468, 53.70971], [18.25836, 53.70755], [18.25714, 53.70749], [18.26376, 53.70098], [18.29405, 53.69914], [18.30617, 53.69699], [18.31628, 53.69653], [18.32535, 53.69468], [18.33854, 53.69302], [18.34123, 53.69326], [18.34296, 53.69225]]]}}, {"type": "Feature", "properties": {"kod": "06", "nazwa": "lubelskie"}, "geometry": {"type": "Polygon", "coordinates": [[[23.99754, 50.41214], [23.94076, 50.41391], [23.88399, 50.40827], [23.87987, 50.4089], [23.8457, 50.40605], [23.80336, 50.40477], [23.77883, 50.4011], [23.72703, 50.38801], [23.70874, 50.37926], [23.70312, 50.3753], [23.69665, 50.36618], [23.69115, 50.35334], [23.69124, 50.34689], [23.68633, 50.33164], [23.63885, 50.32051], [23.63104, 50.3048], [23.61157, 50.29925], [23.58101, 50.266], [23.55868, 50.25701], [23.54791, 50.25181], [23.5439, 50.25304], [23.54395, 50.2567], [23.54265, 50.25687], [23.54279, 50.25849], [23.53206, 50.25941], [23.53137, 50.262], [23.52784, 50.26234], [23.51347, 50.26059], [23.5088, 50.2613], [23.51459, 50.27084], [23.51254, 50.27497], [23.51395, 50.27879], [23.50656, 50.2807], [23.50374, 50.2804], [23.50114, 50.28516], [23.50589, 50.2872], [23.51834, 50.28988], [23.51995, 50.29546], [23.51746, 50.2955], [23.51294, 50.29737], [23.50956, 50.29471], [23.5079, 50.29441], [23.50808, 50.29516], [23.50527, 50.29678], [23.50566, 50.29754], [23.50017, 50.29956], [23.49383, 50.29972], [23.47004, 50.29363], [23.45705, 50.30316], [23.42849, 50.3023], [23.41285, 50.30765], [23.40334, 50.30138], [23.43533, 50.3432], [23.4358, 50.34699], [23.43505, 50.34781], [23.43162, 50.34819], [23.42816, 50.34761], [23.42557, 50.34804], [23.42168, 50.34917], [23.42201, 50.35014], [23.41822, 50.35011], [23.41247, 50.35152], [23.41204, 50.35298], [23.40906, 50.35446], [23.4096, 50.35707], [23.40566, 50.35726], [23.40568, 50.35836], [23.40439, 50.3583], [23.40531, 50.35909], [23.40538, 50.36037], [23.40437, 50.3607], [23.4053, 50.36477], [23.40055, 50.36294], [23.39844, 50.36603], [23.39291, 50.36503], [23.3915, 50.36709], [23.37822, 50.36888], [23.3739, 50.377], [23.38171, 50.38022], [23.38034, 50.38041], [23.38276, 50.38327], [23.37971, 50.38367], [23.37497, 50.38747], [23.36616, 50.38878], [23.36723, 50.39277], [23.36633, 50.39373], [23.3697, 50.39594], [23.36806, 50.39721], [23.37019, 50.39953], [23.37358, 50.40003], [23.37401, 50.40162], [23.37601, 50.40105], [23.3773, 50.40177], [23.3808, 50.40015], [23.38081, 50.39904], [23.38472, 50.3985], [23.38494, 50.40131], [23.38757, 50.40539], [23.38031, 50.40699], [23.37544, 50.407], [23.35815, 50.41054], [23.35353, 50.40186], [23.34447, 50.39916], [23.33866, 50.3992], [23.32801, 50.39507], [23.31757, 50.39267], [23.30965, 50.38584], [23.30528, 50.38001], [23.29441, 50.37705], [23.27909, 50.37616], [23.26705, 50.37064], [23.25034, 50.35911], [23.25138, 50.36151], [23.25248, 50.36166], [23.2516, 50.36209], [23.25312, 50.36471], [23.24446, 50.36888], [23.23854, 50.37075], [23.23866, 50.37139], [23.23255, 50.37433], [23.23272, 50.3758], [23.22965, 50.37597], [23.22862, 50.37661], [23.22919, 50.3772], [23.22752, 50.37734], [23.22767, 50.37995], [23.22633, 50.38065], [23.22515, 50.37994], [23.22302, 50.38053], [23.22171, 50.38299], [23.21798, 50.38373], [23.21951, 50.38534], [23.21933, 50.38598], [23.21833, 50.38589], [23.2196, 50.38753], [23.21866, 50.3883], [23.2155, 50.38891], [23.21476, 50.38794], [23.21216, 50.38891], [23.21189, 50.38832], [23.21019, 50.38882], [23.20996, 50.38829], [23.20916, 50.38895], [23.20627, 50.38893], [23.20466, 50.38754], [23.20308, 50.38791], [23.20359, 50.39009], [23.19931, 50.39119], [23.19389, 50.39091], [23.19406, 50.39312], [23.19224, 50.39533], [23.19072, 50.39546], [23.19109, 50.39468], [23.18733, 50.39551], [23.18708, 50.39466], [23.18197, 50.39617], [23.18234, 50.39542], [23.18067, 50.39428], [23.1787, 50.39541], [23.17761, 50.39206], [23.08939, 50.32995], [23.07625, 50.32737], [23.07483, 50.32507], [23.0734, 50.32445], [23.07058, 50.32491], [23.06728, 50.32348], [23.06692, 50.32052], [23.06082, 50.31621], [23.0538, 50.30557], [23.03209, 50.29325], [23.03021, 50.29304], [23.02966, 50.29107], [23.02786, 50.29008], [23.0281, 50.28886], [23.02483, 50.28806], [23.01949, 50.28864], [23.01896, 50.28715], [23.00815, 50.28772], [23.00836, 50.29017], [22.99329, 50.29292], [22.98508, 50.29306], [22.98515, 50.2943], [22.97815, 50.29423], [22.97721, 50.29494], [22.95672, 50.29322], [22.94834, 50.29331], [22.9441, 50.2922], [22.93707, 50.29242], [22.92369, 50.29527], [22.90424, 50.29804], [22.89008, 50.30151], [22.88012, 50.30074], [22.85529, 50.29446], [22.8214, 50.30196], [22.7916, 50.30234], [22.77646, 50.30134], [22.77139, 50.30241], [22.761, 50.30221], [22.75719, 50.30323], [22.75386, 50.30259], [22.7514, 50.3033], [22.74035, 50.30092], [22.73668, 50.30198], [22.73147, 50.29989], [22.7277, 50.29942], [22.72616, 50.29743], [22.72215, 50.29684], [22.72206, 50.29614], [22.71724, 50.29512], [22.71605, 50.29398], [22.71312, 50.29408], [22.70755, 50.29116], [22.70319, 50.29243], [22.70177, 50.29464], [22.69759, 50.29459], [22.69526, 50.29643], [22.68793, 50.29771], [22.68523, 50.29952], [22.68329, 50.29872], [22.68181, 50.29916], [22.68184, 50.29833], [22.67355, 50.29795], [22.67163, 50.30154], [22.66354, 50.30182], [22.66137, 50.30257], [22.65918, 50.30108], [22.65693, 50.30087], [22.64453, 50.30593], [22.63822, 50.30308], [22.63841, 50.30362], [22.63605, 50.3036], [22.63227, 50.3055], [22.6261, 50.3061], [22.62363, 50.30789], [22.62116, 50.30761], [22.6187, 50.30859], [22.61641, 50.30742], [22.61576, 50.30945], [22.61398, 50.3089], [22.61271, 50.30987], [22.60765, 50.31078], [22.60806, 50.31137], [22.60696, 50.31101], [22.60658, 50.32545], [22.61034, 50.33], [22.61971, 50.33304], [22.64087, 50.3364], [22.65261, 50.33642], [22.66062, 50.33785], [22.66993, 50.34], [22.67394, 50.34413], [22.68693, 50.34507], [22.68611, 50.34935], [22.6876, 50.35246], [22.68796, 50.35692], [22.68211, 50.35652], [22.6777, 50.35537], [22.67243, 50.35537], [22.67233, 50.35468], [22.67173, 50.3552], [22.67037, 50.35429], [22.66781, 50.35446], [22.66673, 50.35373], [22.66587, 50.35458], [22.66361, 50.35472], [22.6628, 50.35576], [22.65974, 50.35512], [22.65818, 50.35572], [22.65561, 50.35537], [22.65088, 50.35766], [22.64785, 50.35757], [22.64722, 50.35849], [22.64377, 50.35814], [22.64286, 50.35873], [22.64217, 50.35789], [22.64136, 50.35855], [22.63986, 50.35785], [22.63655, 50.35855], [22.63504, 50.35751], [22.63182, 50.35788], [22.62862, 50.35678], [22.62457, 50.3575], [22.61883, 50.35387], [22.61294, 50.35281], [22.6102, 50.35137], [22.60788, 50.35178], [22.60213, 50.34909], [22.59551, 50.34874], [22.59132, 50.35203], [22.58343, 50.35551], [22.57399, 50.35678], [22.57324, 50.35754], [22.57176, 50.35742], [22.57142, 50.35667], [22.56518, 50.35906], [22.55786, 50.35691], [22.55708, 50.35746], [22.5558, 50.35715], [22.55488, 50.3563], [22.5459, 50.35727], [22.54246, 50.35572], [22.54097, 50.35596], [22.54088, 50.35509], [22.54019, 50.35567], [22.53832, 50.35454], [22.53479, 50.35467], [22.53443, 50.35381], [22.53386, 50.35517], [22.53211, 50.35451], [22.53154, 50.35493], [22.53048, 50.35431], [22.53163, 50.35374], [22.52971, 50.35334], [22.53034, 50.35199], [22.52607, 50.35167], [22.52578, 50.35076], [22.5227, 50.35159], [22.52107, 50.35075], [22.52098, 50.34965], [22.51864, 50.34903], [22.51894, 50.34853], [22.51564, 50.34839], [22.51653, 50.34731], [22.51519, 50.34576], [22.51252, 50.34591], [22.51125, 50.34552], [22.51145, 50.34471], [22.51004, 50.34514], [22.5101, 50.34444], [22.507, 50.34361], [22.50663, 50.34544], [22.50114, 50.34621], [22.50123, 50.34743], [22.50322, 50.34839], [22.50142, 50.35118], [22.50373, 50.35286], [22.48038, 50.35312], [22.48227, 50.35509], [22.45737, 50.36789], [22.45519, 50.36678], [22.45141, 50.3708], [22.45291, 50.38859], [22.44584, 50.39013], [22.44464, 50.39152], [22.4389, 50.3924], [22.43841, 50.39157], [22.4352, 50.39247], [22.43721, 50.39967], [22.42057, 50.40017], [22.41941, 50.39688], [22.40782, 50.39761], [22.40545, 50.39444], [22.40294, 50.39524], [22.40503, 50.39822], [22.41194, 50.42341], [22.44622, 50.41895], [22.45007, 50.43297], [22.45951, 50.43409], [22.45639, 50.4458], [22.44745, 50.44493], [22.44695, 50.44666], [22.44994, 50.44691], [22.44959, 50.44861], [22.45665, 50.44929], [22.45634, 50.45219], [22.4522, 50.45327], [22.44723, 50.45625], [22.44416, 50.4607], [22.44445, 50.46211], [22.46333, 50.4657], [22.46225, 50.4624], [22.46393, 50.46221], [22.4659, 50.46007], [22.46815, 50.46051], [22.47083, 50.45928], [22.49719, 50.4552], [22.50427, 50.45519], [22.50581, 50.45638], [22.50994, 50.45661], [22.51069, 50.46022], [22.50729, 50.46754], [22.52071, 50.46409], [22.52003, 50.4622], [22.52284, 50.46022], [22.52416, 50.45759], [22.52392, 50.45643], [22.52104, 50.45544], [22.52319, 50.45373], [22.52532, 50.45431], [22.52586, 50.45255], [22.52985, 50.44963], [22.53034, 50.44707], [22.5455, 50.45198], [22.54883, 50.46029], [22.55109, 50.46215], [22.55572, 50.46027], [22.56598, 50.45947], [22.56809, 50.46166], [22.56628, 50.46339], [22.56183, 50.4638], [22.55733, 50.46098], [22.5538, 50.4655], [22.55569, 50.46575], [22.55768, 50.46832], [22.55922, 50.46823], [22.56009, 50.46915], [22.5716, 50.47208], [22.5862, 50.47735], [22.58725, 50.48085], [22.5864, 50.48305], [22.5824, 50.4832], [22.58157, 50.48179], [22.56715, 50.48047], [22.56723, 50.48323], [22.52545, 50.47514], [22.52698, 50.48012], [22.52593, 50.4805], [22.5249, 50.47984], [22.52358, 50.47719], [22.51949, 50.47841], [22.518, 50.47693], [22.51614, 50.47735], [22.51508, 50.47941], [22.51384, 50.47921], [22.5115, 50.4816], [22.50564, 50.48371], [22.51108, 50.48339], [22.51228, 50.48455], [22.51095, 50.48605], [22.51227, 50.48669], [22.53391, 50.48317], [22.53952, 50.48411], [22.54541, 50.48642], [22.54604, 50.48573], [22.54773, 50.48707], [22.5688, 50.4946], [22.57166, 50.49496], [22.57087, 50.49531], [22.57167, 50.49655], [22.56712, 50.49838], [22.57699, 50.5043], [22.57113, 50.50978], [22.55516, 50.50555], [22.55117, 50.5078], [22.54851, 50.50793], [22.5442, 50.50712], [22.54124, 50.50567], [22.52883, 50.51277], [22.5367, 50.51669], [22.52761, 50.52199], [22.53539, 50.52411], [22.53402, 50.52579], [22.53438, 50.53247], [22.53221, 50.5314], [22.53176, 50.53183], [22.53328, 50.53305], [22.53446, 50.53758], [22.52022, 50.5342], [22.51172, 50.53906], [22.51814, 50.54232], [22.52365, 50.5423], [22.52306, 50.54321], [22.51989, 50.54321], [22.52017, 50.54882], [22.53849, 50.54985], [22.53547, 50.55324], [22.53624, 50.57206], [22.53359, 50.57261], [22.52773, 50.57599], [22.51974, 50.58323], [22.50962, 50.58009], [22.51042, 50.57891], [22.51228, 50.57851], [22.51153, 50.57748], [22.51545, 50.57779], [22.51502, 50.5755], [22.50578, 50.57561], [22.5065, 50.57728], [22.50905, 50.57742], [22.5065, 50.57759], [22.50647, 50.58423], [22.49171, 50.5828], [22.49232, 50.57969], [22.49122, 50.57817], [22.48953, 50.57826], [22.48934, 50.57735], [22.49085, 50.57646], [22.48362, 50.57574], [22.48476, 50.57684], [22.48839, 50.57685], [22.4868, 50.57767], [22.48939, 50.57935], [22.48883, 50.58015], [22.48323, 50.5812], [22.47079, 50.58522], [22.46535, 50.58441], [22.46481, 50.5852], [22.46841, 50.58603], [22.46528, 50.59194], [22.46226, 50.59131], [22.46266, 50.59059], [22.46079, 50.59103], [22.45497, 50.58986], [22.45526, 50.58902], [22.42658, 50.58428], [22.42012, 50.58063], [22.40732, 50.58553], [22.39958, 50.59378], [22.39589, 50.59526], [22.38266, 50.59794], [22.38061, 50.60105], [22.38093, 50.60242], [22.37867, 50.60421], [22.37421, 50.6039], [22.37364, 50.60497], [22.37074, 50.60499], [22.36721, 50.60721], [22.36575, 50.60642], [22.36466, 50.60755], [22.35676, 50.60903], [22.35687, 50.61154], [22.35394, 50.61179], [22.35174, 50.61101], [22.34836, 50.61449], [22.34664, 50.61389], [22.34599, 50.61197], [22.34319, 50.61218], [22.34243, 50.61252], [22.3432, 50.6133], [22.34076, 50.61427], [22.33931, 50.61396], [22.34018, 50.61434], [22.33871, 50.61519], [22.33861, 50.61383], [22.33502, 50.61477], [22.33586, 50.61562], [22.3339, 50.6156], [22.33207, 50.61664], [22.329, 50.6155], [22.32642, 50.61738], [22.31951, 50.6191], [22.3188, 50.61857], [22.31618, 50.61887], [22.31554, 50.61949], [22.31215, 50.61909], [22.30901, 50.6166], [22.30679, 50.61686], [22.30385, 50.6186], [22.29975, 50.61689], [22.29816, 50.6198], [22.29443, 50.61803], [22.28982, 50.61905], [22.29147, 50.62214], [22.28926, 50.62304], [22.28798, 50.6229], [22.28666, 50.62126], [22.28179, 50.62264], [22.27649, 50.62186], [22.27373, 50.62261], [22.27243, 50.62058], [22.26812, 50.62095], [22.26492, 50.62225], [22.25708, 50.62027], [22.25338, 50.62117], [22.2492, 50.62068], [22.24629, 50.62337], [22.24703, 50.63384], [22.23363, 50.64676], [22.2325, 50.65266], [22.22318, 50.65976], [22.21157, 50.66271], [22.20629, 50.6662], [22.19802, 50.66671], [22.19405, 50.66487], [22.18937, 50.66442], [22.18515, 50.66631], [22.17023, 50.66648], [22.16302, 50.66719], [22.15485, 50.66911], [22.14945, 50.66894], [22.1414, 50.66988], [22.14302, 50.67118], [22.14476, 50.6711], [22.14658, 50.67223], [22.14704, 50.674], [22.146, 50.67461], [22.14725, 50.6762], [22.14628, 50.67812], [22.14803, 50.67817], [22.14995, 50.67927], [22.15459, 50.67914], [22.1588, 50.6816], [22.15882, 50.68434], [22.16118, 50.68556], [22.16239, 50.68514], [22.1626, 50.68576], [22.16464, 50.6859], [22.1665, 50.68789], [22.16908, 50.68888], [22.16832, 50.6896], [22.17038, 50.69285], [22.16963, 50.69434], [22.17091, 50.69515], [22.17035, 50.69644], [22.1763, 50.7007], [22.17531, 50.70251], [22.1733, 50.70295], [22.17037, 50.70619], [22.19789, 50.74798], [22.19999, 50.74738], [22.20105, 50.74877], [22.19877, 50.7493], [22.20078, 50.75244], [22.20356, 50.75067], [22.20559, 50.75401], [22.20395, 50.75553], [22.20091, 50.75623], [22.20122, 50.75739], [22.19994, 50.75771], [22.20001, 50.75842], [22.19761, 50.75879], [22.19749, 50.76089], [22.19163, 50.7618], [22.19085, 50.76316], [22.18575, 50.76422], [22.18614, 50.76625], [22.17976, 50.76738], [22.17695, 50.76591], [22.15231, 50.77179], [22.15695, 50.77742], [22.16227, 50.78942], [22.16292, 50.79732], [22.13118, 50.80231], [22.09455, 50.81404], [22.07073, 50.81642], [22.05955, 50.81831], [22.05196, 50.82055], [22.04689, 50.81795], [22.03985, 50.80879], [22.02657, 50.80275], [22.0201, 50.79828], [22.01688, 50.79781], [22.01334, 50.79594], [22.01206, 50.79256], [22.00584, 50.79052], [21.99484, 50.7834], [21.9897, 50.78379], [21.98665, 50.78605], [21.98221, 50.7874], [21.98176, 50.7846], [21.97794, 50.78508], [21.9724, 50.78784], [21.96663, 50.78464], [21.96403, 50.78206], [21.95631, 50.77812], [21.94946, 50.77142], [21.94038, 50.77184], [21.93021, 50.77388], [21.9206, 50.77462], [21.91131, 50.77625], [21.89835, 50.77973], [21.88281, 50.77832], [21.8753, 50.77969], [21.87613, 50.78211], [21.87547, 50.78406], [21.87752, 50.78533], [21.87971, 50.78892], [21.87472, 50.7982], [21.8643, 50.80271], [21.86903, 50.81363], [21.86889, 50.81676], [21.86651, 50.82214], [21.86014, 50.82717], [21.84674, 50.83523], [21.84233, 50.84022], [21.84163, 50.84433], [21.84741, 50.85656], [21.84793, 50.86003], [21.84393, 50.8679], [21.83189, 50.88297], [21.82898, 50.89596], [21.83092, 50.9017], [21.83074, 50.90503], [21.82458, 50.91709], [21.8163, 50.92827], [21.81287, 50.93455], [21.81185, 50.94796], [21.81291, 50.95511], [21.81952, 50.96414], [21.81997, 50.96752], [21.81962, 50.96987], [21.81752, 50.97217], [21.8172, 50.978], [21.82158, 50.98662], [21.82032, 50.99547], [21.82074, 51.00462], [21.81948, 51.0092], [21.80329, 51.02189], [21.80265, 51.02526], [21.8037, 51.03003], [21.80538, 51.03245], [21.82097, 51.03918], [21.82586, 51.04392], [21.82638, 51.04703], [21.82349, 51.05335], [21.82329, 51.05653], [21.82164, 51.05867], [21.80321, 51.07182], [21.79963, 51.07623], [21.79803, 51.08242], [21.79981, 51.08705], [21.79766, 51.09527], [21.79307, 51.09961], [21.79047, 51.11586], [21.79277, 51.12708], [21.79956, 51.12715], [21.7994, 51.13475], [21.79151, 51.14065], [21.78701, 51.14521], [21.78485, 51.15057], [21.78605, 51.15927], [21.78869, 51.16625], [21.79194, 51.17136], [21.78987, 51.17666], [21.79253, 51.18014], [21.78331, 51.17905], [21.78323, 51.18423], [21.78676, 51.19313], [21.78849, 51.20158], [21.79462, 51.20822], [21.80004, 51.21676], [21.80119, 51.2207], [21.80362, 51.22021], [21.80794, 51.22487], [21.80835, 51.2268], [21.81655, 51.23059], [21.81394, 51.23554], [21.81327, 51.23993], [21.80819, 51.24527], [21.80824, 51.25434], [21.81196, 51.25601], [21.81248, 51.25793], [21.83049, 51.2668], [21.83937, 51.26919], [21.84909, 51.27048], [21.85622, 51.27428], [21.86011, 51.2747], [21.83637, 51.28354], [21.83828, 51.28752], [21.83484, 51.28893], [21.83431, 51.28841], [21.83129, 51.28909], [21.82999, 51.28457], [21.82519, 51.28279], [21.82302, 51.28068], [21.8167, 51.28229], [21.81635, 51.28353], [21.8124, 51.28528], [21.81438, 51.28599], [21.81402, 51.28692], [21.81711, 51.28916], [21.81181, 51.2916], [21.80658, 51.29028], [21.80277, 51.29091], [21.80245, 51.28951], [21.80098, 51.28875], [21.79418, 51.28801], [21.79573, 51.28681], [21.79501, 51.28631], [21.79179, 51.28664], [21.79174, 51.28524], [21.78682, 51.28498], [21.78312, 51.2938], [21.78934, 51.29356], [21.79261, 51.29442], [21.79384, 51.29316], [21.79609, 51.29394], [21.79546, 51.29527], [21.80892, 51.29917], [21.81086, 51.30176], [21.81435, 51.30229], [21.8145, 51.30003], [21.81958, 51.29993], [21.81937, 51.30271], [21.8234, 51.30335], [21.82472, 51.31389], [21.82744, 51.31336], [21.8245, 51.31485], [21.83119, 51.32596], [21.82904, 51.32631], [21.83001, 51.32803], [21.83385, 51.3311], [21.83559, 51.33088], [21.83659, 51.33261], [21.83278, 51.33395], [21.83506, 51.33784], [21.82834, 51.33928], [21.82952, 51.34129], [21.83036, 51.34115], [21.83327, 51.34536], [21.84168, 51.35067], [21.84545, 51.35414], [21.84894, 51.35339], [21.85113, 51.35199], [21.85375, 51.35173], [21.84796, 51.36502], [21.84682, 51.36469], [21.83794, 51.37857], [21.83452, 51.37754], [21.83216, 51.38049], [21.82526, 51.3759], [21.81598, 51.37159], [21.81171, 51.37779], [21.80665, 51.37504], [21.7972, 51.38232], [21.79106, 51.39073], [21.78982, 51.39488], [21.79283, 51.39522], [21.78447, 51.3975], [21.78155, 51.39615], [21.77992, 51.39428], [21.76849, 51.39109], [21.76096, 51.40125], [21.76401, 51.4022], [21.76135, 51.40578], [21.76774, 51.41351], [21.78009, 51.41164], [21.78155, 51.41552], [21.78556, 51.41493], [21.78757, 51.42013], [21.7938, 51.42068], [21.79415, 51.42169], [21.79767, 51.42219], [21.79987, 51.42399], [21.80125, 51.42758], [21.81272, 51.42916], [21.81345, 51.4275], [21.82826, 51.42577], [21.82718, 51.42441], [21.83282, 51.42282], [21.835, 51.42058], [21.83318, 51.41725], [21.8397, 51.41753], [21.84102, 51.42142], [21.85104, 51.43061], [21.85057, 51.4361], [21.85601, 51.44452], [21.85448, 51.44753], [21.85829, 51.45162], [21.86064, 51.45707], [21.86198, 51.45854], [21.86453, 51.45919], [21.86804, 51.46275], [21.87399, 51.47161], [21.87318, 51.47491], [21.86538, 51.47504], [21.85849, 51.47674], [21.85206, 51.48027], [21.8482, 51.48466], [21.84695, 51.48878], [21.84729, 51.49211], [21.849, 51.49557], [21.855, 51.50259], [21.85555, 51.5096], [21.8528, 51.51419], [21.8438, 51.52167], [21.83952, 51.53032], [21.83273, 51.53623], [21.83175, 51.53949], [21.83311, 51.54584], [21.83238, 51.55295], [21.82935, 51.55801], [21.82489, 51.5616], [21.81735, 51.56416], [21.80461, 51.56563], [21.79095, 51.56849], [21.78522, 51.56884], [21.77839, 51.56756], [21.76421, 51.56142], [21.75581, 51.56045], [21.73945, 51.56387], [21.72529, 51.56553], [21.71314, 51.56837], [21.69476, 51.57047], [21.67932, 51.57702], [21.66383, 51.57902], [21.65749, 51.58108], [21.65355, 51.58577], [21.65302, 51.59653], [21.65024, 51.60159], [21.64487, 51.6045], [21.62763, 51.60901], [21.61554, 51.61756], [21.62529, 51.6239], [21.63172, 51.62499], [21.63415, 51.62622], [21.63492, 51.62513], [21.63677, 51.62656], [21.64009, 51.62589], [21.64049, 51.64432], [21.6362, 51.64625], [21.63939, 51.64771], [21.6378, 51.65103], [21.63568, 51.65204], [21.63623, 51.65432], [21.63903, 51.65692], [21.64202, 51.65809], [21.64631, 51.65855], [21.64723, 51.6603], [21.65247, 51.65923], [21.65245, 51.65851], [21.66717, 51.65191], [21.66797, 51.65276], [21.66968, 51.65219], [21.67054, 51.65342], [21.67181, 51.65007], [21.68541, 51.64517], [21.68666, 51.64582], [21.68916, 51.6439], [21.69449, 51.64379], [21.69424, 51.64312], [21.69915, 51.64161], [21.69843, 51.64141], [21.70424, 51.63883], [21.70487, 51.63967], [21.70627, 51.63933], [21.70846, 51.6382], [21.70697, 51.63757], [21.70836, 51.63691], [21.70915, 51.6377], [21.71098, 51.63682], [21.71013, 51.63649], [21.71335, 51.63555], [21.71306, 51.63397], [21.7221, 51.63741], [21.72674, 51.61806], [21.74922, 51.61205], [21.75514, 51.62553], [21.75532, 51.62903], [21.75726, 51.62813], [21.76243, 51.63034], [21.76151, 51.63344], [21.75872, 51.63487], [21.75852, 51.63827], [21.76002, 51.64041], [21.77582, 51.64242], [21.77188, 51.64767], [21.77479, 51.64873], [21.77495, 51.64581], [21.77729, 51.64249], [21.77798, 51.64416], [21.78231, 51.64358], [21.7844, 51.644], [21.78714, 51.64615], [21.78895, 51.64954], [21.79193, 51.65075], [21.79842, 51.65027], [21.80164, 51.64932], [21.80272, 51.64861], [21.80278, 51.64684], [21.83063, 51.64823], [21.83071, 51.65231], [21.83872, 51.65222], [21.84005, 51.66031], [21.84183, 51.65943], [21.84055, 51.66734], [21.84591, 51.66768], [21.84497, 51.67316], [21.84769, 51.67346], [21.8487, 51.6711], [21.85184, 51.66899], [21.8562, 51.66868], [21.85818, 51.67256], [21.85581, 51.67724], [21.85568, 51.68018], [21.85996, 51.67746], [21.87775, 51.67658], [21.8798, 51.68849], [21.87785, 51.68846], [21.88072, 51.69168], [21.87998, 51.69363], [21.88174, 51.69365], [21.88902, 51.69667], [21.89534, 51.69728], [21.89542, 51.69879], [21.89832, 51.70059], [21.89841, 51.70166], [21.90333, 51.70416], [21.90224, 51.70658], [21.901, 51.70705], [21.8853, 51.70813], [21.88433, 51.71106], [21.87676, 51.7117], [21.87422, 51.71804], [21.87268, 51.71974], [21.86983, 51.72082], [21.87338, 51.72452], [21.87366, 51.72873], [21.87079, 51.73284], [21.86711, 51.73252], [21.85765, 51.73521], [21.85754, 51.73475], [21.84778, 51.73686], [21.84799, 51.74294], [21.84158, 51.74306], [21.84158, 51.74358], [21.83575, 51.7438], [21.83529, 51.74445], [21.83591, 51.74942], [21.84057, 51.74938], [21.84518, 51.75286], [21.84441, 51.75838], [21.85266, 51.75954], [21.85775, 51.75946], [21.85912, 51.76017], [21.85974, 51.76215], [21.86325, 51.76432], [21.86524, 51.76373], [21.86656, 51.76866], [21.87066, 51.7687], [21.88077, 51.77082], [21.89036, 51.77038], [21.89733, 51.7688], [21.90031, 51.77758], [21.91531, 51.7806], [21.92197, 51.77787], [21.92715, 51.77875], [21.93523, 51.78537], [21.94471, 51.78679], [21.94622, 51.78758], [21.94749, 51.79068], [21.95148, 51.79505], [21.95642, 51.79381], [21.95651, 51.79595], [21.95289, 51.79558], [21.95269, 51.80461], [21.95058, 51.80469], [21.95066, 51.80943], [21.94583, 51.80881], [21.94351, 51.81595], [21.94443, 51.81729], [21.94384, 51.82227], [21.9422, 51.82597], [21.93459, 51.82938], [21.93374, 51.83216], [21.92626, 51.83401], [21.92742, 51.83792], [21.91727, 51.83957], [21.91355, 51.83813], [21.91243, 51.83628], [21.91114, 51.83639], [21.90958, 51.83488], [21.90215, 51.83644], [21.89839, 51.83561], [21.89666, 51.83665], [21.89528, 51.83622], [21.89463, 51.83279], [21.87125, 51.83553], [21.87038, 51.83507], [21.87102, 51.82967], [21.86649, 51.82946], [21.86044, 51.83088], [21.86062, 51.82845], [21.85859, 51.82921], [21.85598, 51.83383], [21.85858, 51.83706], [21.85708, 51.8396], [21.85182, 51.83991], [21.85091, 51.84142], [21.84532, 51.84124], [21.8448, 51.84954], [21.84796, 51.84954], [21.84894, 51.84996], [21.84855, 51.85093], [21.85109, 51.851], [21.85211, 51.84971], [21.86717, 51.85426], [21.89041, 51.85715], [21.88583, 51.8603], [21.89246, 51.87014], [21.90015, 51.87573], [21.89721, 51.88324], [21.91285, 51.88653], [21.91031, 51.89107], [21.90271, 51.89678], [21.90802, 51.90302], [21.89628, 51.90685], [21.88557, 51.91181], [21.88766, 51.91478], [21.88922, 51.92226], [21.88894, 51.92649], [21.89011, 51.92844], [21.88051, 51.93099], [21.87824, 51.93308], [21.87541, 51.93998], [21.86638, 51.94343], [21.8695, 51.95358], [21.87683, 51.95431], [21.88031, 51.97103], [21.89297, 51.97405], [21.90281, 51.98048], [21.91002, 51.97771], [21.92155, 51.98088], [21.92061, 51.98204], [21.93166, 51.98819], [21.93419, 51.99319], [21.94025, 51.99192], [21.94163, 51.9925], [21.94459, 51.99231], [21.94556, 51.99304], [21.94888, 51.99242], [21.95473, 51.99311], [21.96104, 51.99131], [21.96238, 51.99159], [21.96393, 51.99094], [21.96335, 51.99027], [21.96696, 51.98884], [21.96853, 51.98898], [21.97146, 51.99264], [21.98685, 52.00077], [21.99768, 52.01214], [22.00643, 52.00894], [22.01355, 52.01062], [22.02652, 52.01574], [22.02985, 52.02171], [22.04405, 52.02174], [22.05113, 52.02054], [22.05715, 52.01486], [22.06422, 52.01009], [22.07631, 52.00597], [22.1119, 52.00256], [22.11454, 52.00147], [22.11933, 52.00322], [22.13128, 52.00407], [22.13861, 52.00681], [22.14618, 52.0147], [22.14786, 52.02536], [22.15191, 52.02835], [22.2122, 52.01379], [22.22152, 52.01301], [22.22812, 52.01103], [22.23515, 52.00996], [22.24203, 52.00969], [22.25097, 52.00513], [22.25364, 52.00451], [22.26798, 52.01095], [22.27165, 52.01341], [22.28091, 52.01612], [22.28562, 52.01926], [22.28949, 52.02484], [22.28724, 52.0279], [22.2948, 52.02765], [22.29746, 52.03746], [22.32268, 52.03689], [22.32446, 52.02293], [22.32105, 52.01885], [22.31688, 52.01584], [22.31622, 52.01345], [22.32052, 52.00972], [22.32222, 52.00674], [22.32705, 52.00301], [22.33463, 51.9985], [22.34435, 51.996], [22.35009, 52.0002], [22.35982, 52.00162], [22.36293, 52.00381], [22.37192, 52.00696], [22.38042, 52.0166], [22.3817, 52.01577], [22.38461, 52.01631], [22.4026, 52.01415], [22.40926, 52.01416], [22.41264, 52.01522], [22.42504, 52.01503], [22.43195, 52.01795], [22.43353, 52.01743], [22.44118, 52.02218], [22.44202, 52.02783], [22.44394, 52.02981], [22.45372, 52.02863], [22.456, 52.02962], [22.45823, 52.03731], [22.46263, 52.03824], [22.46351, 52.045], [22.46789, 52.04932], [22.46959, 52.04895], [22.46986, 52.05412], [22.47821, 52.06107], [22.48107, 52.06023], [22.48329, 52.06723], [22.49621, 52.06902], [22.5043, 52.06933], [22.50547, 52.06993], [22.50893, 52.06845], [22.51595, 52.06838], [22.51538, 52.06571], [22.51689, 52.06443], [22.52163, 52.06357], [22.52036, 52.05729], [22.52809, 52.05108], [22.53935, 52.05015], [22.54835, 52.05093], [22.5475, 52.04452], [22.56104, 52.04081], [22.56733, 52.04009], [22.57276, 52.0381], [22.57661, 52.03803], [22.58145, 52.04062], [22.5864, 52.04208], [22.58565, 52.0374], [22.60828, 52.03696], [22.60736, 52.03268], [22.60901, 52.0324], [22.60814, 52.03172], [22.60867, 52.02734], [22.6168, 52.01909], [22.6229, 52.01874], [22.62896, 52.02396], [22.62968, 52.02788], [22.63192, 52.02857], [22.63375, 52.03104], [22.63773, 52.03215], [22.64006, 52.03159], [22.64369, 52.03262], [22.65048, 52.03262], [22.6548, 52.03538], [22.66136, 52.03659], [22.6599, 52.03971], [22.66452, 52.04688], [22.66275, 52.05077], [22.66519, 52.05385], [22.66612, 52.05968], [22.66914, 52.06273], [22.66842, 52.06409], [22.66588, 52.06505], [22.66768, 52.06772], [22.66379, 52.07046], [22.66559, 52.07253], [22.66506, 52.07485], [22.66629, 52.07597], [22.66672, 52.07961], [22.66598, 52.08112], [22.65744, 52.08717], [22.64829, 52.09086], [22.65055, 52.09367], [22.65477, 52.09547], [22.66708, 52.10331], [22.66898, 52.10539], [22.67993, 52.10964], [22.68365, 52.11008], [22.69943, 52.11777], [22.69847, 52.1082], [22.70661, 52.10546], [22.71579, 52.10369], [22.72132, 52.10082], [22.72237, 52.09847], [22.72625, 52.09711], [22.73078, 52.0963], [22.74169, 52.0969], [22.74151, 52.09623], [22.74712, 52.09517], [22.75386, 52.09497], [22.75499, 52.09355], [22.76014, 52.09165], [22.76248, 52.08975], [22.76116, 52.08705], [22.76505, 52.0814], [22.76765, 52.08064], [22.76943, 52.07847], [22.78178, 52.07315], [22.78293, 52.07146], [22.78254, 52.0692], [22.78359, 52.06859], [22.78873, 52.06835], [22.78998, 52.06999], [22.80437, 52.07736], [22.80629, 52.07922], [22.83015, 52.08142], [22.83559, 52.08077], [22.83747, 52.07987], [22.84263, 52.07383], [22.84741, 52.07033], [22.84993, 52.06557], [22.86568, 52.07244], [22.86877, 52.06946], [22.86741, 52.06874], [22.86741, 52.0666], [22.86574, 52.06425], [22.86659, 52.0636], [22.86819, 52.06493], [22.86792, 52.06597], [22.90219, 52.06353], [22.90739, 52.07704], [22.90167, 52.07749], [22.89835, 52.07941], [22.89544, 52.08197], [22.8942, 52.09133], [22.88746, 52.09202], [22.89793, 52.10138], [22.89289, 52.10196], [22.90264, 52.11025], [22.90748, 52.10922], [22.9082, 52.1099], [22.92241, 52.10678], [22.92797, 52.11157], [22.95009, 52.10221], [22.96823, 52.1154], [22.96723, 52.11758], [22.95938, 52.12027], [22.95608, 52.12021], [22.95129, 52.12391], [22.94631, 52.12563], [22.93844, 52.13322], [22.93303, 52.13651], [22.93901, 52.14256], [22.94549, 52.14055], [22.94223, 52.14468], [22.9859, 52.15886], [22.98166, 52.16175], [22.97695, 52.17225], [22.99276, 52.17362], [22.99518, 52.1749], [23.02925, 52.17401], [23.02941, 52.17824], [23.03417, 52.17857], [23.07148, 52.17042], [23.07246, 52.17214], [23.06949, 52.17477], [23.0655, 52.17528], [23.06187, 52.17735], [23.05259, 52.17861], [23.04311, 52.18176], [23.03967, 52.18391], [23.0382, 52.18874], [23.03522, 52.192], [23.03187, 52.1984], [23.03003, 52.2077], [23.03129, 52.21645], [23.0339, 52.2193], [23.04132, 52.22273], [23.04175, 52.22236], [23.04161, 52.22432], [23.04378, 52.22393], [23.06584, 52.23663], [23.06946, 52.23665], [23.07807, 52.23495], [23.09039, 52.25194], [23.09479, 52.2565], [23.10241, 52.25361], [23.11006, 52.26133], [23.10423, 52.26541], [23.12841, 52.28784], [23.13232, 52.28525], [23.13605, 52.28653], [23.13916, 52.28667], [23.14506, 52.28206], [23.15117, 52.28031], [23.15609, 52.27997], [23.17157, 52.28301], [23.18217, 52.28333], [23.19134, 52.2799], [23.19784, 52.2792], [23.20368, 52.27736], [23.20493, 52.27558], [23.2045, 52.274], [23.20032, 52.27076], [23.19976, 52.26749], [23.20575, 52.25697], [23.20308, 52.25169], [23.19832, 52.24745], [23.19444, 52.24013], [23.19903, 52.23291], [23.20034, 52.22892], [23.2036, 52.22666], [23.21984, 52.22513], [23.23825, 52.21975], [23.25443, 52.21852], [23.25995, 52.216], [23.26701, 52.215], [23.27347, 52.21526], [23.29414, 52.22109], [23.3057, 52.22206], [23.30825, 52.21956], [23.30637, 52.21589], [23.30478, 52.21474], [23.29935, 52.21381], [23.29815, 52.21267], [23.30948, 52.2087], [23.31663, 52.20802], [23.32589, 52.21082], [23.33402, 52.20678], [23.33762, 52.20606], [23.33992, 52.20671], [23.3447, 52.20997], [23.35315, 52.21085], [23.35484, 52.20892], [23.35135, 52.20548], [23.35319, 52.20431], [23.35593, 52.20485], [23.36237, 52.2081], [23.3661, 52.2081], [23.36898, 52.20689], [23.37071, 52.20492], [23.3705, 52.19708], [23.37267, 52.19558], [23.3761, 52.19487], [23.37981, 52.19477], [23.38413, 52.1958], [23.38818, 52.19737], [23.38936, 52.20003], [23.39574, 52.20105], [23.39682, 52.19904], [23.39342, 52.19742], [23.393, 52.19611], [23.39442, 52.1953], [23.39927, 52.19472], [23.40156, 52.19305], [23.401, 52.19094], [23.39695, 52.18709], [23.39763, 52.17997], [23.39868, 52.17839], [23.40156, 52.17734], [23.40485, 52.1777], [23.41013, 52.18191], [23.41509, 52.18235], [23.41846, 52.17986], [23.42167, 52.17358], [23.42503, 52.17223], [23.42909, 52.17224], [23.43185, 52.17322], [23.43483, 52.17571], [23.43994, 52.17796], [23.44512, 52.1832], [23.44958, 52.18221], [23.45793, 52.18479], [23.46204, 52.1839], [23.46165, 52.17721], [23.4642, 52.17514], [23.46771, 52.1741], [23.47146, 52.17445], [23.48066, 52.18004], [23.48454, 52.18125], [23.49402, 52.18064], [23.50079, 52.17905], [23.50672, 52.17565], [23.50738, 52.17349], [23.50493, 52.17198], [23.49872, 52.17079], [23.49761, 52.17158], [23.49883, 52.17315], [23.49824, 52.17406], [23.49405, 52.17542], [23.49274, 52.17505], [23.49302, 52.17287], [23.49566, 52.1711], [23.49552, 52.16989], [23.49043, 52.16829], [23.48535, 52.16489], [23.48927, 52.16023], [23.48659, 52.15524], [23.48678, 52.15293], [23.49258, 52.14915], [23.50013, 52.14705], [23.50154, 52.14728], [23.5055, 52.15069], [23.50984, 52.15012], [23.5144, 52.14571], [23.5153, 52.14085], [23.51392, 52.13738], [23.51602, 52.13767], [23.51687, 52.13907], [23.51843, 52.13902], [23.51987, 52.13784], [23.52121, 52.1331], [23.52448, 52.13261], [23.52692, 52.13129], [23.53083, 52.13289], [23.53373, 52.13275], [23.5363, 52.12987], [23.54129, 52.12854], [23.54331, 52.1249], [23.54267, 52.12022], [23.54372, 52.11862], [23.54814, 52.11578], [23.5472, 52.11176], [23.54858, 52.11], [23.55251, 52.10918], [23.55599, 52.1102], [23.55698, 52.1126], [23.55565, 52.118], [23.5586, 52.11966], [23.56113, 52.11957], [23.56506, 52.11648], [23.56787, 52.11571], [23.57095, 52.11628], [23.57953, 52.12002], [23.58609, 52.11724], [23.59571, 52.11787], [23.59799, 52.11743], [23.60507, 52.11323], [23.60922, 52.10824], [23.61257, 52.10828], [23.61622, 52.10936], [23.61953, 52.10816], [23.62048, 52.10668], [23.61991, 52.10518], [23.6136, 52.10424], [23.61107, 52.1024], [23.61052, 52.10017], [23.61252, 52.09676], [23.61723, 52.09221], [23.62239, 52.08958], [23.64029, 52.08566], [23.63957, 52.08433], [23.64085, 52.08232], [23.6404, 52.08043], [23.64253, 52.07898], [23.64313, 52.07708], [23.64576, 52.07648], [23.64809, 52.07471], [23.65124, 52.07544], [23.65394, 52.07229], [23.64996, 52.06801], [23.64458, 52.06663], [23.64396, 52.06534], [23.64664, 52.06304], [23.65368, 52.06306], [23.65525, 52.06182], [23.65564, 52.05892], [23.65327, 52.0584], [23.65009, 52.06009], [23.6446, 52.06111], [23.64228, 52.06058], [23.64129, 52.05924], [23.64309, 52.05769], [23.64829, 52.05706], [23.65352, 52.05492], [23.65574, 52.05172], [23.6556, 52.04818], [23.65782, 52.04299], [23.66267, 52.03979], [23.66044, 52.03002], [23.66321, 52.02437], [23.66142, 52.02232], [23.65753, 52.02043], [23.65733, 52.01839], [23.65904, 52.01714], [23.66693, 52.01466], [23.67613, 52.00307], [23.68372, 52.00096], [23.68386, 51.99741], [23.6886, 51.99396], [23.68848, 51.99064], [23.68552, 51.98621], [23.67784, 51.9843], [23.67498, 51.98193], [23.66851, 51.98067], [23.66501, 51.97839], [23.66711, 51.97102], [23.67047, 51.96731], [23.66957, 51.96468], [23.6639, 51.96369], [23.65363, 51.9646], [23.65078, 51.96335], [23.64168, 51.95415], [23.63954, 51.95334], [23.63065, 51.95307], [23.62774, 51.95164], [23.6266, 51.94897], [23.62769, 51.94766], [23.63221, 51.94819], [23.63765, 51.95048], [23.63947, 51.95047], [23.64135, 51.94933], [23.64031, 51.94301], [23.64565, 51.93877], [23.64546, 51.93275], [23.64329, 51.93176], [23.63605, 51.9322], [23.63265, 51.93153], [23.63039, 51.92836], [23.63148, 51.92444], [23.63065, 51.92185], [23.62776, 51.92199], [23.61972, 51.92511], [23.61666, 51.92375], [23.61252, 51.92005], [23.6115, 51.91797], [23.62012, 51.91068], [23.61979, 51.90722], [23.61721, 51.90532], [23.61833, 51.9034], [23.62252, 51.90175], [23.63187, 51.89984], [23.63834, 51.89374], [23.63655, 51.89162], [23.62406, 51.88714], [23.62237, 51.88478], [23.62475, 51.88186], [23.6288, 51.88008], [23.63129, 51.87776], [23.63238, 51.87517], [23.6315, 51.8733], [23.62789, 51.87299], [23.6207, 51.8776], [23.61852, 51.87809], [23.61215, 51.87812], [23.60677, 51.87604], [23.61036, 51.86061], [23.61678, 51.85789], [23.61764, 51.85607], [23.61219, 51.85139], [23.61205, 51.84515], [23.60835, 51.84299], [23.60155, 51.84246], [23.60025, 51.84033], [23.60376, 51.8391], [23.60729, 51.84031], [23.6097, 51.83879], [23.60948, 51.83678], [23.60185, 51.83396], [23.6011, 51.83212], [23.60272, 51.83038], [23.60672, 51.83], [23.61914, 51.83185], [23.62174, 51.83076], [23.62288, 51.8277], [23.62469, 51.82611], [23.62124, 51.82096], [23.62247, 51.82011], [23.62794, 51.81939], [23.63296, 51.81155], [23.63984, 51.80569], [23.64127, 51.80006], [23.63408, 51.79562], [23.63713, 51.79399], [23.63785, 51.79178], [23.63568, 51.79102], [23.63079, 51.79253], [23.62795, 51.79048], [23.63114, 51.78725], [23.63113, 51.77992], [23.62858, 51.78002], [23.62932, 51.78197], [23.62732, 51.78286], [23.6249, 51.78203], [23.62672, 51.78024], [23.6248, 51.7801], [23.6235, 51.77794], [23.61528, 51.77751], [23.61489, 51.77642], [23.61688, 51.77448], [23.61517, 51.7726], [23.61181, 51.77205], [23.60385, 51.77331], [23.59633, 51.77189], [23.59481, 51.7702], [23.59497, 51.76724], [23.58836, 51.7633], [23.58866, 51.76003], [23.58761, 51.75912], [23.58139, 51.76033], [23.57715, 51.7588], [23.57583, 51.75696], [23.56817, 51.75787], [23.56614, 51.7573], [23.56338, 51.75884], [23.56229, 51.76116], [23.55914, 51.76167], [23.55849, 51.75877], [23.55035, 51.75483], [23.54847, 51.75062], [23.54648, 51.74874], [23.54052, 51.74531], [23.53364, 51.74453], [23.53083, 51.74341], [23.53057, 51.74151], [23.53255, 51.73705], [23.53176, 51.73476], [23.52721, 51.72953], [23.52828, 51.72854], [23.53451, 51.7284], [23.53429, 51.72344], [23.53655, 51.72211], [23.53798, 51.72212], [23.53903, 51.72338], [23.54322, 51.72297], [23.54397, 51.72387], [23.54315, 51.72673], [23.54518, 51.72742], [23.54724, 51.72699], [23.54716, 51.72392], [23.54855, 51.72139], [23.54796, 51.71911], [23.5532, 51.71589], [23.54713, 51.71026], [23.54907, 51.70922], [23.55165, 51.71027], [23.55375, 51.71017], [23.55654, 51.70754], [23.55553, 51.70631], [23.54979, 51.70568], [23.54857, 51.70383], [23.55001, 51.70296], [23.55865, 51.70156], [23.56152, 51.69946], [23.56057, 51.69813], [23.55627, 51.6969], [23.55566, 51.69217], [23.55064, 51.68851], [23.54874, 51.68544], [23.5504, 51.68279], [23.55587, 51.68163], [23.55222, 51.6752], [23.55543, 51.66953], [23.55537, 51.66786], [23.55803, 51.66679], [23.55819, 51.6653], [23.55455, 51.66315], [23.54918, 51.66384], [23.54692, 51.66331], [23.54427, 51.66156], [23.54367, 51.65862], [23.53943, 51.65711], [23.53938, 51.65533], [23.54407, 51.65159], [23.53991, 51.64926], [23.53695, 51.64481], [23.5377, 51.64374], [23.53893, 51.64363], [23.5403, 51.6455], [23.54171, 51.64568], [23.54397, 51.64298], [23.54738, 51.64249], [23.54868, 51.64114], [23.54792, 51.63694], [23.5407, 51.63547], [23.5392, 51.63394], [23.53957, 51.63281], [23.5425, 51.63234], [23.54376, 51.63124], [23.5427, 51.62618], [23.54664, 51.6212], [23.54439, 51.61788], [23.54443, 51.61585], [23.5401, 51.61229], [23.54315, 51.61142], [23.54224, 51.60763], [23.54445, 51.60565], [23.54062, 51.60291], [23.54033, 51.60148], [23.54139, 51.60031], [23.5474, 51.59923], [23.54911, 51.59792], [23.55048, 51.59139], [23.55485, 51.58863], [23.55334, 51.58516], [23.5542, 51.58285], [23.55661, 51.58171], [23.56368, 51.58151], [23.56678, 51.57946], [23.56822, 51.57628], [23.5638, 51.5698], [23.56479, 51.56867], [23.56862, 51.56821], [23.56771, 51.56211], [23.57014, 51.5603], [23.57289, 51.56052], [23.5755, 51.55969], [23.57805, 51.5575], [23.57704, 51.55644], [23.57011, 51.55413], [23.56546, 51.55032], [23.56459, 51.54664], [23.56244, 51.54368], [23.56502, 51.54062], [23.56443, 51.53503], [23.56833, 51.53275], [23.57182, 51.53193], [23.57729, 51.5324], [23.5818, 51.52964], [23.58596, 51.52878], [23.58818, 51.53007], [23.5888, 51.53338], [23.59144, 51.5353], [23.59383, 51.53557], [23.5957, 51.53462], [23.59775, 51.53175], [23.6026, 51.52876], [23.61276, 51.52877], [23.61397, 51.52247], [23.61921, 51.51962], [23.62461, 51.51402], [23.62435, 51.51269], [23.61917, 51.51238], [23.6173, 51.51087], [23.61779, 51.50844], [23.61647, 51.50309], [23.61841, 51.50188], [23.62349, 51.50145], [23.62473, 51.50063], [23.62338, 51.49884], [23.61961, 51.49774], [23.62013, 51.49637], [23.62721, 51.49434], [23.63024, 51.49137], [23.63408, 51.49119], [23.63609, 51.49028], [23.63667, 51.48675], [23.63824, 51.48559], [23.64336, 51.48495], [23.64638, 51.48585], [23.65177, 51.48597], [23.65371, 51.48708], [23.65523, 51.48976], [23.65946, 51.49055], [23.66312, 51.48812], [23.66391, 51.48521], [23.66981, 51.48303], [23.6715, 51.47949], [23.67144, 51.47478], [23.67506, 51.4734], [23.67631, 51.47101], [23.67414, 51.46987], [23.66934, 51.47144], [23.66782, 51.4713], [23.66583, 51.47021], [23.66504, 51.46667], [23.66006, 51.46477], [23.6587, 51.4624], [23.6544, 51.45968], [23.65151, 51.4589], [23.64836, 51.45962], [23.64671, 51.4591], [23.64669, 51.45695], [23.65085, 51.45374], [23.64872, 51.45095], [23.65106, 51.44972], [23.64943, 51.44626], [23.66079, 51.44408], [23.66775, 51.44544], [23.67591, 51.44121], [23.67891, 51.44207], [23.68241, 51.44495], [23.68464, 51.44523], [23.68633, 51.44402], [23.68586, 51.44229], [23.68251, 51.44009], [23.68125, 51.43738], [23.68574, 51.4338], [23.68368, 51.43288], [23.67851, 51.43344], [23.67724, 51.43225], [23.67699, 51.42967], [23.67912, 51.42788], [23.68246, 51.42757], [23.68453, 51.42649], [23.68873, 51.41911], [23.69407, 51.41875], [23.70085, 51.42089], [23.70293, 51.41954], [23.70109, 51.41776], [23.69748, 51.41613], [23.69407, 51.41561], [23.69278, 51.41452], [23.6931, 51.41328], [23.69499, 51.41215], [23.69804, 51.41167], [23.7008, 51.41217], [23.70216, 51.4116], [23.70151, 51.41029], [23.69754, 51.40907], [23.69633, 51.40789], [23.69704, 51.40596], [23.70114, 51.40541], [23.70275, 51.40355], [23.69693, 51.40296], [23.69097, 51.3987], [23.68755, 51.39978], [23.68247, 51.39852], [23.6818, 51.3975], [23.68712, 51.39548], [23.68667, 51.39383], [23.68443, 51.39379], [23.68042, 51.39554], [23.6769, 51.39405], [23.67767, 51.39172], [23.68, 51.39044], [23.68802, 51.38905], [23.68916, 51.3882], [23.68826, 51.38739], [23.68482, 51.38702], [23.68437, 51.38366], [23.68032, 51.38494], [23.67862, 51.38383], [23.68116, 51.38142], [23.67795, 51.37703], [23.68013, 51.37597], [23.68149, 51.3782], [23.68437, 51.37811], [23.68271, 51.37243], [23.68529, 51.37108], [23.68658, 51.36862], [23.68339, 51.36773], [23.67818, 51.36894], [23.67564, 51.36647], [23.66814, 51.3678], [23.66532, 51.36682], [23.66513, 51.36505], [23.66907, 51.36216], [23.6692, 51.36089], [23.66675, 51.36028], [23.66199, 51.36258], [23.66088, 51.36133], [23.66326, 51.35978], [23.66318, 51.35808], [23.6614, 51.35785], [23.65878, 51.35955], [23.65669, 51.35909], [23.65649, 51.35428], [23.65487, 51.35259], [23.65831, 51.35133], [23.6542, 51.35027], [23.65473, 51.34859], [23.65359, 51.34684], [23.65567, 51.34583], [23.65587, 51.34483], [23.64981, 51.34397], [23.65003, 51.34317], [23.65343, 51.34209], [23.65759, 51.34221], [23.65653, 51.33941], [23.65566, 51.3391], [23.65238, 51.34022], [23.64749, 51.33979], [23.64746, 51.33704], [23.64535, 51.33444], [23.63986, 51.33198], [23.63577, 51.32852], [23.63569, 51.3273], [23.63681, 51.32671], [23.64042, 51.32722], [23.64218, 51.32639], [23.64163, 51.32533], [23.63738, 51.3233], [23.63723, 51.32114], [23.63559, 51.31967], [23.6397, 51.31689], [23.63995, 51.315], [23.64292, 51.31441], [23.64387, 51.31338], [23.64342, 51.31051], [23.64153, 51.31145], [23.63962, 51.31082], [23.64097, 51.30675], [23.64336, 51.30642], [23.64338, 51.30432], [23.64595, 51.30404], [23.65234, 51.29958], [23.65137, 51.29859], [23.64703, 51.2985], [23.64712, 51.29748], [23.64881, 51.29721], [23.64836, 51.29587], [23.65017, 51.29404], [23.64635, 51.2931], [23.64596, 51.29182], [23.64941, 51.29014], [23.64841, 51.28742], [23.65313, 51.28906], [23.65675, 51.28702], [23.6579, 51.28761], [23.65809, 51.28948], [23.66087, 51.29048], [23.66246, 51.29225], [23.66877, 51.29236], [23.6684, 51.29066], [23.67069, 51.28997], [23.67601, 51.29093], [23.67784, 51.29247], [23.67738, 51.29039], [23.68081, 51.29183], [23.68163, 51.29036], [23.68533, 51.29101], [23.68435, 51.28841], [23.68607, 51.28844], [23.68847, 51.28636], [23.69276, 51.28677], [23.69495, 51.28845], [23.69398, 51.29104], [23.69501, 51.29164], [23.69689, 51.28894], [23.69518, 51.28708], [23.6973, 51.2832], [23.70062, 51.28149], [23.70216, 51.28225], [23.70366, 51.28199], [23.70587, 51.27895], [23.70931, 51.2775], [23.70837, 51.2762], [23.70545, 51.27598], [23.70551, 51.27476], [23.71054, 51.27563], [23.71137, 51.27447], [23.70952, 51.27407], [23.7095, 51.27335], [23.71241, 51.27157], [23.71376, 51.26929], [23.71651, 51.27147], [23.71724, 51.26974], [23.72049, 51.26946], [23.71773, 51.26824], [23.71959, 51.26704], [23.71741, 51.2642], [23.7198, 51.26491], [23.71991, 51.26343], [23.72271, 51.26285], [23.72251, 51.26136], [23.72563, 51.26183], [23.72663, 51.26135], [23.72338, 51.2605], [23.72611, 51.25946], [23.72315, 51.25793], [23.72516, 51.25595], [23.72451, 51.25472], [23.72564, 51.2509], [23.72415, 51.24653], [23.72729, 51.24444], [23.72989, 51.24494], [23.72971, 51.24165], [23.72858, 51.24163], [23.72704, 51.24302], [23.72603, 51.24172], [23.72736, 51.23965], [23.72994, 51.23976], [23.73129, 51.23866], [23.72665, 51.23864], [23.72652, 51.23647], [23.73278, 51.23462], [23.73382, 51.23262], [23.73886, 51.2316], [23.74031, 51.22886], [23.73917, 51.22747], [23.74147, 51.2273], [23.74297, 51.22443], [23.74275, 51.22083], [23.7375, 51.22059], [23.73594, 51.21965], [23.73741, 51.21659], [23.73931, 51.21519], [23.73919, 51.21196], [23.74064, 51.21157], [23.74235, 51.21215], [23.74099, 51.21367], [23.74228, 51.21489], [23.74601, 51.21147], [23.74649, 51.21285], [23.75025, 51.21082], [23.7566, 51.21234], [23.75787, 51.21083], [23.75608, 51.20957], [23.76001, 51.20769], [23.75942, 51.20611], [23.7605, 51.20285], [23.76168, 51.20317], [23.76187, 51.2054], [23.76312, 51.20556], [23.76437, 51.20457], [23.76276, 51.20251], [23.76667, 51.20235], [23.76856, 51.19996], [23.7759, 51.20037], [23.77822, 51.19913], [23.78288, 51.19893], [23.78319, 51.19796], [23.78046, 51.19654], [23.78343, 51.19565], [23.7837, 51.19315], [23.78236, 51.19167], [23.78508, 51.18956], [23.79719, 51.1877], [23.80177, 51.18516], [23.80838, 51.18499], [23.8142, 51.179], [23.81211, 51.17525], [23.81344, 51.17404], [23.81423, 51.17071], [23.81845, 51.16905], [23.82283, 51.16896], [23.82654, 51.16698], [23.82554, 51.16611], [23.82273, 51.16728], [23.82154, 51.1664], [23.82211, 51.16351], [23.82423, 51.16175], [23.82702, 51.16297], [23.82732, 51.16064], [23.82858, 51.15999], [23.82921, 51.16215], [23.83316, 51.16134], [23.83564, 51.16365], [23.83641, 51.16055], [23.83816, 51.15944], [23.84075, 51.16137], [23.84144, 51.16421], [23.843, 51.1643], [23.84436, 51.16254], [23.84198, 51.16068], [23.84924, 51.16078], [23.85105, 51.15999], [23.85119, 51.15907], [23.849, 51.15724], [23.84995, 51.15521], [23.85175, 51.15514], [23.85712, 51.15788], [23.86052, 51.15784], [23.86324, 51.155], [23.86189, 51.15278], [23.8624, 51.15159], [23.86594, 51.15028], [23.86913, 51.15046], [23.86854, 51.14908], [23.86543, 51.14756], [23.86652, 51.14652], [23.86894, 51.14636], [23.87139, 51.14508], [23.86788, 51.14203], [23.87029, 51.14038], [23.86868, 51.13561], [23.87006, 51.13347], [23.86868, 51.13096], [23.86984, 51.12989], [23.86165, 51.12756], [23.86078, 51.12848], [23.86164, 51.13081], [23.86029, 51.1312], [23.85529, 51.12791], [23.85463, 51.12861], [23.85554, 51.13017], [23.85421, 51.13079], [23.85235, 51.12792], [23.85355, 51.12637], [23.84961, 51.12397], [23.85314, 51.12226], [23.85207, 51.11823], [23.85599, 51.11864], [23.85729, 51.11817], [23.85569, 51.11669], [23.85532, 51.11431], [23.8623, 51.11284], [23.85805, 51.11175], [23.85695, 51.1105], [23.8588, 51.10848], [23.86257, 51.10796], [23.86105, 51.10694], [23.85763, 51.10726], [23.86036, 51.10405], [23.8622, 51.10326], [23.8607, 51.10166], [23.85791, 51.10114], [23.85686, 51.09996], [23.86146, 51.09685], [23.86304, 51.09738], [23.86426, 51.0993], [23.86744, 51.09833], [23.86785, 51.09344], [23.86903, 51.09362], [23.86996, 51.09515], [23.87171, 51.09453], [23.87059, 51.09045], [23.87322, 51.084], [23.87301, 51.08224], [23.87653, 51.07898], [23.87593, 51.07707], [23.87957, 51.07746], [23.87932, 51.08046], [23.88501, 51.08218], [23.88643, 51.07882], [23.88998, 51.07907], [23.89235, 51.07449], [23.89626, 51.07674], [23.8982, 51.0741], [23.9033, 51.07401], [23.90569, 51.07843], [23.90843, 51.07757], [23.90866, 51.07562], [23.91109, 51.0746], [23.91017, 51.07214], [23.91254, 51.06998], [23.90897, 51.06665], [23.90877, 51.0642], [23.90953, 51.06371], [23.91216, 51.06405], [23.9129, 51.06325], [23.91298, 51.05825], [23.91603, 51.04876], [23.9137, 51.04681], [23.91924, 51.04728], [23.91993, 51.04659], [23.91809, 51.04413], [23.91385, 51.04305], [23.91302, 51.04176], [23.91598, 51.03968], [23.92151, 51.039], [23.92066, 51.03728], [23.92136, 51.03664], [23.9273, 51.03852], [23.93152, 51.03808], [23.9267, 51.03534], [23.92337, 51.0346], [23.91984, 51.03098], [23.91674, 51.03037], [23.9159, 51.0284], [23.91651, 51.02774], [23.92121, 51.02701], [23.91825, 51.02543], [23.92729, 51.02002], [23.92654, 51.0188], [23.92364, 51.01887], [23.92333, 51.01644], [23.93007, 51.01728], [23.93566, 51.0147], [23.9346, 51.0129], [23.93291, 51.01444], [23.92837, 51.01381], [23.92588, 51.01491], [23.9256, 51.01255], [23.92204, 51.0128], [23.92295, 51.01028], [23.92226, 51.00965], [23.91868, 51.01196], [23.91565, 51.01237], [23.91476, 51.01019], [23.91852, 51.00938], [23.91508, 51.00705], [23.91654, 51.0061], [23.92299, 51.00548], [23.9293, 51.00608], [23.93463, 51.00358], [23.93861, 51.00296], [23.94771, 50.99483], [23.95111, 50.99502], [23.95676, 50.99076], [23.96053, 50.9852], [23.96702, 50.97833], [23.9674, 50.96752], [23.97069, 50.95932], [23.96827, 50.95776], [23.968, 50.95653], [23.97038, 50.9503], [23.97441, 50.94935], [23.97606, 50.94601], [23.97797, 50.94649], [23.97846, 50.94868], [23.97963, 50.9486], [23.98137, 50.94635], [23.98762, 50.94486], [23.99067, 50.94281], [23.99074, 50.94121], [23.99551, 50.93398], [23.99528, 50.93069], [23.99734, 50.92832], [24.00612, 50.92535], [24.01102, 50.91981], [24.01697, 50.91825], [24.02013, 50.91647], [24.02414, 50.91609], [24.03403, 50.90916], [24.0381, 50.90433], [24.0472, 50.90081], [24.05061, 50.8978], [24.0512, 50.89655], [24.04993, 50.89406], [24.05235, 50.89141], [24.05544, 50.89064], [24.05829, 50.89202], [24.06207, 50.89243], [24.07347, 50.89099], [24.08007, 50.8896], [24.0813, 50.88754], [24.0828, 50.88703], [24.08645, 50.88901], [24.09072, 50.88406], [24.09501, 50.88222], [24.09953, 50.87676], [24.10964, 50.87514], [24.11249, 50.87559], [24.11605, 50.87272], [24.11666, 50.86973], [24.11958, 50.86997], [24.12283, 50.87171], [24.1258, 50.86828], [24.12952, 50.86767], [24.13302, 50.86806], [24.13597, 50.8666], [24.13787, 50.86722], [24.1388, 50.86925], [24.14183, 50.86883], [24.14504, 50.86964], [24.14574, 50.86901], [24.14511, 50.86374], [24.14286, 50.86041], [24.14329, 50.85822], [24.13461, 50.85246], [24.13206, 50.849], [24.13026, 50.84809], [24.12437, 50.84724], [24.12395, 50.84505], [24.1177, 50.84469], [24.11497, 50.84136], [24.1088, 50.84023], [24.10677, 50.83857], [24.10083, 50.83816], [24.10016, 50.83595], [24.0968, 50.8365], [24.08546, 50.83548], [24.08101, 50.83671], [24.08183, 50.83506], [24.0811, 50.83447], [24.07891, 50.83451], [24.07699, 50.83554], [24.07455, 50.83415], [24.06838, 50.83479], [24.06465, 50.83625], [24.06359, 50.83409], [24.06089, 50.83542], [24.05574, 50.83438], [24.0526, 50.83623], [24.04759, 50.83575], [24.04419, 50.83356], [24.04074, 50.83517], [24.03991, 50.83663], [24.04687, 50.83766], [24.04715, 50.83832], [24.03967, 50.83966], [24.03449, 50.83955], [24.03377, 50.83637], [24.03205, 50.83594], [24.02882, 50.83883], [24.03074, 50.84012], [24.02891, 50.84155], [24.02673, 50.84113], [24.02699, 50.83818], [24.02458, 50.84069], [24.0208, 50.8416], [24.01913, 50.841], [24.01929, 50.83872], [24.01357, 50.8394], [24.00939, 50.83906], [24.00765, 50.84113], [24.0011, 50.84039], [23.99592, 50.8392], [23.99277, 50.83741], [23.98958, 50.83747], [23.98512, 50.83466], [23.98533, 50.83338], [23.98272, 50.83258], [23.98095, 50.82964], [23.98373, 50.82684], [23.98266, 50.82659], [23.98037, 50.8279], [23.97967, 50.8243], [23.97713, 50.82703], [23.97528, 50.82561], [23.97522, 50.82238], [23.9725, 50.82053], [23.9745, 50.81709], [23.97135, 50.81899], [23.96871, 50.81929], [23.96819, 50.81845], [23.97069, 50.81609], [23.96738, 50.81621], [23.96343, 50.81409], [23.9689, 50.81167], [23.96677, 50.80982], [23.96499, 50.80134], [23.96252, 50.79785], [23.95824, 50.79552], [23.9575, 50.79409], [23.96087, 50.79091], [23.96533, 50.7897], [23.96826, 50.78576], [23.96567, 50.7822], [23.96324, 50.78157], [23.96613, 50.77805], [23.97038, 50.7787], [23.96832, 50.77628], [23.96882, 50.77497], [23.97, 50.77489], [23.97104, 50.77693], [23.97208, 50.77699], [23.9719, 50.77455], [23.97847, 50.77332], [23.97864, 50.7717], [23.97684, 50.76946], [23.9788, 50.76823], [23.98198, 50.76802], [23.98178, 50.76943], [23.98002, 50.77066], [23.98083, 50.77121], [23.98651, 50.76989], [23.99748, 50.76919], [24.01134, 50.77209], [24.016, 50.77084], [24.0196, 50.76881], [24.02093, 50.76701], [24.02377, 50.76623], [24.02515, 50.75914], [24.02124, 50.75812], [24.02029, 50.75983], [24.02086, 50.76141], [24.01562, 50.76248], [24.01408, 50.76162], [24.01604, 50.76029], [24.0127, 50.75813], [24.01239, 50.75705], [24.01384, 50.75654], [24.01711, 50.75735], [24.01779, 50.75673], [24.01114, 50.75449], [24.01325, 50.75347], [24.0172, 50.75455], [24.01725, 50.75197], [24.02223, 50.75162], [24.02366, 50.75086], [24.02303, 50.74991], [24.02082, 50.74956], [24.01794, 50.75124], [24.01537, 50.74736], [24.01583, 50.74662], [24.01767, 50.74644], [24.01994, 50.74865], [24.02049, 50.74699], [24.02314, 50.7455], [24.02026, 50.74557], [24.01615, 50.73724], [24.01676, 50.73676], [24.0196, 50.73819], [24.02061, 50.73775], [24.01982, 50.73329], [24.01589, 50.73], [24.01669, 50.72956], [24.01874, 50.73136], [24.01975, 50.73087], [24.01887, 50.72581], [24.01659, 50.72313], [24.02, 50.72291], [24.02251, 50.7219], [24.02167, 50.72482], [24.02374, 50.72514], [24.02853, 50.72224], [24.03728, 50.71893], [24.0419, 50.71798], [24.04452, 50.71526], [24.04605, 50.71705], [24.04994, 50.71908], [24.0512, 50.71918], [24.05352, 50.7179], [24.06119, 50.72068], [24.06416, 50.71836], [24.06568, 50.71975], [24.06579, 50.72156], [24.0674, 50.72015], [24.072, 50.72061], [24.07317, 50.71777], [24.07179, 50.71727], [24.07122, 50.71544], [24.0752, 50.71359], [24.07149, 50.71195], [24.0752, 50.71103], [24.07326, 50.70794], [24.06699, 50.70716], [24.07022, 50.70486], [24.0701, 50.70331], [24.07141, 50.70248], [24.06995, 50.70207], [24.06977, 50.70123], [24.07205, 50.70023], [24.07226, 50.69892], [24.06918, 50.69504], [24.06509, 50.68681], [24.0659, 50.68557], [24.06933, 50.68412], [24.06636, 50.68326], [24.06343, 50.68509], [24.06298, 50.68061], [24.06491, 50.68042], [24.06215, 50.67798], [24.06345, 50.6773], [24.06807, 50.67752], [24.07036, 50.67891], [24.07137, 50.6754], [24.07308, 50.67383], [24.0739, 50.67405], [24.07342, 50.67604], [24.07589, 50.67371], [24.07528, 50.67592], [24.07641, 50.67608], [24.07903, 50.67309], [24.07908, 50.67479], [24.08193, 50.67506], [24.08169, 50.67194], [24.08459, 50.67102], [24.08667, 50.66909], [24.08493, 50.66804], [24.08604, 50.66749], [24.08541, 50.66148], [24.0873, 50.66153], [24.09011, 50.66387], [24.09106, 50.66373], [24.08817, 50.65721], [24.08582, 50.65526], [24.08652, 50.65463], [24.08912, 50.65471], [24.09036, 50.65365], [24.08728, 50.65291], [24.08915, 50.65063], [24.08507, 50.64983], [24.08016, 50.64476], [24.08285, 50.64395], [24.08614, 50.64521], [24.08778, 50.64467], [24.08767, 50.64394], [24.08526, 50.64301], [24.08741, 50.64188], [24.08693, 50.63913], [24.08839, 50.63515], [24.08851, 50.63732], [24.09361, 50.63523], [24.09819, 50.63744], [24.09204, 50.62337], [24.09122, 50.61912], [24.09182, 50.61645], [24.09739, 50.61061], [24.09865, 50.59953], [24.09034, 50.57793], [24.09131, 50.56202], [24.08631, 50.55147], [24.07746, 50.52501], [24.07562, 50.52293], [24.0701, 50.50339], [24.04254, 50.46071], [24.038, 50.45512], [24.03452, 50.44484], [24.00582, 50.43538], [23.99754, 50.41214]]]}}, {"type": "Feature", "properties": {"kod": "08", "nazwa": "lubuskie"}, "geometry": {"type": "Polygon", "coordinates": [[[15.64591, 51.47908], [15.6346, 51.47884], [15.63446, 51.47211], [15.62898, 51.47216], [15.62887, 51.47064], [15.62406, 51.47199], [15.62346, 51.46351], [15.61674, 51.4602], [15.60158, 51.44808], [15.59958, 51.44561], [15.59661, 51.45041], [15.59708, 51.45148], [15.5928, 51.45205], [15.59157, 51.45103], [15.59238, 51.44941], [15.59089, 51.44893], [15.58802, 51.45064], [15.58602, 51.44981], [15.58607, 51.45182], [15.58088, 51.45308], [15.58299, 51.45581], [15.58672, 51.45553], [15.58784, 51.45675], [15.58686, 51.45711], [15.58824, 51.45948], [15.58728, 51.46025], [15.59284, 51.4624], [15.59025, 51.46447], [15.59354, 51.46598], [15.59594, 51.46955], [15.59208, 51.4708], [15.48766, 51.52756], [15.48826, 51.52244], [15.48557, 51.52145], [15.48541, 51.5222], [15.48408, 51.52353], [15.4858, 51.51361], [15.48227, 51.51297], [15.46921, 51.51457], [15.47059, 51.51823], [15.46249, 51.52227], [15.45763, 51.52106], [15.45238, 51.52463], [15.45001, 51.52512], [15.45011, 51.52596], [15.43696, 51.52733], [15.43493, 51.52497], [15.41759, 51.52292], [15.40696, 51.52047], [15.40581, 51.51959], [15.40101, 51.52724], [15.39658, 51.53103], [15.39351, 51.53023], [15.39433, 51.52912], [15.38516, 51.5279], [15.38469, 51.51838], [15.38187, 51.51604], [15.38298, 51.51521], [15.38027, 51.51443], [15.38017, 51.51312], [15.38296, 51.51263], [15.38275, 51.51208], [15.37784, 51.51064], [15.37733, 51.50884], [15.37423, 51.50974], [15.37122, 51.50789], [15.36908, 51.50116], [15.36907, 51.49643], [15.36701, 51.49396], [15.36706, 51.49288], [15.37147, 51.48836], [15.36929, 51.48578], [15.37063, 51.48012], [15.37278, 51.47892], [15.37561, 51.47911], [15.37821, 51.48183], [15.38015, 51.48114], [15.38022, 51.47387], [15.38205, 51.47214], [15.37879, 51.47001], [15.37249, 51.46966], [15.36197, 51.47104], [15.34686, 51.4716], [15.33941, 51.47409], [15.33366, 51.4516], [15.34329, 51.44695], [15.32837, 51.42956], [15.3284, 51.422], [15.32453, 51.41835], [15.33366, 51.4099], [15.32738, 51.40775], [15.32165, 51.4083], [15.3211, 51.41085], [15.31829, 51.41282], [15.31838, 51.41467], [15.31519, 51.41767], [15.29833, 51.42009], [15.29278, 51.42315], [15.29192, 51.42625], [15.28923, 51.42935], [15.28973, 51.43137], [15.27552, 51.4298], [15.27263, 51.43279], [15.27197, 51.43836], [15.26998, 51.43895], [15.26787, 51.44141], [15.26476, 51.44225], [15.26203, 51.44404], [15.26001, 51.44385], [15.2549, 51.4454], [15.25211, 51.44908], [15.24357, 51.4463], [15.22073, 51.44451], [15.21397, 51.44472], [15.20996, 51.4441], [15.20092, 51.44606], [15.20013, 51.44801], [15.20148, 51.44881], [15.19989, 51.44936], [15.20219, 51.45194], [15.20273, 51.4535], [15.20135, 51.45584], [15.2035, 51.45739], [15.20366, 51.45853], [15.20217, 51.45993], [15.20242, 51.46284], [15.20191, 51.46329], [15.19712, 51.46233], [15.19051, 51.46395], [15.18709, 51.46403], [15.17823, 51.45969], [15.1648, 51.45078], [15.15788, 51.4487], [15.15314, 51.4461], [15.15056, 51.44243], [15.14457, 51.44064], [15.1391, 51.44022], [15.12974, 51.43795], [15.12771, 51.43567], [15.12063, 51.43391], [15.11864, 51.43174], [15.11093, 51.4298], [15.11176, 51.42844], [15.10952, 51.42778], [15.09537, 51.42536], [15.09273, 51.42949], [15.08793, 51.42726], [15.08761, 51.42603], [15.08509, 51.42523], [15.08506, 51.42047], [15.08284, 51.41872], [15.08299, 51.40795], [15.07796, 51.40178], [15.07116, 51.39698], [15.06736, 51.39641], [15.05818, 51.39671], [15.02562, 51.39312], [15.01793, 51.39346], [15.0182, 51.38662], [15.0134, 51.38433], [15.00904, 51.3742], [15.01281, 51.36794], [15.01235, 51.36341], [15.0072, 51.3642], [14.98267, 51.36319], [14.97424, 51.36396], [14.97807, 51.3664], [14.97711, 51.36846], [14.97794, 51.36979], [14.98131, 51.37101], [14.98365, 51.37407], [14.98187, 51.3751], [14.978, 51.37551], [14.97413, 51.37847], [14.96912, 51.37924], [14.96926, 51.38193], [14.96468, 51.38669], [14.96598, 51.39123], [14.96247, 51.39485], [14.95828, 51.39565], [14.96228, 51.39762], [14.96792, 51.39746], [14.96921, 51.39829], [14.96787, 51.40273], [14.96318, 51.40775], [14.95865, 51.40994], [14.95958, 51.41117], [14.96482, 51.41242], [14.96712, 51.41709], [14.96647, 51.42022], [14.96408, 51.42344], [14.96603, 51.4251], [14.96616, 51.42675], [14.96116, 51.42843], [14.95868, 51.43132], [14.96369, 51.43427], [14.96842, 51.43227], [14.97044, 51.43229], [14.97365, 51.43659], [14.97425, 51.44155], [14.96634, 51.44646], [14.96287, 51.45297], [14.95609, 51.45828], [14.95653, 51.46326], [14.95244, 51.46854], [14.94883, 51.47148], [14.93195, 51.4733], [14.92644, 51.47329], [14.92527, 51.47451], [14.92476, 51.48041], [14.92178, 51.48249], [14.91602, 51.48374], [14.90719, 51.48399], [14.90322, 51.48227], [14.89832, 51.482], [14.89132, 51.48448], [14.88715, 51.48803], [14.87182, 51.4847], [14.87021, 51.48521], [14.86855, 51.48777], [14.86475, 51.4905], [14.85945, 51.49093], [14.85205, 51.48942], [14.84401, 51.49496], [14.83995, 51.49591], [14.83796, 51.49895], [14.83485, 51.49951], [14.83224, 51.50388], [14.82447, 51.50513], [14.81884, 51.50774], [14.81368, 51.50595], [14.81171, 51.50611], [14.81013, 51.50973], [14.80804, 51.51067], [14.80509, 51.51452], [14.79897, 51.51529], [14.79628, 51.51782], [14.79319, 51.51808], [14.78818, 51.51705], [14.78356, 51.51849], [14.77737, 51.51765], [14.77318, 51.51891], [14.76528, 51.51897], [14.76313, 51.52005], [14.7618, 51.52291], [14.76014, 51.52346], [14.75205, 51.52174], [14.74264, 51.52538], [14.7361, 51.52578], [14.73348, 51.52935], [14.72904, 51.5315], [14.72921, 51.53556], [14.72634, 51.53923], [14.73149, 51.54446], [14.72942, 51.54755], [14.7293, 51.54992], [14.72376, 51.55379], [14.71669, 51.55496], [14.71125, 51.56272], [14.71619, 51.56575], [14.72139, 51.57175], [14.72713, 51.57522], [14.72938, 51.57872], [14.73011, 51.5837], [14.7328, 51.58621], [14.73935, 51.58968], [14.74226, 51.5931], [14.75174, 51.59545], [14.75325, 51.59705], [14.75347, 51.59926], [14.7609, 51.60243], [14.76518, 51.60769], [14.76566, 51.61212], [14.7637, 51.61488], [14.76415, 51.61692], [14.76295, 51.61975], [14.75335, 51.62781], [14.75612, 51.63249], [14.75437, 51.63635], [14.75495, 51.63878], [14.75404, 51.64132], [14.75598, 51.64536], [14.751, 51.65259], [14.75498, 51.65569], [14.75766, 51.66144], [14.75331, 51.66411], [14.7529, 51.66828], [14.7492, 51.67063], [14.7472, 51.67579], [14.73899, 51.67765], [14.73724, 51.67907], [14.73697, 51.68069], [14.73948, 51.68359], [14.7383, 51.68698], [14.73673, 51.68833], [14.73486, 51.6889], [14.73029, 51.68821], [14.7279, 51.68894], [14.70089, 51.70509], [14.69084, 51.70828], [14.68733, 51.71233], [14.67984, 51.7179], [14.67767, 51.72279], [14.66829, 51.72582], [14.66169, 51.73711], [14.65623, 51.74118], [14.66003, 51.74833], [14.65732, 51.75164], [14.65731, 51.75319], [14.66308, 51.7555], [14.66408, 51.75713], [14.66199, 51.75872], [14.65371, 51.75995], [14.65047, 51.7618], [14.65111, 51.76459], [14.65477, 51.76771], [14.65491, 51.77527], [14.6527, 51.77976], [14.6535, 51.78448], [14.64896, 51.78725], [14.64511, 51.79595], [14.64266, 51.79687], [14.63649, 51.79744], [14.63386, 51.80113], [14.6298, 51.80168], [14.62312, 51.8003], [14.61988, 51.80183], [14.61595, 51.802], [14.61361, 51.80406], [14.6082, 51.80344], [14.60452, 51.80531], [14.60092, 51.80895], [14.6006, 51.81315], [14.59698, 51.81757], [14.59015, 51.8207], [14.59092, 51.8235], [14.5896, 51.82667], [14.59323, 51.83028], [14.59091, 51.83347], [14.59207, 51.83602], [14.5901, 51.83812], [14.59623, 51.84225], [14.60152, 51.83958], [14.60501, 51.8401], [14.60612, 51.84237], [14.60324, 51.84646], [14.60467, 51.84807], [14.60821, 51.84762], [14.60942, 51.84499], [14.6123, 51.84533], [14.61259, 51.84671], [14.61083, 51.84931], [14.60712, 51.85246], [14.61153, 51.85739], [14.62219, 51.85767], [14.62489, 51.85831], [14.63126, 51.8622], [14.63479, 51.86551], [14.64379, 51.86707], [14.6464, 51.87209], [14.65248, 51.87409], [14.65256, 51.87895], [14.65395, 51.87987], [14.65471, 51.88377], [14.65603, 51.88494], [14.66148, 51.88668], [14.66295, 51.89042], [14.66538, 51.89088], [14.67445, 51.88957], [14.67521, 51.89058], [14.67347, 51.89329], [14.67404, 51.89422], [14.681, 51.89526], [14.68552, 51.89864], [14.69422, 51.90191], [14.69425, 51.90387], [14.6911, 51.90764], [14.69311, 51.9102], [14.6994, 51.91382], [14.70232, 51.92104], [14.70542, 51.92309], [14.7034, 51.93133], [14.707, 51.93579], [14.71261, 51.93669], [14.71882, 51.94126], [14.71922, 51.94646], [14.72141, 51.95148], [14.71895, 51.95532], [14.71382, 51.95702], [14.70791, 51.96467], [14.70695, 51.9735], [14.70484, 51.97609], [14.70685, 51.9795], [14.71162, 51.97966], [14.71637, 51.98256], [14.71751, 51.98872], [14.72009, 51.99106], [14.72163, 51.99425], [14.71986, 51.99869], [14.71801, 52.00056], [14.71474, 52.00198], [14.71406, 52.00374], [14.71546, 52.00525], [14.72189, 52.00656], [14.7254, 52.00836], [14.72666, 52.01386], [14.73102, 52.01623], [14.73441, 52.01957], [14.74111, 52.02306], [14.74034, 52.02904], [14.74694, 52.03087], [14.74836, 52.03194], [14.74754, 52.03708], [14.74994, 52.04212], [14.74919, 52.04445], [14.74575, 52.04638], [14.7469, 52.04984], [14.74532, 52.05389], [14.7475, 52.05613], [14.757, 52.06034], [14.75919, 52.06568], [14.75748, 52.06841], [14.75095, 52.073], [14.74602, 52.08152], [14.73644, 52.08819], [14.72229, 52.09447], [14.70117, 52.09772], [14.68966, 52.10547], [14.68495, 52.10993], [14.68196, 52.11463], [14.68184, 52.1185], [14.68427, 52.12549], [14.68169, 52.13097], [14.67919, 52.14028], [14.67921, 52.14416], [14.68099, 52.14711], [14.69531, 52.15711], [14.70389, 52.16524], [14.70543, 52.16999], [14.70471, 52.17563], [14.7026, 52.1793], [14.69777, 52.18354], [14.687, 52.19002], [14.68509, 52.1936], [14.68528, 52.19549], [14.68852, 52.19915], [14.69987, 52.20436], [14.706, 52.20856], [14.71221, 52.22031], [14.71254, 52.2285], [14.71628, 52.23379], [14.71576, 52.23594], [14.70539, 52.24247], [14.70042, 52.25125], [14.69166, 52.25608], [14.67363, 52.25868], [14.66046, 52.26223], [14.64546, 52.26266], [14.63703, 52.26462], [14.62469, 52.26948], [14.61647, 52.27148], [14.60179, 52.27181], [14.59601, 52.27283], [14.59184, 52.27549], [14.58705, 52.28394], [14.57685, 52.28743], [14.57426, 52.29107], [14.57451, 52.29545], [14.5839, 52.30196], [14.58514, 52.30548], [14.58286, 52.3092], [14.5792, 52.31172], [14.5779, 52.31376], [14.57795, 52.31923], [14.57642, 52.32125], [14.57266, 52.32389], [14.56509, 52.32583], [14.56127, 52.32849], [14.56079, 52.3303], [14.56307, 52.33842], [14.55863, 52.34549], [14.55488, 52.34789], [14.55242, 52.35163], [14.55186, 52.35523], [14.5531, 52.35881], [14.55348, 52.36931], [14.5526, 52.37353], [14.54715, 52.38156], [14.54015, 52.3873], [14.53467, 52.39364], [14.53409, 52.39655], [14.53563, 52.40128], [14.54397, 52.40889], [14.54624, 52.41216], [14.54694, 52.4163], [14.54375, 52.42284], [14.54385, 52.42481], [14.54611, 52.43004], [14.54897, 52.43334], [14.55577, 52.43767], [14.56023, 52.43932], [14.56903, 52.44043], [14.57503, 52.43996], [14.58016, 52.44207], [14.5854, 52.44862], [14.59472, 52.45319], [14.60033, 52.45942], [14.60927, 52.46408], [14.61131, 52.46763], [14.61171, 52.47525], [14.61501, 52.47828], [14.62479, 52.48232], [14.63041, 52.48673], [14.63517, 52.49313], [14.63476, 52.49892], [14.62995, 52.50348], [14.62264, 52.50645], [14.61792, 52.50734], [14.61269, 52.51029], [14.61077, 52.51464], [14.61074, 52.51929], [14.60467, 52.52755], [14.60372, 52.53135], [14.60592, 52.53679], [14.61369, 52.54465], [14.61589, 52.55464], [14.62019, 52.55823], [14.63507, 52.56488], [14.63826, 52.5673], [14.63957, 52.56944], [14.63904, 52.57319], [14.63641, 52.57569], [14.6227, 52.58096], [14.61439, 52.58577], [14.61064, 52.59074], [14.60943, 52.59801], [14.60372, 52.60439], [14.60119, 52.60567], [14.59922, 52.60918], [14.5894, 52.61343], [14.58606, 52.61365], [14.57742, 52.61784], [14.57278, 52.62134], [14.56392, 52.62445], [14.56469, 52.62687], [14.56727, 52.62736], [14.56876, 52.6298], [14.57161, 52.62898], [14.57455, 52.63561], [14.57673, 52.63636], [14.57811, 52.63505], [14.57721, 52.63346], [14.58271, 52.63239], [14.62849, 52.65485], [14.62862, 52.66041], [14.63834, 52.65929], [14.64015, 52.65774], [14.64395, 52.65707], [14.64764, 52.65368], [14.65036, 52.65328], [14.64724, 52.65123], [14.66051, 52.64907], [14.66248, 52.64804], [14.66357, 52.6463], [14.65909, 52.64465], [14.65828, 52.64235], [14.66682, 52.63962], [14.66992, 52.63838], [14.66971, 52.63782], [14.68994, 52.63579], [14.68988, 52.63337], [14.69164, 52.63305], [14.69909, 52.63362], [14.69918, 52.63276], [14.70327, 52.63227], [14.71524, 52.63261], [14.72182, 52.63094], [14.72201, 52.63257], [14.72682, 52.63393], [14.72489, 52.63618], [14.72896, 52.63728], [14.73258, 52.64046], [14.73009, 52.64196], [14.7434, 52.64132], [14.74223, 52.64325], [14.74924, 52.64436], [14.7476, 52.64707], [14.74914, 52.66215], [14.75242, 52.66888], [14.75539, 52.6712], [14.76344, 52.67017], [14.76509, 52.67365], [14.77832, 52.68224], [14.79159, 52.69713], [14.79141, 52.70458], [14.79645, 52.71784], [14.79793, 52.72652], [14.79521, 52.73587], [14.79969, 52.73751], [14.7894, 52.75197], [14.79205, 52.75442], [14.79134, 52.75703], [14.79592, 52.75844], [14.80099, 52.75845], [14.80453, 52.76274], [14.80581, 52.76238], [14.80903, 52.76488], [14.81075, 52.7696], [14.81493, 52.77213], [14.81348, 52.773], [14.81553, 52.77444], [14.81883, 52.77489], [14.8296, 52.77331], [14.83468, 52.77514], [14.8394, 52.77577], [14.83626, 52.77743], [14.8489, 52.7774], [14.85052, 52.78522], [14.84847, 52.7849], [14.84795, 52.78702], [14.84522, 52.78853], [14.84442, 52.79033], [14.85455, 52.79222], [14.85456, 52.79074], [14.85864, 52.79182], [14.86396, 52.79099], [14.86533, 52.79204], [14.86398, 52.79707], [14.86178, 52.80032], [14.86361, 52.80084], [14.86158, 52.80237], [14.8655, 52.80366], [14.86381, 52.8062], [14.86617, 52.80788], [14.86515, 52.8095], [14.86782, 52.81223], [14.86544, 52.81245], [14.86507, 52.81141], [14.85476, 52.81236], [14.8553, 52.81379], [14.85641, 52.81359], [14.85669, 52.81532], [14.85501, 52.81524], [14.85454, 52.81618], [14.85858, 52.81763], [14.85435, 52.81949], [14.85738, 52.82063], [14.85629, 52.82187], [14.85372, 52.82205], [14.85449, 52.82445], [14.85103, 52.82813], [14.85581, 52.83068], [14.8594, 52.82789], [14.87331, 52.83379], [14.86597, 52.8406], [14.86545, 52.84342], [14.86419, 52.8426], [14.86341, 52.84339], [14.86506, 52.84659], [14.86568, 52.84729], [14.87236, 52.84618], [14.87284, 52.84665], [14.87543, 52.84612], [14.8884, 52.84634], [14.89485, 52.84041], [14.89455, 52.83534], [14.89565, 52.83306], [14.8976, 52.83333], [14.89944, 52.83481], [14.89877, 52.83581], [14.90164, 52.83647], [14.90195, 52.83727], [14.90323, 52.83674], [14.90572, 52.83785], [14.90769, 52.83745], [14.90856, 52.83838], [14.91083, 52.83816], [14.91089, 52.83892], [14.91679, 52.84109], [14.91595, 52.84259], [14.91915, 52.84387], [14.91978, 52.84678], [14.91861, 52.84867], [14.91378, 52.85046], [14.91267, 52.85335], [14.91035, 52.85515], [14.90479, 52.85397], [14.90373, 52.85502], [14.9026, 52.8549], [14.90286, 52.85595], [14.89528, 52.85527], [14.89032, 52.86073], [14.894, 52.86191], [14.89306, 52.86231], [14.89381, 52.86307], [14.89238, 52.86368], [14.89405, 52.86418], [14.89296, 52.86566], [14.89448, 52.86624], [14.89388, 52.86707], [14.89679, 52.87241], [14.90175, 52.87577], [14.90419, 52.88391], [14.90582, 52.88537], [14.90782, 52.88526], [14.9095, 52.88726], [14.91229, 52.88822], [14.91636, 52.88785], [14.91779, 52.88928], [14.92536, 52.88967], [14.9261, 52.88831], [14.92331, 52.88293], [14.92491, 52.88252], [14.9259, 52.88414], [14.92866, 52.88493], [14.9328, 52.88423], [14.93385, 52.88506], [14.93499, 52.88434], [14.93142, 52.88182], [14.93845, 52.87864], [14.94454, 52.87645], [14.94892, 52.87848], [14.9546, 52.87437], [14.94888, 52.87151], [14.95637, 52.87089], [14.95721, 52.86945], [14.96316, 52.86772], [14.96886, 52.86969], [14.97747, 52.8657], [14.97832, 52.86615], [14.98309, 52.86154], [14.98, 52.8599], [14.97957, 52.85655], [14.98083, 52.85478], [14.97906, 52.85382], [14.97978, 52.85234], [14.98162, 52.84895], [14.98808, 52.85076], [14.98917, 52.84815], [14.98802, 52.84798], [14.98783, 52.84655], [14.99082, 52.84253], [14.9987, 52.84463], [15.00205, 52.84725], [15.0096, 52.84774], [15.00711, 52.8537], [15.00857, 52.85455], [15.00971, 52.85423], [15.01194, 52.85515], [15.01312, 52.85457], [15.01482, 52.85677], [15.02112, 52.85767], [15.02282, 52.85675], [15.02807, 52.85695], [15.03032, 52.85923], [15.03163, 52.85919], [15.03421, 52.86092], [15.03744, 52.86108], [15.03741, 52.8621], [15.04098, 52.85943], [15.04135, 52.8566], [15.04442, 52.85301], [15.04467, 52.84965], [15.04849, 52.84596], [15.04912, 52.84352], [15.05458, 52.84324], [15.06517, 52.83905], [15.0684, 52.83702], [15.0691, 52.83491], [15.06822, 52.83342], [15.07176, 52.83058], [15.11727, 52.84179], [15.11858, 52.84281], [15.15755, 52.85282], [15.15913, 52.8543], [15.15917, 52.85718], [15.16099, 52.85694], [15.16304, 52.85446], [15.16648, 52.8543], [15.16776, 52.85555], [15.26698, 52.88112], [15.27411, 52.88218], [15.27388, 52.88275], [15.27645, 52.88266], [15.27565, 52.88336], [15.27852, 52.88411], [15.27902, 52.88358], [15.2802, 52.88454], [15.27881, 52.88536], [15.28107, 52.88704], [15.28391, 52.88151], [15.28751, 52.87962], [15.28814, 52.88203], [15.28564, 52.88599], [15.32192, 52.89576], [15.32236, 52.89418], [15.32676, 52.89485], [15.33225, 52.8985], [15.33269, 52.90005], [15.33167, 52.9044], [15.32939, 52.90342], [15.32759, 52.90447], [15.32491, 52.90421], [15.32224, 52.90302], [15.31963, 52.90944], [15.30788, 52.91931], [15.30514, 52.92393], [15.29205, 52.93281], [15.28298, 52.94615], [15.28393, 52.95423], [15.28781, 52.95804], [15.30694, 52.9529], [15.31526, 52.9522], [15.33332, 52.94815], [15.35068, 52.94309], [15.3517, 52.94164], [15.35956, 52.94412], [15.36321, 52.9442], [15.36308, 52.94518], [15.36125, 52.94591], [15.36201, 52.94809], [15.36527, 52.94814], [15.36827, 52.9465], [15.36934, 52.94702], [15.37158, 52.94831], [15.37327, 52.95218], [15.38096, 52.95908], [15.38997, 52.96207], [15.39084, 52.96283], [15.38888, 52.96325], [15.38871, 52.96449], [15.38641, 52.96498], [15.38622, 52.96584], [15.38681, 52.96874], [15.38885, 52.97092], [15.38831, 52.97164], [15.40523, 52.97452], [15.41197, 52.98029], [15.41965, 52.98329], [15.44217, 52.98953], [15.44658, 52.98938], [15.45372, 52.98724], [15.4652, 52.98866], [15.47545, 52.99383], [15.48796, 52.99735], [15.49706, 52.99891], [15.50098, 53.00068], [15.50162, 52.99966], [15.52439, 53.00374], [15.52518, 53.00625], [15.52983, 53.00527], [15.53278, 53.00574], [15.54067, 53.00844], [15.53976, 53.00943], [15.54692, 53.01446], [15.55016, 53.01252], [15.5552, 53.01133], [15.55664, 53.00662], [15.55911, 53.00608], [15.56064, 53.00429], [15.56189, 52.99923], [15.56869, 52.99214], [15.57051, 52.98811], [15.57218, 52.98689], [15.57341, 52.98663], [15.58054, 52.98893], [15.5842, 52.98654], [15.58798, 52.98107], [15.60243, 52.98504], [15.60642, 52.98479], [15.61089, 52.98219], [15.61553, 52.9843], [15.63326, 52.97639], [15.6377, 52.97728], [15.65153, 52.98381], [15.66112, 52.98996], [15.66457, 52.99026], [15.67548, 52.99325], [15.68053, 52.99554], [15.68186, 52.99722], [15.68938, 52.99588], [15.69191, 52.99823], [15.69496, 52.99758], [15.69379, 52.99689], [15.69398, 52.99578], [15.6951, 52.99496], [15.69652, 52.99516], [15.69712, 52.99385], [15.69868, 52.99334], [15.70159, 52.99362], [15.70282, 52.99547], [15.70439, 52.99566], [15.70636, 52.9945], [15.70592, 52.99263], [15.70832, 52.99046], [15.71394, 52.98891], [15.71909, 52.98862], [15.72107, 52.9866], [15.7305, 52.98983], [15.74332, 52.99143], [15.75441, 52.99594], [15.75942, 52.99668], [15.76058, 52.99496], [15.76347, 53.00057], [15.7652, 52.99892], [15.7692, 52.99953], [15.77284, 53.00331], [15.77164, 53.00674], [15.77569, 53.01287], [15.77373, 53.01337], [15.77395, 53.01438], [15.778, 53.01518], [15.77684, 53.01617], [15.77729, 53.01728], [15.77012, 53.02026], [15.76741, 53.02037], [15.76244, 53.02557], [15.76268, 53.02665], [15.77285, 53.02671], [15.77355, 53.02878], [15.77802, 53.02982], [15.77874, 53.03337], [15.78156, 53.03353], [15.78176, 53.0358], [15.78506, 53.03988], [15.79015, 53.041], [15.7879, 53.0428], [15.79092, 53.04346], [15.79147, 53.04238], [15.79328, 53.04254], [15.79307, 53.04376], [15.79402, 53.04407], [15.79552, 53.04367], [15.79911, 53.04446], [15.80214, 53.04386], [15.80868, 53.04537], [15.803, 53.04743], [15.80415, 53.0505], [15.80225, 53.05118], [15.80198, 53.05262], [15.79916, 53.05268], [15.79883, 53.05344], [15.79437, 53.05345], [15.78978, 53.05736], [15.77888, 53.058], [15.78029, 53.05904], [15.77981, 53.06019], [15.78275, 53.06108], [15.78576, 53.05965], [15.78815, 53.05993], [15.79151, 53.05916], [15.82161, 53.06521], [15.81353, 53.08052], [15.80937, 53.08077], [15.81252, 53.08238], [15.81145, 53.08441], [15.83021, 53.08803], [15.83352, 53.08761], [15.83694, 53.08937], [15.85999, 53.09372], [15.84818, 53.11524], [15.85714, 53.11807], [15.85772, 53.11685], [15.85874, 53.11684], [15.86588, 53.11807], [15.87533, 53.12115], [15.87745, 53.11934], [15.88039, 53.11866], [15.91176, 53.12395], [15.91288, 53.11997], [15.91641, 53.11926], [15.97928, 53.11031], [15.97994, 53.11371], [15.98145, 53.11566], [15.98252, 53.1155], [15.98513, 53.11335], [15.98408, 53.11096], [15.98184, 53.10959], [15.98187, 53.10613], [15.97916, 53.10327], [15.98077, 53.10155], [15.98158, 53.10257], [15.98314, 53.10233], [15.98426, 53.10074], [15.98094, 53.09728], [15.98341, 53.09717], [15.98593, 53.09602], [15.98578, 53.09211], [15.98658, 53.09293], [15.98883, 53.09301], [15.99261, 53.09169], [15.99825, 53.08701], [15.99667, 53.08292], [15.99533, 53.08155], [15.9924, 53.08077], [15.99432, 53.07837], [15.99538, 53.07826], [15.99413, 53.07746], [15.99452, 53.07354], [15.99199, 53.07181], [15.99044, 53.07173], [15.99047, 53.07077], [15.98728, 53.06915], [15.98556, 53.0659], [15.98635, 53.06489], [15.98476, 53.06432], [15.98688, 53.06262], [15.98536, 53.06029], [15.98812, 53.05775], [15.98781, 53.0568], [15.9897, 53.05626], [15.98903, 53.05483], [15.98656, 53.05505], [15.98686, 53.05345], [15.98613, 53.05425], [15.98495, 53.05372], [15.98512, 53.05464], [15.98312, 53.05546], [15.98147, 53.05434], [15.98025, 53.05642], [15.97845, 53.05679], [15.97539, 53.05494], [15.97567, 53.0555], [15.97248, 53.05688], [15.97464, 53.05371], [15.97343, 53.05222], [15.97471, 53.05174], [15.97276, 53.04924], [15.97179, 53.04958], [15.97129, 53.04934], [15.96833, 53.04617], [15.96654, 53.04628], [15.96709, 53.04403], [15.96511, 53.04287], [15.96513, 53.04189], [15.96071, 53.04063], [15.95927, 53.04096], [15.959, 53.04015], [15.95693, 53.0411], [15.95544, 53.04026], [15.95585, 53.03901], [15.95452, 53.03835], [15.95579, 53.03833], [15.95421, 53.03771], [15.95654, 53.03757], [15.95517, 53.03746], [15.95523, 53.03615], [15.95259, 53.03551], [15.9516, 53.0344], [15.95229, 53.03268], [15.95547, 53.03307], [15.95539, 53.03233], [15.95708, 53.03192], [15.95558, 53.02981], [15.95715, 53.02797], [15.95588, 53.02725], [15.95722, 53.02683], [15.95568, 53.0252], [15.95657, 53.02522], [15.95791, 53.02288], [15.95582, 53.02231], [15.95639, 53.02005], [15.95462, 53.01989], [15.95591, 53.01856], [15.95483, 53.01723], [15.95671, 53.01472], [15.95882, 53.01421], [15.95652, 53.01285], [15.95561, 53.01343], [15.95431, 53.01313], [15.9569, 53.01137], [15.95597, 53.00813], [15.95352, 53.00685], [15.95393, 53.00164], [15.94945, 52.99853], [15.9506, 52.9968], [15.94997, 52.99524], [15.95371, 52.99356], [15.95098, 52.99121], [15.95537, 52.98864], [15.95125, 52.98556], [15.95469, 52.98443], [15.95519, 52.98225], [15.95151, 52.98084], [15.95414, 52.98028], [15.95357, 52.97811], [15.9564, 52.97599], [15.95423, 52.97451], [15.95184, 52.97479], [15.94931, 52.97344], [15.94636, 52.97347], [15.94632, 52.97275], [15.94855, 52.97249], [15.94598, 52.9713], [15.94687, 52.97095], [15.95168, 52.97202], [15.95348, 52.96978], [15.95411, 52.97144], [15.9614, 52.97077], [15.96162, 52.96716], [15.95924, 52.96707], [15.96004, 52.96501], [15.95871, 52.9643], [15.96204, 52.96319], [15.95964, 52.95969], [15.96177, 52.95839], [15.96066, 52.95611], [15.96448, 52.954], [15.96693, 52.94984], [15.96956, 52.94929], [15.96664, 52.94763], [15.96933, 52.94678], [15.97362, 52.94106], [15.97908, 52.93705], [15.97793, 52.9356], [15.97976, 52.93371], [15.97603, 52.93031], [15.97305, 52.93005], [15.97236, 52.92892], [15.97781, 52.92208], [15.97683, 52.92059], [15.97903, 52.91753], [15.97882, 52.91463], [15.98015, 52.91362], [15.97951, 52.90896], [15.97669, 52.91005], [15.97665, 52.90869], [15.97251, 52.90523], [15.97247, 52.90381], [15.97456, 52.90189], [15.96729, 52.89997], [15.9678, 52.89845], [15.97394, 52.89477], [15.97192, 52.89256], [15.97486, 52.89093], [15.97436, 52.88839], [15.97557, 52.88685], [15.97801, 52.88614], [15.97604, 52.88382], [15.97664, 52.882], [15.97981, 52.88067], [15.97881, 52.87944], [15.9793, 52.87763], [15.97895, 52.87659], [15.97727, 52.87693], [15.97565, 52.87297], [15.96934, 52.87301], [15.96588, 52.87449], [15.96326, 52.87412], [15.96138, 52.8693], [15.96855, 52.8683], [15.96968, 52.86577], [15.97153, 52.86685], [15.97409, 52.85903], [15.97105, 52.85716], [15.96641, 52.85816], [15.96309, 52.85708], [15.96819, 52.85548], [15.96938, 52.85373], [15.95997, 52.85433], [15.95481, 52.8561], [15.94785, 52.855], [15.94639, 52.85427], [15.95176, 52.8431], [15.92291, 52.83104], [15.91873, 52.84114], [15.9147, 52.84006], [15.91213, 52.83751], [15.90797, 52.83782], [15.90616, 52.83702], [15.90616, 52.83527], [15.90275, 52.83588], [15.90123, 52.8346], [15.9004, 52.83309], [15.90454, 52.82665], [15.89707, 52.82553], [15.89448, 52.82578], [15.89715, 52.82071], [15.89515, 52.81904], [15.89655, 52.81529], [15.89324, 52.81261], [15.89483, 52.81106], [15.90037, 52.80854], [15.90233, 52.80655], [15.90364, 52.80609], [15.91122, 52.80667], [15.91169, 52.80366], [15.91887, 52.80365], [15.92558, 52.802], [15.93123, 52.80299], [15.93188, 52.80387], [15.934, 52.80408], [15.93526, 52.80327], [15.93432, 52.80347], [15.93284, 52.80209], [15.93456, 52.80144], [15.93481, 52.79303], [15.93866, 52.78768], [15.93837, 52.78617], [15.92613, 52.78402], [15.92574, 52.78215], [15.92726, 52.77845], [15.93342, 52.77436], [15.93792, 52.769], [15.93839, 52.76751], [15.93656, 52.76582], [15.94171, 52.75921], [15.94893, 52.75585], [15.9472, 52.75563], [15.94551, 52.75147], [15.94745, 52.74901], [15.94851, 52.74453], [15.94735, 52.73484], [15.94493, 52.72917], [15.94196, 52.72761], [15.93961, 52.72697], [15.93544, 52.72734], [15.92016, 52.7233], [15.90542, 52.71421], [15.89596, 52.71381], [15.88998, 52.715], [15.88585, 52.71502], [15.86503, 52.71025], [15.85346, 52.70913], [15.8458, 52.70916], [15.83731, 52.70635], [15.81233, 52.70966], [15.79422, 52.70807], [15.79326, 52.70693], [15.79565, 52.70446], [15.80031, 52.69528], [15.80366, 52.69382], [15.80708, 52.68556], [15.81287, 52.67916], [15.81396, 52.66779], [15.79311, 52.66496], [15.78841, 52.66623], [15.78614, 52.66768], [15.78187, 52.66165], [15.78292, 52.65279], [15.78085, 52.65148], [15.78072, 52.64988], [15.77818, 52.64956], [15.77993, 52.64416], [15.77707, 52.64339], [15.77852, 52.64138], [15.77635, 52.63787], [15.78163, 52.63664], [15.79367, 52.63707], [15.79594, 52.63581], [15.79409, 52.62739], [15.79616, 52.62509], [15.8005, 52.62461], [15.8006, 52.62377], [15.79949, 52.62239], [15.79607, 52.62135], [15.79301, 52.62155], [15.7925, 52.62228], [15.78626, 52.62192], [15.78635, 52.62006], [15.78457, 52.61851], [15.78534, 52.61735], [15.78809, 52.6166], [15.78924, 52.61361], [15.7959, 52.60847], [15.79588, 52.6058], [15.80605, 52.60455], [15.80668, 52.59728], [15.81238, 52.59341], [15.82032, 52.59195], [15.82052, 52.58968], [15.82917, 52.58858], [15.83188, 52.58756], [15.83141, 52.58619], [15.836, 52.58719], [15.83558, 52.58629], [15.82825, 52.58285], [15.83035, 52.57756], [15.83008, 52.57689], [15.82918, 52.57734], [15.82588, 52.5759], [15.82653, 52.57332], [15.82402, 52.57094], [15.82465, 52.56714], [15.83236, 52.56618], [15.84087, 52.5598], [15.84307, 52.5596], [15.84365, 52.55716], [15.84172, 52.55569], [15.8446, 52.55354], [15.84919, 52.55282], [15.85618, 52.54893], [15.85814, 52.547], [15.85855, 52.54436], [15.84874, 52.53671], [15.83477, 52.52925], [15.8433, 52.52482], [15.85021, 52.51682], [15.85285, 52.5152], [15.85775, 52.51398], [15.86298, 52.51041], [15.86718, 52.51095], [15.86781, 52.51032], [15.86961, 52.51083], [15.87076, 52.51023], [15.87193, 52.51098], [15.87718, 52.51068], [15.87579, 52.50649], [15.86962, 52.5042], [15.8726, 52.50201], [15.86759, 52.50256], [15.8705, 52.50076], [15.8712, 52.4997], [15.87041, 52.49859], [15.8722, 52.49838], [15.87336, 52.4971], [15.87253, 52.49629], [15.87542, 52.49504], [15.87683, 52.49594], [15.87841, 52.49555], [15.87886, 52.49309], [15.88029, 52.49304], [15.88286, 52.49025], [15.88574, 52.48963], [15.88508, 52.48891], [15.88368, 52.48924], [15.88512, 52.48819], [15.8853, 52.48609], [15.88365, 52.48506], [15.88511, 52.48416], [15.88478, 52.48272], [15.88929, 52.47488], [15.89116, 52.47531], [15.89157, 52.47316], [15.89034, 52.47302], [15.89284, 52.46817], [15.89034, 52.46478], [15.88575, 52.46479], [15.87887, 52.47248], [15.87695, 52.47185], [15.87884, 52.46991], [15.87765, 52.46954], [15.87971, 52.46539], [15.8838, 52.46571], [15.88712, 52.46334], [15.88774, 52.46126], [15.89271, 52.46048], [15.8932, 52.45599], [15.89658, 52.45156], [15.89602, 52.44904], [15.89868, 52.44926], [15.89817, 52.44737], [15.89565, 52.44743], [15.89556, 52.44665], [15.89319, 52.44682], [15.89317, 52.44622], [15.87526, 52.44271], [15.87785, 52.43727], [15.87521, 52.43727], [15.87542, 52.43623], [15.87338, 52.43623], [15.87364, 52.43534], [15.86828, 52.43509], [15.86709, 52.43697], [15.86439, 52.43753], [15.86385, 52.43891], [15.86209, 52.43877], [15.86165, 52.44028], [15.85744, 52.43978], [15.85647, 52.43746], [15.85443, 52.43723], [15.85437, 52.43603], [15.85632, 52.43606], [15.85643, 52.4326], [15.85188, 52.4316], [15.84407, 52.43176], [15.84093, 52.43394], [15.83675, 52.43361], [15.83139, 52.43518], [15.83149, 52.4372], [15.83289, 52.43677], [15.83444, 52.43828], [15.83173, 52.43945], [15.83328, 52.44456], [15.83054, 52.44727], [15.8271, 52.45461], [15.82581, 52.45442], [15.82667, 52.45142], [15.82504, 52.45014], [15.82349, 52.45042], [15.82307, 52.45134], [15.82288, 52.45074], [15.82063, 52.45095], [15.82013, 52.45034], [15.82197, 52.44854], [15.81408, 52.4466], [15.81393, 52.44527], [15.81034, 52.44438], [15.8094, 52.44284], [15.81343, 52.44175], [15.81253, 52.44096], [15.80825, 52.442], [15.8069, 52.44475], [15.80524, 52.44493], [15.80415, 52.44371], [15.80494, 52.44017], [15.80656, 52.439], [15.80645, 52.43526], [15.8085, 52.43651], [15.8094, 52.4362], [15.81119, 52.43442], [15.81063, 52.43247], [15.81291, 52.4323], [15.8148, 52.43031], [15.81865, 52.4292], [15.81572, 52.42873], [15.81576, 52.42726], [15.81963, 52.42611], [15.82109, 52.42456], [15.82293, 52.42452], [15.82245, 52.42501], [15.82608, 52.42659], [15.82792, 52.42561], [15.82677, 52.42421], [15.82528, 52.42433], [15.82446, 52.42224], [15.82738, 52.42158], [15.83099, 52.41651], [15.83402, 52.41493], [15.83566, 52.41502], [15.8378, 52.41284], [15.83966, 52.41306], [15.84017, 52.41035], [15.83816, 52.41089], [15.83836, 52.40929], [15.84339, 52.40306], [15.84981, 52.40174], [15.84997, 52.40299], [15.85129, 52.40351], [15.85481, 52.4022], [15.85892, 52.40306], [15.8631, 52.40166], [15.86928, 52.39808], [15.87017, 52.39649], [15.87519, 52.39607], [15.88395, 52.39395], [15.88716, 52.39376], [15.88843, 52.3948], [15.89081, 52.39388], [15.8963, 52.39417], [15.90038, 52.39084], [15.9001, 52.38849], [15.89917, 52.38813], [15.90086, 52.3862], [15.89981, 52.38505], [15.90068, 52.3828], [15.8967, 52.38079], [15.89165, 52.37569], [15.8929, 52.37587], [15.88817, 52.37198], [15.89083, 52.37118], [15.89055, 52.3685], [15.88951, 52.36777], [15.89037, 52.367], [15.88824, 52.3666], [15.89035, 52.35347], [15.88935, 52.35235], [15.88119, 52.35215], [15.88098, 52.3507], [15.88134, 52.34244], [15.88301, 52.34008], [15.88687, 52.33813], [15.88833, 52.33614], [15.8877, 52.33344], [15.88282, 52.32999], [15.88248, 52.32675], [15.88405, 52.32511], [15.88368, 52.32427], [15.88605, 52.32398], [15.88769, 52.32274], [15.88755, 52.31855], [15.88989, 52.31761], [15.89004, 52.31109], [15.89153, 52.31145], [15.89195, 52.31032], [15.88862, 52.30727], [15.88563, 52.30709], [15.88423, 52.31118], [15.88176, 52.30882], [15.88382, 52.30435], [15.87865, 52.29814], [15.8782, 52.29514], [15.88064, 52.29106], [15.88096, 52.2884], [15.87972, 52.28812], [15.88142, 52.28418], [15.87712, 52.28221], [15.87537, 52.28278], [15.87411, 52.28201], [15.87345, 52.28257], [15.87247, 52.28058], [15.87051, 52.28084], [15.86998, 52.27785], [15.87116, 52.27749], [15.86605, 52.27212], [15.8592, 52.26731], [15.85697, 52.26788], [15.85254, 52.2623], [15.85493, 52.2611], [15.85129, 52.25564], [15.85757, 52.24813], [15.8588, 52.2335], [15.86068, 52.22776], [15.8495, 52.21329], [15.85099, 52.21368], [15.85502, 52.20489], [15.85799, 52.20285], [15.86126, 52.19784], [15.85951, 52.19454], [15.85998, 52.19047], [15.8581, 52.18768], [15.85982, 52.18571], [15.86212, 52.17742], [15.85814, 52.1741], [15.85913, 52.17405], [15.85842, 52.16901], [15.86657, 52.16803], [15.8662, 52.16715], [15.86842, 52.16731], [15.86867, 52.16575], [15.87252, 52.1658], [15.87293, 52.16685], [15.87658, 52.16587], [15.87586, 52.16441], [15.88308, 52.16285], [15.88159, 52.16195], [15.88096, 52.15622], [15.88357, 52.1559], [15.88355, 52.15488], [15.87852, 52.14276], [15.87498, 52.13047], [15.86718, 52.12924], [15.86172, 52.12442], [15.85678, 52.12399], [15.8541, 52.12022], [15.85507, 52.11876], [15.85367, 52.11758], [15.85539, 52.11688], [15.84945, 52.11351], [15.84142, 52.11239], [15.83886, 52.1111], [15.8333, 52.11112], [15.83414, 52.10848], [15.83656, 52.10832], [15.83742, 52.1059], [15.84518, 52.0984], [15.84798, 52.09903], [15.85277, 52.0951], [15.86034, 52.08647], [15.8625, 52.08683], [15.86495, 52.08553], [15.86695, 52.08568], [15.87783, 52.08797], [15.88425, 52.0849], [15.89134, 52.08347], [15.89804, 52.07842], [15.89782, 52.07687], [15.89923, 52.07693], [15.92448, 52.06748], [15.92663, 52.07659], [15.93087, 52.08045], [15.93244, 52.08362], [15.93243, 52.08764], [15.94138, 52.08845], [15.9431, 52.08758], [15.94609, 52.08774], [15.94614, 52.08721], [15.96746, 52.08195], [15.9722, 52.07743], [15.96974, 52.07542], [15.97557, 52.07415], [15.97731, 52.0723], [15.98278, 52.06995], [15.98599, 52.07002], [15.98658, 52.06807], [15.98868, 52.06689], [15.98716, 52.06473], [15.98935, 52.06395], [15.98772, 52.06215], [15.98966, 52.06159], [15.98921, 52.06107], [15.99503, 52.05871], [15.99975, 52.05996], [16.00146, 52.05763], [16.00281, 52.05797], [16.00553, 52.05428], [16.00071, 52.05394], [15.99348, 52.05122], [15.99371, 52.05016], [15.99171, 52.05038], [15.99114, 52.04752], [15.98929, 52.04572], [15.99066, 52.04513], [15.98906, 52.04335], [15.99184, 52.03847], [15.99418, 52.03696], [15.99445, 52.03517], [15.96434, 52.03386], [15.96672, 52.02956], [15.96489, 52.01862], [15.96839, 52.01153], [15.96919, 52.00261], [15.97193, 51.99966], [15.97619, 51.99814], [15.97966, 51.99958], [15.9815, 51.99766], [15.98387, 51.99772], [15.98359, 51.99516], [15.98976, 51.99647], [15.98683, 51.99887], [15.98546, 52.00388], [15.98803, 52.0039], [15.99183, 52.00077], [15.996, 51.99952], [15.99796, 51.99779], [16.00311, 51.9956], [16.00568, 51.99313], [16.00941, 51.9845], [16.0085, 51.98289], [16.01003, 51.98149], [16.03231, 51.97839], [16.06064, 51.97716], [16.07955, 51.9828], [16.08471, 51.98615], [16.10605, 51.99683], [16.10763, 51.99577], [16.12292, 51.99313], [16.12121, 51.99188], [16.12427, 51.98469], [16.1277, 51.98107], [16.12806, 51.97962], [16.12691, 51.97979], [16.12799, 51.97739], [16.13025, 51.97896], [16.13342, 51.97232], [16.13098, 51.97181], [16.13248, 51.96665], [16.13461, 51.96695], [16.13619, 51.96098], [16.13505, 51.96093], [16.13733, 51.95437], [16.12382, 51.9514], [16.13063, 51.94364], [16.12569, 51.942], [16.12631, 51.94075], [16.13106, 51.94044], [16.12616, 51.93389], [16.12695, 51.93156], [16.1341, 51.93195], [16.13731, 51.92695], [16.13808, 51.92701], [16.13816, 51.92547], [16.13616, 51.92505], [16.13552, 51.92286], [16.12682, 51.92166], [16.12532, 51.91981], [16.13238, 51.92027], [16.13317, 51.91699], [16.12907, 51.91693], [16.12786, 51.91572], [16.12505, 51.91612], [16.1184, 51.91329], [16.11846, 51.91208], [16.10887, 51.90352], [16.10363, 51.90499], [16.09999, 51.90307], [16.09952, 51.90075], [16.10044, 51.90076], [16.1019, 51.89612], [16.09821, 51.89594], [16.09894, 51.89354], [16.10067, 51.8927], [16.10288, 51.89279], [16.10657, 51.89585], [16.12361, 51.89644], [16.13373, 51.89574], [16.14013, 51.8944], [16.14354, 51.89505], [16.15283, 51.89245], [16.16173, 51.89248], [16.16167, 51.89004], [16.16574, 51.88789], [16.16915, 51.88435], [16.17228, 51.88342], [16.18131, 51.8832], [16.18455, 51.88153], [16.18789, 51.88125], [16.18813, 51.88287], [16.18568, 51.88466], [16.19289, 51.88508], [16.19357, 51.87983], [16.20014, 51.87193], [16.21474, 51.86977], [16.22309, 51.87468], [16.22672, 51.87608], [16.22926, 51.87599], [16.23539, 51.88212], [16.23958, 51.88377], [16.24252, 51.88761], [16.24395, 51.88812], [16.24409, 51.89012], [16.24562, 51.89146], [16.24552, 51.89648], [16.24863, 51.89882], [16.24813, 51.90074], [16.2521, 51.90047], [16.25367, 51.89938], [16.2548, 51.90088], [16.25409, 51.90173], [16.25576, 51.90223], [16.25666, 51.90186], [16.25585, 51.89954], [16.25734, 51.89926], [16.2574, 51.89754], [16.25881, 51.89727], [16.25924, 51.89888], [16.26683, 51.89774], [16.26906, 51.898], [16.26989, 51.8958], [16.27273, 51.89508], [16.27912, 51.89767], [16.27781, 51.89952], [16.27886, 51.89999], [16.28692, 51.90026], [16.29189, 51.89523], [16.29901, 51.89362], [16.30802, 51.88912], [16.30862, 51.88786], [16.3128, 51.88642], [16.32036, 51.88688], [16.35152, 51.88067], [16.34608, 51.87497], [16.3379, 51.87598], [16.33506, 51.87105], [16.34171, 51.86961], [16.34135, 51.86894], [16.35105, 51.86332], [16.35305, 51.86056], [16.35771, 51.8574], [16.37265, 51.85388], [16.37827, 51.85109], [16.37985, 51.84946], [16.38126, 51.85005], [16.38711, 51.84637], [16.37963, 51.839], [16.40064, 51.83787], [16.39876, 51.83535], [16.40068, 51.83062], [16.39518, 51.82375], [16.39397, 51.81983], [16.40076, 51.81418], [16.40178, 51.8123], [16.40198, 51.80478], [16.39331, 51.79638], [16.38828, 51.79333], [16.38858, 51.79122], [16.39375, 51.78642], [16.39931, 51.78978], [16.40167, 51.78992], [16.4036, 51.78725], [16.40766, 51.78504], [16.41096, 51.78412], [16.41619, 51.78487], [16.41684, 51.78275], [16.40864, 51.77999], [16.41103, 51.77882], [16.40835, 51.77498], [16.40817, 51.77289], [16.39826, 51.77056], [16.39517, 51.76722], [16.38326, 51.77044], [16.38031, 51.76793], [16.37715, 51.76718], [16.37949, 51.76577], [16.37651, 51.76263], [16.37592, 51.75982], [16.37704, 51.75683], [16.37632, 51.75568], [16.37797, 51.75304], [16.37543, 51.75025], [16.37385, 51.75088], [16.37259, 51.74967], [16.37073, 51.74503], [16.36663, 51.74307], [16.36557, 51.74148], [16.36371, 51.74248], [16.36172, 51.74153], [16.36264, 51.74083], [16.36163, 51.73594], [16.36705, 51.73337], [16.36627, 51.73222], [16.36931, 51.72883], [16.36778, 51.72833], [16.36618, 51.72559], [16.35893, 51.72069], [16.3599, 51.71947], [16.35595, 51.71603], [16.35368, 51.71546], [16.35211, 51.71659], [16.35046, 51.71583], [16.35082, 51.71439], [16.34789, 51.71251], [16.35014, 51.71077], [16.34691, 51.70888], [16.34003, 51.70883], [16.33825, 51.70591], [16.33299, 51.70489], [16.32653, 51.70205], [16.31729, 51.70259], [16.30267, 51.69849], [16.30338, 51.69662], [16.30223, 51.69535], [16.29731, 51.69465], [16.29963, 51.69004], [16.27642, 51.68832], [16.2765, 51.68721], [16.26915, 51.68454], [16.26793, 51.67743], [16.27534, 51.67249], [16.2713, 51.66843], [16.2701, 51.66354], [16.26756, 51.66665], [16.26529, 51.6731], [16.25539, 51.6793], [16.25339, 51.68448], [16.25166, 51.68616], [16.23804, 51.68845], [16.22329, 51.69542], [16.2236, 51.69667], [16.22782, 51.69875], [16.2187, 51.71007], [16.21759, 51.7146], [16.21611, 51.71401], [16.21008, 51.71419], [16.20588, 51.7151], [16.20238, 51.71437], [16.20163, 51.71721], [16.19957, 51.71816], [16.19526, 51.71643], [16.19485, 51.71556], [16.19123, 51.71607], [16.18903, 51.71525], [16.18538, 51.71598], [16.18194, 51.71287], [16.18306, 51.71152], [16.17349, 51.71216], [16.17233, 51.70919], [16.16651, 51.70952], [16.16004, 51.71178], [16.16123, 51.7155], [16.15825, 51.71596], [16.15862, 51.71795], [16.16174, 51.71825], [16.17762, 51.76397], [16.17261, 51.76387], [16.16515, 51.75987], [16.16059, 51.75889], [16.15706, 51.75883], [16.15171, 51.76011], [16.13583, 51.7595], [16.13347, 51.75833], [16.13396, 51.7652], [16.11836, 51.76568], [16.11634, 51.7636], [16.10076, 51.76743], [16.0996, 51.76616], [16.09147, 51.76837], [16.09205, 51.77017], [16.08048, 51.77316], [16.07863, 51.77283], [16.07781, 51.77699], [16.07266, 51.77765], [16.07005, 51.78267], [16.05396, 51.78172], [16.04353, 51.78375], [16.0404, 51.78216], [16.0399, 51.78074], [16.03524, 51.78168], [16.03402, 51.78504], [16.03494, 51.79538], [16.02895, 51.80245], [16.02173, 51.80274], [16.02177, 51.80192], [16.01787, 51.80132], [16.00919, 51.80207], [16.00954, 51.80143], [16.00391, 51.80053], [16.00135, 51.80365], [15.99622, 51.80123], [15.99482, 51.80475], [15.97924, 51.80231], [15.98212, 51.80064], [15.98216, 51.79939], [15.98044, 51.79914], [15.97725, 51.79591], [15.97148, 51.79442], [15.96854, 51.79492], [15.9663, 51.79216], [15.97004, 51.78467], [15.97184, 51.78456], [15.97187, 51.78253], [15.97729, 51.78158], [15.98018, 51.78015], [15.98009, 51.77949], [15.98242, 51.7794], [15.98227, 51.7785], [15.99288, 51.77817], [15.99243, 51.77863], [15.99415, 51.77899], [15.99507, 51.77809], [15.99764, 51.77816], [15.99841, 51.77716], [16.00342, 51.77834], [16.0028, 51.77941], [16.00431, 51.77982], [16.00857, 51.77571], [16.00696, 51.77385], [16.00819, 51.77336], [15.98902, 51.76923], [15.97999, 51.77368], [15.97677, 51.76913], [15.97706, 51.76814], [15.96874, 51.76838], [15.97658, 51.74812], [15.97371, 51.74635], [15.98009, 51.74532], [15.97338, 51.7439], [15.96774, 51.74524], [15.96533, 51.74389], [15.9608, 51.74358], [15.96112, 51.74187], [15.96012, 51.74091], [15.96145, 51.74044], [15.9592, 51.73947], [15.96403, 51.73734], [15.96318, 51.73366], [15.95451, 51.73616], [15.95211, 51.73393], [15.9465, 51.73646], [15.94391, 51.73551], [15.94173, 51.73668], [15.94001, 51.73583], [15.93819, 51.737], [15.92972, 51.73771], [15.92657, 51.72964], [15.92189, 51.72968], [15.91243, 51.72554], [15.90414, 51.72959], [15.90109, 51.73035], [15.89468, 51.73032], [15.89151, 51.72879], [15.88764, 51.72355], [15.88239, 51.7199], [15.87686, 51.71899], [15.87182, 51.72074], [15.86953, 51.71966], [15.86713, 51.70689], [15.86818, 51.70662], [15.86507, 51.70699], [15.8659, 51.7022], [15.86261, 51.70182], [15.8646, 51.69853], [15.86563, 51.69261], [15.86235, 51.69252], [15.86424, 51.69108], [15.86667, 51.69155], [15.86864, 51.69109], [15.86853, 51.6888], [15.86479, 51.68923], [15.86448, 51.69025], [15.85494, 51.68884], [15.85538, 51.68818], [15.85331, 51.68691], [15.85254, 51.68394], [15.84695, 51.68181], [15.84247, 51.68164], [15.8448, 51.67541], [15.83654, 51.67346], [15.83426, 51.67219], [15.84125, 51.66742], [15.84971, 51.6652], [15.84511, 51.66423], [15.8427, 51.66124], [15.85158, 51.6602], [15.85455, 51.65888], [15.85618, 51.65729], [15.85569, 51.65155], [15.85724, 51.65042], [15.83755, 51.64486], [15.83004, 51.63699], [15.83404, 51.62222], [15.82755, 51.61595], [15.82278, 51.61307], [15.82157, 51.60724], [15.81826, 51.60416], [15.81823, 51.60287], [15.81581, 51.60292], [15.82362, 51.57274], [15.81061, 51.57281], [15.80774, 51.5734], [15.76981, 51.56963], [15.7428, 51.55582], [15.7407, 51.55593], [15.74015, 51.55526], [15.72352, 51.5522], [15.70378, 51.55706], [15.70639, 51.55453], [15.70598, 51.55292], [15.70465, 51.55198], [15.70282, 51.55191], [15.70316, 51.54643], [15.71231, 51.54655], [15.71267, 51.53465], [15.71146, 51.53299], [15.71252, 51.53196], [15.71084, 51.5295], [15.71201, 51.52591], [15.71081, 51.52366], [15.71296, 51.52308], [15.71407, 51.52164], [15.71403, 51.51741], [15.7006, 51.51739], [15.69926, 51.5158], [15.70097, 51.51248], [15.67893, 51.51238], [15.67881, 51.50563], [15.67328, 51.50569], [15.67311, 51.49892], [15.66763, 51.49898], [15.66733, 51.48885], [15.6592, 51.48812], [15.66368, 51.48494], [15.66419, 51.48271], [15.65601, 51.4724], [15.65234, 51.47297], [15.64879, 51.47672], [15.64702, 51.476], [15.64591, 51.47908]]]}}, {"type": "Feature", "properties": {"kod": "10", "nazwa": "łódzkie"}, "geometry": {"type": "Polygon", "coordinates": [[[20.43413, 51.38733], [20.43361, 51.38279], [20.4312, 51.38148], [20.43144, 51.38036], [20.42836, 51.37763], [20.42782, 51.37482], [20.4298, 51.37466], [20.42908, 51.37124], [20.4268, 51.3711], [20.42975, 51.36945], [20.42186, 51.36303], [20.41675, 51.36211], [20.42204, 51.36145], [20.42289, 51.3536], [20.42591, 51.35396], [20.42644, 51.3518], [20.427, 51.35123], [20.42819, 51.35155], [20.42963, 51.34667], [20.43069, 51.34658], [20.43097, 51.33936], [20.43282, 51.33938], [20.4327, 51.33431], [20.42832, 51.33398], [20.42886, 51.33335], [20.42395, 51.33341], [20.4242, 51.32831], [20.42036, 51.32637], [20.42041, 51.32563], [20.40971, 51.32616], [20.413, 51.32346], [20.41442, 51.32068], [20.41035, 51.31856], [20.40256, 51.31937], [20.38495, 51.31877], [20.37865, 51.31388], [20.36835, 51.31063], [20.36393, 51.31129], [20.36512, 51.30889], [20.36434, 51.30839], [20.36538, 51.30791], [20.36446, 51.30757], [20.36582, 51.30677], [20.36771, 51.30686], [20.36855, 51.306], [20.3661, 51.3053], [20.36694, 51.30533], [20.37478, 51.29332], [20.37639, 51.2935], [20.37726, 51.2917], [20.37598, 51.29146], [20.38172, 51.28239], [20.39042, 51.2722], [20.38716, 51.2715], [20.38827, 51.26977], [20.38462, 51.26927], [20.38574, 51.26324], [20.37524, 51.26188], [20.37975, 51.24595], [20.37551, 51.24315], [20.37112, 51.23663], [20.35965, 51.24136], [20.35641, 51.24807], [20.35395, 51.25043], [20.3356, 51.25423], [20.33082, 51.25772], [20.3303, 51.25396], [20.32886, 51.25276], [20.31012, 51.24312], [20.29772, 51.24433], [20.27799, 51.24427], [20.27281, 51.24578], [20.26491, 51.25087], [20.26012, 51.25087], [20.26159, 51.25456], [20.26351, 51.25433], [20.26167, 51.25834], [20.26049, 51.25881], [20.25304, 51.2562], [20.24567, 51.25652], [20.24259, 51.2573], [20.24101, 51.2555], [20.24499, 51.25483], [20.24606, 51.25332], [20.24447, 51.25247], [20.24541, 51.25012], [20.24343, 51.24602], [20.24149, 51.24494], [20.24177, 51.24386], [20.24303, 51.24259], [20.24805, 51.24233], [20.24987, 51.24083], [20.25261, 51.2408], [20.25597, 51.23669], [20.25133, 51.22158], [20.26419, 51.22032], [20.26441, 51.21906], [20.26366, 51.21585], [20.2605, 51.21565], [20.25793, 51.21184], [20.25526, 51.21192], [20.25165, 51.20674], [20.23817, 51.20778], [20.23525, 51.20892], [20.23627, 51.20705], [20.23517, 51.20361], [20.23204, 51.20108], [20.2282, 51.20122], [20.22009, 51.19897], [20.21672, 51.19927], [20.21761, 51.20321], [20.21463, 51.20966], [20.20981, 51.20718], [20.21149, 51.20632], [20.20714, 51.20343], [20.20598, 51.20004], [20.20778, 51.19982], [20.19757, 51.19772], [20.19581, 51.19679], [20.1944, 51.19801], [20.20186, 51.19956], [20.20065, 51.20103], [20.20185, 51.20192], [20.20116, 51.20405], [20.19575, 51.20635], [20.19517, 51.20473], [20.19243, 51.20444], [20.17878, 51.20708], [20.17816, 51.20074], [20.17947, 51.19546], [20.17658, 51.19577], [20.17666, 51.19627], [20.15812, 51.19793], [20.15873, 51.19382], [20.15107, 51.19264], [20.14884, 51.19457], [20.14841, 51.19293], [20.14752, 51.19333], [20.14756, 51.19249], [20.14542, 51.19148], [20.13875, 51.19262], [20.13445, 51.19081], [20.12569, 51.19125], [20.11954, 51.18928], [20.11631, 51.19079], [20.11564, 51.19194], [20.11314, 51.1916], [20.11265, 51.19314], [20.10794, 51.1934], [20.09978, 51.19127], [20.0969, 51.19183], [20.09535, 51.19135], [20.0913, 51.19287], [20.08992, 51.19249], [20.08272, 51.19372], [20.07793, 51.1931], [20.07365, 51.19448], [20.07038, 51.19419], [20.06461, 51.19703], [20.06246, 51.19373], [20.05751, 51.19068], [20.05634, 51.19143], [20.05572, 51.19072], [20.05583, 51.19484], [20.05864, 51.19448], [20.05899, 51.19613], [20.06043, 51.19601], [20.06023, 51.1992], [20.0535, 51.20272], [20.04546, 51.20229], [20.03238, 51.20113], [20.03252, 51.19989], [20.02582, 51.20042], [20.02513, 51.19853], [20.01594, 51.197], [20.01101, 51.19544], [20.01015, 51.19095], [19.9992, 51.18805], [19.99672, 51.18648], [19.99683, 51.1854], [19.99385, 51.18395], [20.02577, 51.16467], [20.02246, 51.15967], [20.02197, 51.15537], [20.01737, 51.15241], [20.01274, 51.15522], [19.98828, 51.13954], [19.99078, 51.13737], [19.99218, 51.13809], [19.99569, 51.1356], [20.00172, 51.13306], [19.98783, 51.1346], [19.9869, 51.13527], [19.98556, 51.13486], [19.98848, 51.13035], [19.98795, 51.12873], [19.98907, 51.12571], [19.98812, 51.11891], [19.99021, 51.11668], [19.99181, 51.1126], [19.98996, 51.10935], [19.99297, 51.0996], [19.98884, 51.09298], [19.98888, 51.0867], [19.98642, 51.07827], [19.98177, 51.07312], [20.01637, 51.06999], [20.03156, 51.07007], [20.0454, 51.06856], [20.04459, 51.06001], [20.05158, 51.06282], [20.05624, 51.05775], [20.04819, 51.05436], [20.04803, 51.05339], [20.05068, 51.03278], [20.04894, 51.02931], [20.05095, 51.02627], [20.04867, 51.02174], [20.0511, 51.01717], [20.04959, 51.0161], [20.04905, 51.01169], [20.04793, 51.00929], [20.04477, 51.0069], [20.04311, 51.00257], [20.04045, 51.00014], [20.03516, 50.9987], [20.03256, 50.99545], [20.03436, 50.992], [20.03394, 50.9909], [20.0382, 50.99141], [20.03947, 50.99021], [20.03629, 50.97318], [20.03451, 50.97226], [20.02709, 50.97257], [20.02711, 50.97136], [20.02571, 50.97138], [20.02564, 50.97038], [20.0241, 50.96993], [20.02487, 50.96824], [20.02233, 50.96806], [20.02096, 50.96597], [20.02147, 50.96522], [20.02049, 50.96541], [20.02077, 50.9647], [20.01896, 50.96343], [20.01963, 50.96254], [20.0179, 50.96218], [19.95789, 50.99037], [19.95582, 50.99215], [19.95722, 51.00004], [19.95875, 51.00221], [19.94979, 51.01181], [19.9482, 51.01323], [19.94703, 51.01306], [19.94227, 51.00968], [19.94026, 51.00916], [19.93573, 51.01106], [19.93693, 51.02462], [19.91997, 51.02437], [19.92134, 51.02558], [19.8976, 51.02822], [19.88617, 51.04761], [19.87632, 51.04831], [19.8749, 51.04491], [19.87618, 51.0448], [19.87607, 51.0432], [19.87356, 51.04335], [19.8722, 51.03798], [19.86907, 51.03881], [19.86615, 51.03677], [19.86661, 51.03251], [19.86405, 51.03019], [19.86507, 51.02783], [19.86406, 51.02727], [19.86694, 51.0258], [19.86728, 51.0248], [19.86424, 51.02337], [19.86649, 51.02274], [19.86703, 51.02162], [19.86607, 51.02021], [19.86366, 51.02073], [19.86334, 51.01923], [19.86087, 51.01849], [19.86158, 51.01734], [19.85975, 51.01451], [19.86179, 51.01099], [19.86147, 51.00896], [19.86323, 51.00777], [19.86347, 51.00477], [19.86062, 51.00482], [19.86143, 51.00291], [19.85904, 51.00198], [19.85672, 50.99874], [19.85445, 50.99906], [19.85418, 50.99794], [19.84745, 50.99481], [19.83507, 50.97662], [19.83307, 50.97657], [19.83096, 50.96986], [19.82981, 50.96965], [19.82951, 50.9677], [19.8279, 50.96672], [19.82857, 50.96556], [19.83077, 50.96518], [19.8277, 50.96265], [19.82971, 50.96221], [19.8306, 50.9602], [19.8298, 50.95911], [19.83415, 50.95851], [19.83304, 50.95803], [19.8345, 50.95694], [19.83257, 50.9566], [19.83261, 50.95583], [19.83486, 50.95509], [19.83313, 50.95388], [19.83489, 50.95215], [19.83311, 50.94991], [19.8344, 50.94928], [19.8357, 50.94977], [19.83788, 50.9483], [19.84167, 50.94838], [19.84215, 50.94726], [19.84617, 50.94516], [19.84337, 50.94387], [19.84554, 50.94239], [19.8456, 50.94133], [19.84705, 50.94133], [19.84633, 50.9405], [19.84722, 50.93998], [19.84622, 50.93965], [19.84752, 50.93913], [19.84877, 50.9357], [19.84715, 50.93375], [19.84805, 50.93218], [19.84668, 50.93169], [19.84104, 50.92327], [19.83753, 50.92125], [19.83661, 50.91915], [19.83764, 50.91879], [19.83596, 50.91803], [19.8376, 50.91728], [19.83649, 50.91677], [19.83471, 50.91724], [19.8328, 50.91597], [19.83204, 50.91718], [19.831, 50.91614], [19.82949, 50.91624], [19.82926, 50.91526], [19.82303, 50.9154], [19.8237, 50.91414], [19.82184, 50.91393], [19.82164, 50.91318], [19.81927, 50.91323], [19.81836, 50.91162], [19.81354, 50.90998], [19.81039, 50.90771], [19.80845, 50.90779], [19.80962, 50.90731], [19.80802, 50.90669], [19.7997, 50.90843], [19.79668, 50.90834], [19.79492, 50.90675], [19.79368, 50.90708], [19.79281, 50.9058], [19.79487, 50.90477], [19.79306, 50.90469], [19.79296, 50.9035], [19.7914, 50.90388], [19.79095, 50.90196], [19.79176, 50.90135], [19.79048, 50.90143], [19.78927, 50.90051], [19.79145, 50.90009], [19.79283, 50.90131], [19.7928, 50.89927], [19.78947, 50.89986], [19.7888, 50.8991], [19.79043, 50.89847], [19.79025, 50.89787], [19.78873, 50.898], [19.79049, 50.89677], [19.78887, 50.89631], [19.79012, 50.8946], [19.78913, 50.8941], [19.79051, 50.89371], [19.78824, 50.8933], [19.78742, 50.89395], [19.78756, 50.8923], [19.78899, 50.8918], [19.78698, 50.89083], [19.78491, 50.89189], [19.78673, 50.88962], [19.78688, 50.88725], [19.78403, 50.88573], [19.78303, 50.88615], [19.78197, 50.88468], [19.7795, 50.88551], [19.77851, 50.88453], [19.7782, 50.88535], [19.77656, 50.88513], [19.77521, 50.88338], [19.77673, 50.88302], [19.77644, 50.88157], [19.77766, 50.87994], [19.77662, 50.88004], [19.77511, 50.87828], [19.74716, 50.86647], [19.74611, 50.86097], [19.74355, 50.85961], [19.74412, 50.85778], [19.74722, 50.85715], [19.74472, 50.85484], [19.7426, 50.85476], [19.74413, 50.85383], [19.74232, 50.85152], [19.74114, 50.85197], [19.73497, 50.85091], [19.73408, 50.84907], [19.73253, 50.85016], [19.72856, 50.84945], [19.7279, 50.84328], [19.69913, 50.84435], [19.69571, 50.84622], [19.69504, 50.84352], [19.68307, 50.84521], [19.68048, 50.84616], [19.6803, 50.84908], [19.67726, 50.85045], [19.67485, 50.84759], [19.67013, 50.84871], [19.66749, 50.8541], [19.66139, 50.85454], [19.66174, 50.85694], [19.65844, 50.86028], [19.6578, 50.86327], [19.66012, 50.86764], [19.66112, 50.87467], [19.65657, 50.87628], [19.63861, 50.87996], [19.63815, 50.87876], [19.63481, 50.87927], [19.63019, 50.87866], [19.61795, 50.88051], [19.61394, 50.87731], [19.59361, 50.89988], [19.5877, 50.90239], [19.58827, 50.90425], [19.58714, 50.90521], [19.5774, 50.90486], [19.57753, 50.90717], [19.57444, 50.90803], [19.56955, 50.90832], [19.56437, 50.90758], [19.5632, 50.90542], [19.55336, 50.90043], [19.54207, 50.89888], [19.53505, 50.89632], [19.52495, 50.89399], [19.52075, 50.88862], [19.50918, 50.88107], [19.50485, 50.88262], [19.50228, 50.88459], [19.50445, 50.8858], [19.50314, 50.88642], [19.49755, 50.87969], [19.49115, 50.88021], [19.48985, 50.87896], [19.48635, 50.87969], [19.48312, 50.88381], [19.48382, 50.88465], [19.47107, 50.88589], [19.46719, 50.8886], [19.4736, 50.89176], [19.47313, 50.89415], [19.46972, 50.89363], [19.46556, 50.89569], [19.46392, 50.89531], [19.46287, 50.90997], [19.46711, 50.90948], [19.46819, 50.91055], [19.46966, 50.91739], [19.46627, 50.92082], [19.46558, 50.92344], [19.46334, 50.92582], [19.46474, 50.92736], [19.45849, 50.93018], [19.45582, 50.93064], [19.44648, 50.93548], [19.4445, 50.93971], [19.43809, 50.94385], [19.43566, 50.94745], [19.43457, 50.95347], [19.43325, 50.9553], [19.43227, 50.96489], [19.42894, 50.9658], [19.42357, 50.9713], [19.41341, 50.97518], [19.40969, 50.97407], [19.41001, 50.97119], [19.40358, 50.97482], [19.40662, 50.97853], [19.40992, 50.97799], [19.41063, 50.98065], [19.40731, 50.98523], [19.40234, 50.9884], [19.40086, 50.98844], [19.40374, 50.98988], [19.40067, 50.9916], [19.40208, 50.99398], [19.39773, 50.99618], [19.39654, 50.99425], [19.39573, 50.99463], [19.39211, 51.00094], [19.38924, 51.00124], [19.38946, 50.99883], [19.38674, 51.00006], [19.37872, 50.9952], [19.37685, 50.99548], [19.37461, 50.99438], [19.36762, 50.99506], [19.36673, 50.99384], [19.36314, 50.99245], [19.35625, 50.9926], [19.35515, 50.99447], [19.35163, 50.99586], [19.36217, 51.00395], [19.34735, 51.01086], [19.32925, 51.01315], [19.32656, 51.01227], [19.32629, 51.01516], [19.32743, 51.01664], [19.32588, 51.01886], [19.32032, 51.01925], [19.31858, 51.02013], [19.32032, 51.02456], [19.31852, 51.02821], [19.31948, 51.0301], [19.32087, 51.02997], [19.33018, 51.03613], [19.33142, 51.03885], [19.32601, 51.04379], [19.32224, 51.04411], [19.32269, 51.04619], [19.31064, 51.04772], [19.31019, 51.04636], [19.30125, 51.04327], [19.29731, 51.04478], [19.29177, 51.04548], [19.28811, 51.04415], [19.2814, 51.03948], [19.27572, 51.03771], [19.27333, 51.0384], [19.27013, 51.03642], [19.2664, 51.03211], [19.26226, 51.03208], [19.26093, 51.031], [19.25685, 51.03365], [19.26188, 51.03517], [19.2565, 51.03586], [19.25371, 51.03812], [19.24993, 51.03808], [19.25151, 51.03912], [19.25057, 51.04001], [19.24895, 51.03996], [19.24759, 51.03824], [19.2466, 51.03857], [19.24623, 51.03769], [19.24314, 51.03684], [19.24383, 51.03543], [19.24509, 51.03533], [19.2456, 51.033], [19.24725, 51.03165], [19.24646, 51.03032], [19.24737, 51.0302], [19.24528, 51.02892], [19.24516, 51.02559], [19.24315, 51.02358], [19.24614, 51.01915], [19.248, 51.01837], [19.24969, 51.01865], [19.25162, 51.01588], [19.25701, 51.00296], [19.25324, 51.00248], [19.25326, 51.00553], [19.25061, 51.00535], [19.25092, 51.00231], [19.24721, 50.99938], [19.24817, 50.99893], [19.24602, 50.99741], [19.24606, 50.99478], [19.24119, 50.99156], [19.24073, 50.99039], [19.23649, 50.99024], [19.23479, 50.9909], [19.23273, 50.98904], [19.23054, 50.98794], [19.22853, 50.9879], [19.22697, 50.98659], [19.22416, 50.98589], [19.22023, 50.98686], [19.21444, 50.98643], [19.20766, 50.98431], [19.20425, 50.98242], [19.20649, 50.98556], [19.1795, 50.99139], [19.17875, 50.98941], [19.1754, 50.99016], [19.17617, 50.99211], [19.16497, 50.99453], [19.16384, 51.00326], [19.16113, 51.0032], [19.1617, 51.0006], [19.14492, 51.00181], [19.1498, 51.00958], [19.13266, 51.01085], [19.13044, 51.00746], [19.12732, 51.00587], [19.1285, 51.0031], [19.13256, 51.0027], [19.13284, 50.99956], [19.12356, 50.9996], [19.11739, 51.00722], [19.10906, 51.01423], [19.10738, 51.02163], [19.10449, 51.02621], [19.09719, 51.03025], [19.08915, 51.03344], [19.08184, 51.03499], [19.07268, 51.03553], [19.05613, 51.02415], [19.04974, 51.02643], [19.04675, 51.02859], [19.0477, 51.02951], [19.05027, 51.02983], [19.05051, 51.03136], [19.0539, 51.03144], [19.05245, 51.03243], [19.05294, 51.03327], [19.0566, 51.03206], [19.05708, 51.03317], [19.05557, 51.03347], [19.05662, 51.03432], [19.05469, 51.0353], [19.05655, 51.03602], [19.05366, 51.03656], [19.05368, 51.0371], [19.0557, 51.03736], [19.05634, 51.03992], [19.05357, 51.04], [19.05095, 51.04271], [19.04999, 51.04204], [19.04856, 51.04227], [19.04762, 51.04383], [19.04575, 51.0438], [19.04508, 51.04529], [19.04331, 51.04494], [19.03861, 51.04585], [19.03292, 51.04737], [19.0283, 51.04995], [19.01671, 51.05186], [19.01212, 51.05871], [19.00906, 51.06034], [19.01163, 51.06651], [19.00034, 51.07079], [18.99326, 51.07615], [18.98495, 51.0774], [18.9784, 51.08062], [18.97532, 51.08096], [18.97191, 51.08011], [18.96696, 51.08189], [18.96156, 51.08477], [18.95869, 51.08897], [18.95562, 51.09015], [18.95144, 51.09095], [18.94936, 51.09044], [18.9454, 51.09237], [18.93876, 51.0913], [18.9324, 51.09311], [18.92489, 51.09676], [18.92302, 51.09943], [18.91978, 51.0986], [18.91677, 51.0961], [18.9074, 51.08561], [18.90052, 51.07948], [18.89551, 51.06663], [18.89623, 51.06488], [18.90033, 51.06243], [18.89331, 51.06021], [18.88837, 51.06011], [18.88353, 51.05898], [18.88275, 51.06137], [18.87466, 51.06737], [18.87127, 51.06842], [18.85647, 51.07644], [18.85739, 51.0726], [18.8179, 51.06825], [18.81664, 51.07295], [18.80069, 51.07119], [18.80289, 51.06339], [18.77745, 51.06579], [18.74941, 51.06232], [18.73942, 51.06345], [18.73716, 51.06519], [18.73184, 51.06647], [18.72723, 51.06525], [18.72042, 51.0646], [18.71569, 51.06588], [18.71009, 51.06564], [18.70293, 51.06436], [18.70218, 51.06267], [18.69707, 51.06141], [18.68818, 51.06073], [18.67521, 51.05705], [18.66881, 51.05645], [18.66583, 51.05471], [18.66081, 51.05463], [18.64836, 51.06107], [18.63746, 51.06339], [18.62502, 51.07174], [18.62552, 51.07267], [18.62308, 51.07561], [18.62357, 51.07721], [18.61998, 51.07766], [18.61676, 51.07939], [18.60992, 51.08036], [18.608, 51.08175], [18.5998, 51.08226], [18.59502, 51.08193], [18.59235, 51.08091], [18.58074, 51.08234], [18.57761, 51.08203], [18.57736, 51.08437], [18.58077, 51.08983], [18.57885, 51.0935], [18.57091, 51.09858], [18.56789, 51.1024], [18.5623, 51.10654], [18.56137, 51.11115], [18.56411, 51.11226], [18.56765, 51.11905], [18.56353, 51.1246], [18.56337, 51.12642], [18.55986, 51.13132], [18.55701, 51.13297], [18.55721, 51.13429], [18.5537, 51.13883], [18.5481, 51.14107], [18.54301, 51.1411], [18.53952, 51.13831], [18.53671, 51.13787], [18.53332, 51.13799], [18.52364, 51.14045], [18.52083, 51.14025], [18.51741, 51.13679], [18.51547, 51.13274], [18.51648, 51.12082], [18.52014, 51.11625], [18.518, 51.11442], [18.51661, 51.11117], [18.51968, 51.10805], [18.51569, 51.1044], [18.51448, 51.10452], [18.51293, 51.10321], [18.51069, 51.10328], [18.50573, 51.1018], [18.50364, 51.10016], [18.49872, 51.09961], [18.49643, 51.09778], [18.49653, 51.0952], [18.48945, 51.09071], [18.47831, 51.09233], [18.48142, 51.09972], [18.46972, 51.10439], [18.46707, 51.1113], [18.46801, 51.11239], [18.46448, 51.12015], [18.4542, 51.11509], [18.44301, 51.11491], [18.4369, 51.11407], [18.42982, 51.11575], [18.42905, 51.11761], [18.42194, 51.11708], [18.41892, 51.12586], [18.40648, 51.12414], [18.40547, 51.1249], [18.40231, 51.12445], [18.39974, 51.12589], [18.3927, 51.12642], [18.38773, 51.12998], [18.38476, 51.12978], [18.38168, 51.1282], [18.37863, 51.13089], [18.37556, 51.13111], [18.3751, 51.13429], [18.37348, 51.13389], [18.37176, 51.13453], [18.37194, 51.13527], [18.37032, 51.13518], [18.36973, 51.13702], [18.36799, 51.13678], [18.36702, 51.13881], [18.36327, 51.13768], [18.36318, 51.13627], [18.36064, 51.13749], [18.35736, 51.13604], [18.35547, 51.13718], [18.353, 51.13616], [18.34755, 51.13812], [18.3468, 51.1373], [18.34459, 51.13702], [18.34231, 51.13813], [18.34038, 51.13741], [18.33972, 51.13836], [18.33757, 51.1387], [18.33607, 51.138], [18.33264, 51.13919], [18.3299, 51.13826], [18.32805, 51.13881], [18.32327, 51.13826], [18.31979, 51.13648], [18.3168, 51.13606], [18.31495, 51.13395], [18.30996, 51.13466], [18.30859, 51.13569], [18.30689, 51.135], [18.3051, 51.13535], [18.30436, 51.13703], [18.30304, 51.13717], [18.3029, 51.13826], [18.30432, 51.13878], [18.30313, 51.14019], [18.30226, 51.13959], [18.29889, 51.14007], [18.2972, 51.14246], [18.2952, 51.14226], [18.29247, 51.14348], [18.28909, 51.14644], [18.28565, 51.14627], [18.27759, 51.1477], [18.27515, 51.14954], [18.27024, 51.1505], [18.26899, 51.15272], [18.26495, 51.15589], [18.25922, 51.15771], [18.25262, 51.15577], [18.2483, 51.15728], [18.24671, 51.15698], [18.24639, 51.15757], [18.24577, 51.1562], [18.24359, 51.15607], [18.24371, 51.15683], [18.24234, 51.15694], [18.2399, 51.15875], [18.23765, 51.15879], [18.23266, 51.15767], [18.23093, 51.15574], [18.22361, 51.157], [18.22213, 51.1566], [18.2215, 51.15452], [18.2191, 51.1558], [18.21545, 51.15524], [18.20956, 51.15611], [18.20805, 51.15564], [18.20298, 51.15631], [18.20112, 51.15725], [18.1975, 51.15714], [18.19638, 51.15805], [18.18951, 51.15797], [18.18882, 51.15723], [18.18765, 51.15768], [18.18702, 51.15715], [18.18486, 51.15798], [18.18489, 51.15936], [18.18333, 51.16061], [18.17909, 51.16033], [18.17588, 51.16161], [18.17445, 51.16127], [18.17089, 51.16319], [18.16752, 51.16384], [18.16672, 51.16525], [18.16558, 51.1652], [18.16617, 51.16735], [18.16351, 51.16775], [18.16375, 51.16963], [18.16249, 51.16987], [18.16439, 51.17152], [18.16344, 51.17339], [18.16559, 51.17483], [18.1662, 51.17688], [18.1686, 51.1782], [18.16854, 51.17959], [18.16634, 51.18123], [18.16694, 51.18239], [18.16829, 51.18268], [18.17114, 51.18818], [18.17637, 51.19081], [18.1736, 51.19194], [18.16213, 51.19234], [18.16301, 51.19952], [18.1621, 51.20552], [18.16406, 51.20643], [18.16522, 51.21234], [18.17018, 51.21223], [18.16967, 51.21379], [18.17206, 51.21506], [18.17317, 51.21803], [18.17762, 51.21909], [18.17976, 51.22219], [18.17896, 51.22289], [18.18032, 51.22325], [18.17936, 51.22405], [18.17779, 51.22401], [18.17899, 51.22515], [18.17764, 51.22524], [18.17838, 51.2262], [18.17644, 51.22622], [18.17699, 51.22764], [18.17556, 51.22797], [18.17598, 51.22894], [18.17501, 51.2297], [18.17584, 51.23004], [18.17433, 51.23092], [18.17562, 51.23183], [18.17383, 51.23283], [18.17522, 51.2336], [18.17404, 51.23426], [18.17527, 51.23513], [18.17474, 51.23594], [18.17611, 51.23612], [18.17488, 51.23823], [18.17314, 51.23867], [18.17197, 51.24135], [18.17097, 51.24177], [18.16924, 51.24051], [18.16821, 51.24253], [18.16688, 51.24277], [18.16903, 51.24576], [18.16674, 51.24627], [18.16839, 51.2471], [18.16857, 51.24815], [18.167, 51.25049], [18.16826, 51.25268], [18.1675, 51.25567], [18.17015, 51.25859], [18.1693, 51.26047], [18.17146, 51.26115], [18.17207, 51.263], [18.17041, 51.26371], [18.17038, 51.26756], [18.16911, 51.26795], [18.17258, 51.26831], [18.17225, 51.26903], [18.16879, 51.27188], [18.16356, 51.27208], [18.15936, 51.27363], [18.15625, 51.2719], [18.15625, 51.27262], [18.1507, 51.27317], [18.1533, 51.26405], [18.13797, 51.26412], [18.13787, 51.26791], [18.13665, 51.26973], [18.12639, 51.26892], [18.12447, 51.26504], [18.12287, 51.26419], [18.12111, 51.26597], [18.11787, 51.26538], [18.11928, 51.2621], [18.11799, 51.26127], [18.11362, 51.26151], [18.11003, 51.26021], [18.10796, 51.26364], [18.10683, 51.26284], [18.10339, 51.26827], [18.10784, 51.26934], [18.10948, 51.27283], [18.11287, 51.27343], [18.11636, 51.27575], [18.11692, 51.27748], [18.11499, 51.27771], [18.11359, 51.27881], [18.10302, 51.28039], [18.10624, 51.28187], [18.10503, 51.28549], [18.11359, 51.28488], [18.12021, 51.28661], [18.11187, 51.28995], [18.11375, 51.29199], [18.10984, 51.29315], [18.11192, 51.29702], [18.11361, 51.29713], [18.11089, 51.30464], [18.10912, 51.30501], [18.10881, 51.30691], [18.11222, 51.30746], [18.11285, 51.3108], [18.09242, 51.32569], [18.09173, 51.32719], [18.0934, 51.34113], [18.08092, 51.34615], [18.07452, 51.34992], [18.07783, 51.35199], [18.08561, 51.35445], [18.0986, 51.36204], [18.1092, 51.35875], [18.12655, 51.3576], [18.1297, 51.36217], [18.13506, 51.36081], [18.13793, 51.3781], [18.13912, 51.37956], [18.13786, 51.37812], [18.14921, 51.3915], [18.18782, 51.38671], [18.18965, 51.38657], [18.19312, 51.38773], [18.19296, 51.38861], [18.19163, 51.38862], [18.19177, 51.38983], [18.19528, 51.39016], [18.19519, 51.39176], [18.19366, 51.39227], [18.19762, 51.3943], [18.19627, 51.39557], [18.19888, 51.39515], [18.2002, 51.39571], [18.19903, 51.39615], [18.19925, 51.39704], [18.20129, 51.39828], [18.20274, 51.39794], [18.20234, 51.39891], [18.20393, 51.39955], [18.20426, 51.40109], [18.20592, 51.40106], [18.20759, 51.40336], [18.20705, 51.40546], [18.20852, 51.40599], [18.20657, 51.40723], [18.20797, 51.40828], [18.20669, 51.40936], [18.20541, 51.40925], [18.20721, 51.41054], [18.20595, 51.41034], [18.20679, 51.41116], [18.20496, 51.41175], [18.20694, 51.41242], [18.20547, 51.41247], [18.20404, 51.41387], [18.20556, 51.41424], [18.20417, 51.41512], [18.20589, 51.41658], [18.20388, 51.41674], [18.20445, 51.41742], [18.20691, 51.41705], [18.20865, 51.41794], [18.21071, 51.42075], [18.21136, 51.42354], [18.2105, 51.42515], [18.21135, 51.42546], [18.20992, 51.42567], [18.21054, 51.42647], [18.20792, 51.42653], [18.2072, 51.42811], [18.20812, 51.42975], [18.20634, 51.43277], [18.20292, 51.43458], [18.19924, 51.43387], [18.19858, 51.43624], [18.19626, 51.43608], [18.19559, 51.43744], [18.1942, 51.43661], [18.19162, 51.43859], [18.18998, 51.43848], [18.19035, 51.43934], [18.18818, 51.4412], [18.20265, 51.44391], [18.2157, 51.44766], [18.21144, 51.45192], [18.21274, 51.45434], [18.22789, 51.45195], [18.24476, 51.44481], [18.25534, 51.43881], [18.27132, 51.4356], [18.27934, 51.43254], [18.28884, 51.43032], [18.29644, 51.42942], [18.30636, 51.42596], [18.30809, 51.42617], [18.31297, 51.42478], [18.31575, 51.42321], [18.32294, 51.42177], [18.32631, 51.41982], [18.33078, 51.42328], [18.33545, 51.42554], [18.34051, 51.43016], [18.34074, 51.44099], [18.34565, 51.44723], [18.35142, 51.44966], [18.35619, 51.45656], [18.35605, 51.45901], [18.35746, 51.46063], [18.35618, 51.4642], [18.35802, 51.46647], [18.35614, 51.46823], [18.35179, 51.46985], [18.35327, 51.47065], [18.36156, 51.46801], [18.36196, 51.46865], [18.37672, 51.47277], [18.37752, 51.47457], [18.3828, 51.47733], [18.38005, 51.51833], [18.37709, 51.51895], [18.37529, 51.5219], [18.3715, 51.52335], [18.36062, 51.53143], [18.36082, 51.53378], [18.35848, 51.53636], [18.35976, 51.5405], [18.36279, 51.54238], [18.36938, 51.54375], [18.37385, 51.54792], [18.36834, 51.5497], [18.36961, 51.55625], [18.36781, 51.56159], [18.36484, 51.56446], [18.36734, 51.56861], [18.37042, 51.57046], [18.36989, 51.57325], [18.3726, 51.57684], [18.37155, 51.58171], [18.37193, 51.58703], [18.37049, 51.59095], [18.37861, 51.59233], [18.37682, 51.60007], [18.35207, 51.60065], [18.34867, 51.60135], [18.35268, 51.6072], [18.36857, 51.61696], [18.36514, 51.62093], [18.36499, 51.62386], [18.35854, 51.62632], [18.35003, 51.6269], [18.35327, 51.62985], [18.35279, 51.63332], [18.36115, 51.63427], [18.37, 51.63433], [18.37026, 51.6359], [18.37429, 51.63741], [18.38021, 51.6468], [18.38014, 51.64944], [18.38134, 51.65079], [18.38085, 51.65232], [18.37597, 51.65421], [18.37218, 51.65464], [18.37277, 51.65547], [18.37004, 51.65684], [18.35531, 51.66053], [18.35778, 51.67223], [18.36121, 51.67855], [18.36415, 51.6817], [18.3689, 51.68298], [18.37977, 51.68435], [18.38011, 51.68644], [18.37885, 51.68923], [18.38541, 51.69461], [18.38794, 51.69547], [18.39688, 51.69576], [18.39633, 51.6987], [18.39297, 51.70135], [18.40341, 51.70013], [18.40582, 51.70092], [18.41221, 51.7006], [18.41371, 51.70455], [18.41185, 51.70496], [18.41093, 51.70607], [18.40955, 51.70593], [18.41143, 51.71153], [18.41021, 51.7161], [18.40265, 51.72019], [18.40044, 51.72224], [18.40105, 51.72386], [18.40668, 51.72373], [18.40706, 51.7263], [18.40819, 51.72659], [18.41548, 51.72583], [18.41557, 51.72721], [18.42081, 51.72679], [18.42348, 51.73592], [18.42015, 51.74145], [18.41537, 51.74531], [18.40504, 51.74659], [18.40273, 51.75043], [18.4172, 51.7485], [18.42004, 51.75677], [18.42155, 51.75794], [18.42992, 51.75718], [18.43221, 51.76486], [18.42947, 51.76937], [18.42928, 51.77324], [18.42627, 51.77361], [18.42535, 51.77751], [18.42016, 51.77942], [18.41654, 51.78502], [18.41213, 51.78799], [18.4093, 51.79167], [18.42432, 51.7928], [18.4244, 51.80062], [18.42909, 51.80157], [18.42582, 51.79493], [18.42601, 51.79242], [18.43687, 51.79362], [18.4383, 51.79449], [18.43741, 51.79768], [18.44428, 51.7985], [18.44217, 51.80318], [18.4435, 51.80579], [18.44112, 51.80938], [18.44255, 51.81745], [18.4393, 51.8255], [18.44199, 51.82669], [18.44776, 51.82707], [18.45655, 51.82498], [18.46482, 51.82121], [18.47196, 51.81989], [18.46762, 51.82576], [18.46701, 51.82955], [18.46269, 51.82978], [18.46286, 51.83142], [18.4671, 51.83172], [18.46382, 51.83455], [18.4644, 51.83778], [18.46943, 51.83894], [18.4713, 51.84111], [18.47142, 51.84216], [18.46863, 51.84488], [18.47167, 51.85077], [18.4869, 51.84934], [18.48701, 51.85042], [18.49406, 51.85135], [18.49414, 51.85267], [18.50717, 51.85428], [18.51046, 51.85063], [18.50992, 51.84209], [18.51554, 51.83419], [18.51725, 51.83508], [18.52344, 51.83444], [18.53446, 51.83596], [18.53364, 51.83906], [18.53484, 51.83917], [18.53496, 51.84173], [18.53806, 51.84151], [18.54102, 51.84306], [18.54637, 51.84292], [18.54996, 51.84543], [18.5598, 51.8456], [18.55969, 51.84445], [18.56667, 51.8442], [18.58008, 51.84589], [18.58871, 51.84617], [18.59468, 51.84805], [18.6, 51.84594], [18.60154, 51.84419], [18.61051, 51.83934], [18.6132, 51.83441], [18.63063, 51.83072], [18.6425, 51.8339], [18.64868, 51.82676], [18.65636, 51.82652], [18.65617, 51.82586], [18.65922, 51.82576], [18.65947, 51.8267], [18.66543, 51.8265], [18.66648, 51.82535], [18.66871, 51.82496], [18.66784, 51.82441], [18.66912, 51.82384], [18.67074, 51.8236], [18.67235, 51.82469], [18.67721, 51.82364], [18.67918, 51.82227], [18.68448, 51.82079], [18.68857, 51.82248], [18.68971, 51.82423], [18.6885, 51.82663], [18.69049, 51.8285], [18.68905, 51.83111], [18.68664, 51.83292], [18.68851, 51.83368], [18.69005, 51.83184], [18.69106, 51.83184], [18.69084, 51.83407], [18.69265, 51.83695], [18.69127, 51.83895], [18.6921, 51.84099], [18.69424, 51.84247], [18.69275, 51.84506], [18.69949, 51.84861], [18.69542, 51.84843], [18.69466, 51.84982], [18.69682, 51.85057], [18.69993, 51.8502], [18.70098, 51.85295], [18.69817, 51.85462], [18.69869, 51.85685], [18.69683, 51.86569], [18.70875, 51.87108], [18.71284, 51.86932], [18.71383, 51.87066], [18.7158, 51.87033], [18.72325, 51.87207], [18.72205, 51.8735], [18.72097, 51.87346], [18.72058, 51.87761], [18.72164, 51.87756], [18.72326, 51.87965], [18.72117, 51.88068], [18.72491, 51.88066], [18.72861, 51.88626], [18.73018, 51.8862], [18.73057, 51.88731], [18.73383, 51.88888], [18.73636, 51.89214], [18.74042, 51.89304], [18.74035, 51.89394], [18.73542, 51.89555], [18.73923, 51.89896], [18.73676, 51.90097], [18.74856, 51.90731], [18.75018, 51.91074], [18.75427, 51.9131], [18.75783, 51.91841], [18.76466, 51.92378], [18.76795, 51.92784], [18.74246, 51.9371], [18.74308, 51.93938], [18.74439, 51.94021], [18.7434, 51.94358], [18.74158, 51.94515], [18.73622, 51.94463], [18.74122, 51.95082], [18.74016, 51.9566], [18.74167, 51.95705], [18.73818, 51.96271], [18.72984, 51.95468], [18.72838, 51.95794], [18.7239, 51.95718], [18.71496, 51.96825], [18.71567, 51.97022], [18.73315, 51.96824], [18.73325, 51.9748], [18.73214, 51.97725], [18.73333, 51.97949], [18.72991, 51.98294], [18.7305, 51.98532], [18.7251, 51.98573], [18.72584, 51.98652], [18.72478, 51.98641], [18.72374, 51.98719], [18.72463, 51.98741], [18.72139, 51.98852], [18.72194, 51.98913], [18.72288, 51.98881], [18.72184, 51.9902], [18.71986, 51.99027], [18.72047, 51.99106], [18.71888, 51.99109], [18.71988, 51.99174], [18.71711, 51.9929], [18.71756, 51.99499], [18.73473, 52.00271], [18.73075, 52.00434], [18.73039, 52.00742], [18.72668, 52.01111], [18.72601, 52.01306], [18.73026, 52.01432], [18.7272, 52.02134], [18.7156, 52.03273], [18.71609, 52.03525], [18.71808, 52.03649], [18.71912, 52.03889], [18.71661, 52.04359], [18.71805, 52.04835], [18.72248, 52.05469], [18.71941, 52.05978], [18.72027, 52.06373], [18.71786, 52.06571], [18.72324, 52.06623], [18.7238, 52.06483], [18.75273, 52.07651], [18.75277, 52.07498], [18.76025, 52.07178], [18.7636, 52.06756], [18.77012, 52.06589], [18.77209, 52.06439], [18.78657, 52.06093], [18.79514, 52.06138], [18.79649, 52.06326], [18.80309, 52.06574], [18.81202, 52.06719], [18.81479, 52.06836], [18.81549, 52.07115], [18.8193, 52.06989], [18.8194, 52.06514], [18.82781, 52.06419], [18.83988, 52.07175], [18.84208, 52.0802], [18.85342, 52.08135], [18.85171, 52.08525], [18.85626, 52.08579], [18.85688, 52.08662], [18.85811, 52.086], [18.85898, 52.0868], [18.86067, 52.08587], [18.86111, 52.08686], [18.86252, 52.0859], [18.8623, 52.08687], [18.86437, 52.08718], [18.86428, 52.08598], [18.86559, 52.08574], [18.86677, 52.08753], [18.86864, 52.08625], [18.8706, 52.0867], [18.87022, 52.08533], [18.87138, 52.08423], [18.87268, 52.08587], [18.8738, 52.08435], [18.87672, 52.08506], [18.87732, 52.08334], [18.88057, 52.08321], [18.88554, 52.07998], [18.88688, 52.08108], [18.89489, 52.08097], [18.89674, 52.08271], [18.8992, 52.08284], [18.90034, 52.08392], [18.90427, 52.08237], [18.90501, 52.08103], [18.90411, 52.0801], [18.90516, 52.07963], [18.91232, 52.08041], [18.91195, 52.0797], [18.91399, 52.07988], [18.91571, 52.07808], [18.91827, 52.07813], [18.91837, 52.07936], [18.92509, 52.07926], [18.9301, 52.09378], [18.92919, 52.09509], [18.93076, 52.10436], [18.93545, 52.10371], [18.9399, 52.10107], [18.94401, 52.10334], [18.94977, 52.11941], [18.94714, 52.12478], [18.94334, 52.12466], [18.94246, 52.12789], [18.93583, 52.12563], [18.93382, 52.1235], [18.93157, 52.12324], [18.91935, 52.12889], [18.91277, 52.13024], [18.91113, 52.13274], [18.90837, 52.14645], [18.90868, 52.15255], [18.90996, 52.15577], [18.91564, 52.1608], [18.91566, 52.17309], [18.91726, 52.17686], [18.91822, 52.18597], [18.92404, 52.19628], [18.92774, 52.19555], [18.93058, 52.19922], [18.94012, 52.19746], [18.94325, 52.1994], [18.95104, 52.1954], [18.96364, 52.20642], [18.96409, 52.20236], [18.96511, 52.20242], [18.96472, 52.20575], [18.96569, 52.20576], [18.96609, 52.20245], [18.97028, 52.20258], [18.96986, 52.20586], [18.9721, 52.20591], [18.97196, 52.20723], [18.97515, 52.20649], [18.98091, 52.20765], [18.99218, 52.21446], [18.99955, 52.21115], [19.02019, 52.21536], [19.05245, 52.21263], [19.07764, 52.20011], [19.08977, 52.20671], [19.08229, 52.22271], [19.07877, 52.22208], [19.0783, 52.22331], [19.07328, 52.22281], [19.0709, 52.22837], [19.07367, 52.23022], [19.07993, 52.23075], [19.08046, 52.23848], [19.09598, 52.24019], [19.09577, 52.24146], [19.10243, 52.24253], [19.105, 52.24155], [19.10404, 52.24614], [19.10144, 52.24933], [19.10031, 52.26592], [19.09479, 52.27062], [19.08764, 52.27017], [19.08716, 52.26937], [19.08323, 52.26995], [19.08145, 52.27095], [19.07679, 52.27076], [19.07434, 52.27185], [19.07435, 52.27338], [19.06076, 52.27191], [19.05501, 52.27353], [19.05021, 52.27339], [19.0448, 52.27119], [19.03569, 52.2708], [19.03149, 52.2698], [19.03022, 52.27105], [19.03015, 52.27313], [19.03796, 52.27991], [19.04188, 52.29094], [19.04566, 52.29567], [19.03855, 52.2993], [19.03636, 52.31534], [19.03069, 52.31591], [19.03124, 52.31796], [19.04501, 52.31847], [19.04744, 52.32632], [19.04713, 52.33284], [19.05428, 52.33169], [19.05998, 52.33246], [19.06402, 52.33064], [19.06492, 52.33135], [19.06259, 52.33331], [19.05517, 52.33762], [19.05713, 52.33822], [19.06866, 52.33781], [19.07305, 52.33928], [19.07649, 52.33951], [19.08339, 52.34356], [19.09987, 52.34792], [19.11548, 52.34382], [19.1242, 52.34279], [19.144, 52.34552], [19.1461, 52.34647], [19.15097, 52.34662], [19.15189, 52.3453], [19.1544, 52.34457], [19.15952, 52.34079], [19.16735, 52.34324], [19.18052, 52.34904], [19.18289, 52.34694], [19.1874, 52.34853], [19.19316, 52.35313], [19.19928, 52.36031], [19.20602, 52.356], [19.20066, 52.35125], [19.21837, 52.34118], [19.22306, 52.34264], [19.22496, 52.34419], [19.20907, 52.35347], [19.21223, 52.35653], [19.20712, 52.35841], [19.21011, 52.3656], [19.21943, 52.3648], [19.22482, 52.3615], [19.22882, 52.36122], [19.22962, 52.36284], [19.2367, 52.36221], [19.23687, 52.36598], [19.23495, 52.36668], [19.2363, 52.36926], [19.25052, 52.37578], [19.26391, 52.38414], [19.26144, 52.38761], [19.26813, 52.38934], [19.27056, 52.39298], [19.27274, 52.39389], [19.27733, 52.39406], [19.30212, 52.39149], [19.30092, 52.3875], [19.30802, 52.38741], [19.30887, 52.38156], [19.30114, 52.38063], [19.2929, 52.37796], [19.29221, 52.37736], [19.29358, 52.37693], [19.29063, 52.37259], [19.29486, 52.37066], [19.29504, 52.36911], [19.29749, 52.36855], [19.30399, 52.36858], [19.31103, 52.37095], [19.31537, 52.3716], [19.32206, 52.36871], [19.32339, 52.36895], [19.32875, 52.36071], [19.32628, 52.35379], [19.3222, 52.34843], [19.33167, 52.34946], [19.33318, 52.3491], [19.33428, 52.34691], [19.33858, 52.34803], [19.34753, 52.34742], [19.34949, 52.34702], [19.35855, 52.34151], [19.37197, 52.34142], [19.37682, 52.34064], [19.38073, 52.34364], [19.39694, 52.34394], [19.4059, 52.34507], [19.40716, 52.33889], [19.42075, 52.33876], [19.42606, 52.33734], [19.43317, 52.33925], [19.43959, 52.33973], [19.43876, 52.3415], [19.44403, 52.34461], [19.44746, 52.3516], [19.45493, 52.35012], [19.46323, 52.34265], [19.49593, 52.33534], [19.50211, 52.33326], [19.49617, 52.32449], [19.49154, 52.32029], [19.50529, 52.31533], [19.50791, 52.31298], [19.51268, 52.3109], [19.51689, 52.30505], [19.51989, 52.30426], [19.53797, 52.30489], [19.5361, 52.30206], [19.54607, 52.29715], [19.54829, 52.29544], [19.54725, 52.29437], [19.5771, 52.29177], [19.57839, 52.28977], [19.60266, 52.289], [19.60848, 52.28968], [19.61603, 52.28819], [19.61354, 52.27631], [19.62598, 52.27796], [19.63105, 52.27779], [19.63436, 52.27438], [19.62376, 52.264], [19.63218, 52.26201], [19.63246, 52.26038], [19.63413, 52.25926], [19.63453, 52.25619], [19.64831, 52.25368], [19.65485, 52.2537], [19.66908, 52.2555], [19.68954, 52.25952], [19.69035, 52.25994], [19.68404, 52.26278], [19.6946, 52.27109], [19.69913, 52.27859], [19.7028, 52.27645], [19.72907, 52.26818], [19.73574, 52.25885], [19.73711, 52.25836], [19.74, 52.25963], [19.739, 52.26004], [19.74244, 52.2609], [19.74634, 52.26064], [19.75904, 52.26301], [19.76548, 52.26227], [19.7723, 52.2644], [19.77947, 52.26746], [19.78438, 52.27112], [19.78554, 52.27045], [19.7929, 52.27365], [19.78944, 52.27595], [19.79076, 52.27757], [19.78922, 52.2796], [19.80515, 52.27907], [19.8162, 52.28392], [19.82202, 52.28191], [19.82713, 52.27592], [19.8293, 52.27464], [19.8371, 52.27312], [19.8402, 52.27173], [19.84755, 52.27215], [19.85294, 52.27535], [19.86096, 52.27771], [19.86702, 52.2824], [19.8747, 52.28521], [19.87771, 52.28771], [19.87785, 52.28909], [19.87285, 52.29065], [19.86731, 52.28949], [19.86165, 52.29086], [19.869, 52.29886], [19.88542, 52.30973], [19.89, 52.30952], [19.89107, 52.31126], [19.89518, 52.31056], [19.89417, 52.30918], [19.90261, 52.30856], [19.90164, 52.30391], [19.90867, 52.30146], [19.9125, 52.29927], [19.91994, 52.29816], [19.9361, 52.29973], [19.93629, 52.29643], [19.93925, 52.28934], [19.95383, 52.28339], [19.95926, 52.28548], [19.95823, 52.27799], [19.95905, 52.27593], [19.9637, 52.27193], [19.96513, 52.26831], [19.98628, 52.26238], [19.99591, 52.26155], [20.01796, 52.26196], [20.03174, 52.25882], [20.0421, 52.25766], [20.04026, 52.25203], [20.03747, 52.24858], [20.03757, 52.24675], [20.06518, 52.24026], [20.07322, 52.23761], [20.0805, 52.23305], [20.07545, 52.22475], [20.07102, 52.21367], [20.06312, 52.19891], [20.06207, 52.18811], [20.06715, 52.18759], [20.06824, 52.18392], [20.07305, 52.17926], [20.08126, 52.17475], [20.08745, 52.16822], [20.08662, 52.15848], [20.0909, 52.15263], [20.11703, 52.1464], [20.11563, 52.14464], [20.11624, 52.14381], [20.11847, 52.14459], [20.12549, 52.14421], [20.13478, 52.14531], [20.14459, 52.14799], [20.14721, 52.14935], [20.16056, 52.1513], [20.16247, 52.14908], [20.1627, 52.14696], [20.16418, 52.14734], [20.16143, 52.14264], [20.16511, 52.13861], [20.1784, 52.13224], [20.18616, 52.12349], [20.19694, 52.11707], [20.20261, 52.11465], [20.20632, 52.11501], [20.21295, 52.11865], [20.21679, 52.11775], [20.25202, 52.11727], [20.25733, 52.10629], [20.26277, 52.10421], [20.2688, 52.10068], [20.27058, 52.09359], [20.26844, 52.09135], [20.26846, 52.08327], [20.2699, 52.07712], [20.25741, 52.07691], [20.24594, 52.07558], [20.24501, 52.07382], [20.24329, 52.07312], [20.24931, 52.06744], [20.24773, 52.06469], [20.24784, 52.06137], [20.25054, 52.0562], [20.2531, 52.05533], [20.20589, 52.028], [20.20278, 52.03076], [20.20152, 52.03011], [20.19943, 52.03045], [20.20109, 52.02945], [20.19983, 52.02935], [20.20049, 52.02845], [20.1994, 52.02828], [20.1985, 52.02576], [20.20027, 52.02566], [20.20117, 52.02465], [20.20223, 52.02492], [20.20162, 52.02285], [20.20292, 52.02295], [20.2035, 52.02184], [20.21112, 52.01763], [20.21272, 52.0155], [20.21167, 52.0146], [20.21232, 52.01365], [20.22187, 52.0089], [20.22684, 52.00439], [20.2432, 51.99892], [20.25006, 52.0062], [20.26237, 52.00044], [20.2551, 51.99561], [20.26017, 51.99467], [20.26218, 51.9935], [20.26024, 51.99135], [20.26645, 51.98551], [20.27222, 51.98226], [20.27151, 51.97126], [20.29334, 51.96853], [20.29403, 51.96714], [20.24068, 51.95102], [20.24356, 51.93342], [20.24901, 51.93346], [20.26586, 51.93091], [20.26868, 51.93517], [20.28528, 51.9386], [20.28576, 51.93789], [20.28885, 51.93846], [20.2888, 51.9374], [20.29184, 51.9368], [20.28943, 51.93824], [20.29156, 51.93974], [20.29474, 51.93695], [20.29829, 51.93541], [20.30004, 51.93516], [20.30372, 51.93627], [20.30995, 51.93496], [20.31208, 51.92902], [20.31157, 51.9252], [20.31351, 51.92503], [20.31326, 51.92435], [20.31436, 51.92408], [20.31418, 51.92326], [20.31205, 51.92345], [20.31158, 51.91833], [20.30852, 51.91573], [20.29891, 51.91444], [20.2954, 51.9123], [20.29931, 51.91209], [20.30008, 51.91299], [20.30265, 51.91342], [20.30567, 51.91267], [20.30953, 51.9138], [20.31149, 51.91228], [20.31246, 51.91291], [20.31783, 51.91233], [20.32394, 51.92195], [20.35374, 51.91966], [20.35981, 51.92829], [20.36606, 51.92673], [20.37261, 51.92363], [20.38368, 51.937], [20.37791, 51.93874], [20.37611, 51.93657], [20.3715, 51.93381], [20.37073, 51.93829], [20.3815, 51.94244], [20.38913, 51.94195], [20.39023, 51.93995], [20.39316, 51.93808], [20.39531, 51.93216], [20.39707, 51.93052], [20.41359, 51.93038], [20.41965, 51.93462], [20.42347, 51.94097], [20.41924, 51.94648], [20.42027, 51.94781], [20.4248, 51.94297], [20.42737, 51.94169], [20.42835, 51.93918], [20.43018, 51.93808], [20.43259, 51.93743], [20.43493, 51.93948], [20.4357, 51.93921], [20.43945, 51.94352], [20.44576, 51.941], [20.44361, 51.93899], [20.44917, 51.93783], [20.44933, 51.93646], [20.45707, 51.93316], [20.46878, 51.9317], [20.46946, 51.93242], [20.4755, 51.93106], [20.47841, 51.92682], [20.47796, 51.92019], [20.48583, 51.92051], [20.49093, 51.91041], [20.47944, 51.89997], [20.48644, 51.89684], [20.48945, 51.89409], [20.49299, 51.89318], [20.4983, 51.88947], [20.51003, 51.8944], [20.51366, 51.89292], [20.51719, 51.89245], [20.53836, 51.89116], [20.56334, 51.88761], [20.57077, 51.88804], [20.56896, 51.88648], [20.56641, 51.87625], [20.56993, 51.87441], [20.57478, 51.87344], [20.5745, 51.87239], [20.57621, 51.87155], [20.58351, 51.8707], [20.5857, 51.86964], [20.58438, 51.86758], [20.58921, 51.8635], [20.59097, 51.86058], [20.59107, 51.85529], [20.59194, 51.8551], [20.5903, 51.85249], [20.59061, 51.84941], [20.60534, 51.84957], [20.59634, 51.83982], [20.59971, 51.8274], [20.61351, 51.8269], [20.61906, 51.82767], [20.61987, 51.82156], [20.61947, 51.82031], [20.61226, 51.81976], [20.61164, 51.81903], [20.60831, 51.81947], [20.60772, 51.81606], [20.58465, 51.81948], [20.57608, 51.81992], [20.57611, 51.82103], [20.56189, 51.8211], [20.55731, 51.81845], [20.56027, 51.81226], [20.58198, 51.81107], [20.58198, 51.80539], [20.57912, 51.79266], [20.58229, 51.79081], [20.58667, 51.78441], [20.58419, 51.78217], [20.58613, 51.77792], [20.5879, 51.77714], [20.59242, 51.77683], [20.59517, 51.76927], [20.58766, 51.77026], [20.58728, 51.76906], [20.59409, 51.76805], [20.59213, 51.7658], [20.58407, 51.76187], [20.5826, 51.74798], [20.585, 51.74776], [20.58602, 51.74694], [20.59032, 51.74738], [20.60218, 51.74655], [20.61397, 51.74275], [20.61962, 51.74258], [20.63883, 51.73754], [20.63898, 51.73247], [20.64097, 51.73151], [20.64856, 51.73033], [20.65392, 51.72596], [20.65633, 51.72563], [20.65846, 51.72419], [20.65452, 51.71487], [20.65744, 51.70861], [20.65711, 51.70507], [20.65892, 51.70307], [20.65926, 51.69934], [20.65669, 51.69374], [20.65605, 51.6866], [20.6532, 51.67714], [20.65115, 51.67756], [20.63653, 51.67621], [20.63387, 51.66986], [20.63007, 51.67033], [20.62393, 51.66901], [20.62085, 51.66485], [20.61991, 51.66479], [20.6221, 51.66383], [20.62319, 51.66154], [20.62286, 51.65938], [20.62052, 51.65757], [20.5972, 51.65946], [20.59662, 51.65717], [20.58429, 51.66286], [20.57373, 51.66301], [20.53516, 51.66872], [20.5228, 51.66563], [20.52247, 51.67703], [20.51969, 51.67636], [20.51971, 51.67071], [20.51823, 51.67088], [20.51873, 51.67386], [20.51495, 51.67435], [20.51561, 51.67939], [20.5143, 51.67915], [20.51447, 51.68554], [20.49653, 51.68557], [20.48772, 51.68362], [20.48616, 51.68512], [20.47974, 51.68601], [20.46738, 51.6927], [20.467, 51.69719], [20.45811, 51.6925], [20.45375, 51.69338], [20.45351, 51.69141], [20.45098, 51.69032], [20.45061, 51.68599], [20.44592, 51.68773], [20.44179, 51.69138], [20.44098, 51.69009], [20.43679, 51.68831], [20.43755, 51.68646], [20.44189, 51.68572], [20.44228, 51.68466], [20.43801, 51.68292], [20.43941, 51.68148], [20.43771, 51.6807], [20.4281, 51.67857], [20.42368, 51.67619], [20.4204, 51.67666], [20.40854, 51.67491], [20.4067, 51.67263], [20.40025, 51.67275], [20.39749, 51.67051], [20.39549, 51.66675], [20.39542, 51.66261], [20.39394, 51.66114], [20.39095, 51.66126], [20.39041, 51.65987], [20.39134, 51.65535], [20.39509, 51.6514], [20.39535, 51.647], [20.39287, 51.64643], [20.38503, 51.64174], [20.39133, 51.63605], [20.40295, 51.63428], [20.40566, 51.63423], [20.40597, 51.63532], [20.41482, 51.63398], [20.41335, 51.63055], [20.41869, 51.63028], [20.41882, 51.62049], [20.42525, 51.61118], [20.42265, 51.60948], [20.4231, 51.60636], [20.41738, 51.60666], [20.41506, 51.60435], [20.42174, 51.60136], [20.4296, 51.5994], [20.43784, 51.58227], [20.43583, 51.58065], [20.43527, 51.5773], [20.43328, 51.57529], [20.4414, 51.57147], [20.46068, 51.5744], [20.46203, 51.56559], [20.46766, 51.56091], [20.46839, 51.55775], [20.4668, 51.55463], [20.45999, 51.5496], [20.45917, 51.54688], [20.45676, 51.54491], [20.45562, 51.54222], [20.45758, 51.54118], [20.45003, 51.51752], [20.45017, 51.50854], [20.45218, 51.50396], [20.45582, 51.5021], [20.46884, 51.49956], [20.4699, 51.50088], [20.47339, 51.50143], [20.48227, 51.5015], [20.48874, 51.50039], [20.49448, 51.50032], [20.49448, 51.50246], [20.50091, 51.5032], [20.50026, 51.50614], [20.51994, 51.50979], [20.52266, 51.48189], [20.52625, 51.48247], [20.52734, 51.47852], [20.52634, 51.46846], [20.52756, 51.46669], [20.53402, 51.46267], [20.53279, 51.46205], [20.52828, 51.46307], [20.5257, 51.46196], [20.52731, 51.45994], [20.52454, 51.45609], [20.51858, 51.45427], [20.51243, 51.45088], [20.49674, 51.44841], [20.49705, 51.44677], [20.49525, 51.44659], [20.49718, 51.44607], [20.49769, 51.4418], [20.48766, 51.44102], [20.48704, 51.43842], [20.48422, 51.43701], [20.48423, 51.43599], [20.4864, 51.43494], [20.4859, 51.43372], [20.48757, 51.43353], [20.48752, 51.43268], [20.485, 51.43149], [20.48902, 51.42921], [20.48854, 51.42797], [20.48948, 51.42804], [20.49169, 51.42528], [20.49286, 51.42515], [20.49096, 51.42176], [20.48921, 51.42147], [20.48962, 51.42035], [20.48829, 51.41859], [20.48635, 51.41784], [20.48401, 51.41526], [20.48701, 51.41267], [20.48453, 51.41296], [20.48039, 51.40973], [20.47879, 51.41007], [20.47167, 51.40846], [20.46781, 51.40971], [20.46518, 51.40899], [20.45975, 51.40971], [20.45871, 51.40888], [20.45818, 51.40944], [20.4548, 51.40916], [20.45497, 51.41048], [20.45197, 51.41171], [20.45347, 51.41342], [20.45025, 51.41441], [20.4467, 51.40995], [20.44233, 51.39843], [20.44228, 51.39588], [20.44428, 51.39426], [20.44271, 51.39458], [20.43848, 51.39092], [20.43632, 51.39034], [20.43413, 51.38733]]]}}, {"type": "Feature", "properties": {"kod": "12", "nazwa": "małopolskie"}, "geometry": {"type": "Polygon", "coordinates": [[[20.19027, 49.33869], [20.18921, 49.33226], [20.18415, 49.32781], [20.17058, 49.32773], [20.17358, 49.32498], [20.17027, 49.3246], [20.16745, 49.32318], [20.16874, 49.32225], [20.1686, 49.32099], [20.1758, 49.31408], [20.15772, 49.30281], [20.15743, 49.30534], [20.15891, 49.30681], [20.15624, 49.31165], [20.15413, 49.31216], [20.1539, 49.31386], [20.15186, 49.31513], [20.1527, 49.3168], [20.15186, 49.31845], [20.1495, 49.31924], [20.1455, 49.31752], [20.14579, 49.31631], [20.14438, 49.31444], [20.14514, 49.31262], [20.1436, 49.31194], [20.14178, 49.31228], [20.13879, 49.30849], [20.13877, 49.307], [20.13734, 49.30601], [20.1342, 49.30592], [20.13593, 49.30364], [20.13373, 49.3019], [20.13335, 49.29924], [20.13119, 49.29802], [20.12998, 49.296], [20.13197, 49.29461], [20.13211, 49.29344], [20.13051, 49.29146], [20.13093, 49.29001], [20.12935, 49.28943], [20.12788, 49.28661], [20.12907, 49.28282], [20.12767, 49.2791], [20.12849, 49.27648], [20.12707, 49.27613], [20.12514, 49.27092], [20.12303, 49.26998], [20.12222, 49.26809], [20.11715, 49.26577], [20.11652, 49.26395], [20.11393, 49.26332], [20.11134, 49.25856], [20.10242, 49.25312], [20.10076, 49.25008], [20.10181, 49.24687], [20.10088, 49.2456], [20.10096, 49.24146], [20.09814, 49.23807], [20.09783, 49.23455], [20.09969, 49.23181], [20.09992, 49.22763], [20.10217, 49.22566], [20.10162, 49.22266], [20.09825, 49.22019], [20.09616, 49.22003], [20.08718, 49.20755], [20.08624, 49.20395], [20.0872, 49.19939], [20.08618, 49.19728], [20.08437, 49.19618], [20.08587, 49.18919], [20.08747, 49.18784], [20.08925, 49.18785], [20.08717, 49.18635], [20.08677, 49.18477], [20.0882, 49.18318], [20.0879, 49.17951], [20.07676, 49.17855], [20.06933, 49.1807], [20.06718, 49.18318], [20.06202, 49.1848], [20.06018, 49.18704], [20.05324, 49.18786], [20.04721, 49.19034], [20.04069, 49.195], [20.0401, 49.19729], [20.03429, 49.19861], [20.03226, 49.19995], [20.02965, 49.19976], [20.02053, 49.2015], [20.01289, 49.20716], [20.01199, 49.20951], [20.00647, 49.21316], [20.00907, 49.21618], [20.00863, 49.22005], [20.005, 49.22039], [19.98975, 49.22626], [19.98705, 49.2291], [19.98156, 49.2318], [19.97117, 49.22995], [19.96617, 49.23129], [19.95704, 49.23241], [19.94917, 49.23253], [19.94344, 49.23445], [19.94034, 49.23366], [19.93222, 49.23649], [19.92542, 49.23515], [19.91927, 49.23579], [19.91139, 49.23203], [19.90327, 49.23092], [19.90391, 49.22558], [19.90525, 49.2247], [19.90522, 49.21949], [19.90178, 49.21637], [19.90233, 49.21331], [19.88838, 49.20919], [19.88393, 49.20418], [19.8811, 49.20437], [19.8703, 49.19849], [19.86944, 49.1958], [19.86411, 49.19671], [19.85115, 49.19625], [19.84468, 49.19507], [19.841, 49.19262], [19.84003, 49.19589], [19.8339, 49.19678], [19.82946, 49.20169], [19.82266, 49.20144], [19.81983, 49.19953], [19.81424, 49.20326], [19.80752, 49.20565], [19.80374, 49.20462], [19.79503, 49.19836], [19.78425, 49.19929], [19.78158, 49.20036], [19.77859, 49.20495], [19.76731, 49.20601], [19.76311, 49.20758], [19.76068, 49.21003], [19.75841, 49.21599], [19.76694, 49.22261], [19.76919, 49.23071], [19.76633, 49.23456], [19.76677, 49.2366], [19.76947, 49.23646], [19.77331, 49.23903], [19.77843, 49.2454], [19.78502, 49.24666], [19.7905, 49.25526], [19.78879, 49.26162], [19.79218, 49.26342], [19.79247, 49.26797], [19.79485, 49.26915], [19.80223, 49.27062], [19.80634, 49.27449], [19.80862, 49.27437], [19.81162, 49.27531], [19.81554, 49.27509], [19.81777, 49.27639], [19.8228, 49.27679], [19.81969, 49.28358], [19.81578, 49.28686], [19.80977, 49.29541], [19.7945, 49.29604], [19.79248, 49.29974], [19.79331, 49.30439], [19.80451, 49.32006], [19.80496, 49.32277], [19.80229, 49.33031], [19.79911, 49.33364], [19.79703, 49.34301], [19.79473, 49.34453], [19.79684, 49.34986], [19.79933, 49.35227], [19.80246, 49.35314], [19.80145, 49.35901], [19.80382, 49.36482], [19.80218, 49.37011], [19.79256, 49.3786], [19.79113, 49.38351], [19.79114, 49.39669], [19.78894, 49.40109], [19.79059, 49.41069], [19.76758, 49.41299], [19.74627, 49.40794], [19.74134, 49.40477], [19.73846, 49.39996], [19.72964, 49.39174], [19.71765, 49.38642], [19.71621, 49.3873], [19.71806, 49.38797], [19.71647, 49.38856], [19.71817, 49.38882], [19.71573, 49.39035], [19.7165, 49.39096], [19.71392, 49.39205], [19.71295, 49.39107], [19.70959, 49.39087], [19.70867, 49.39164], [19.71057, 49.39288], [19.70783, 49.39493], [19.7067, 49.39391], [19.70629, 49.39615], [19.70524, 49.39615], [19.70493, 49.39493], [19.70344, 49.39516], [19.70455, 49.39654], [19.70366, 49.39686], [19.70279, 49.39592], [19.7018, 49.39641], [19.70251, 49.39726], [19.70177, 49.39786], [19.7002, 49.3976], [19.70066, 49.39876], [19.69977, 49.39968], [19.69841, 49.39799], [19.69693, 49.39945], [19.69545, 49.39895], [19.69517, 49.39982], [19.69322, 49.39935], [19.6928, 49.40038], [19.69376, 49.40045], [19.69279, 49.40088], [19.69172, 49.39972], [19.6901, 49.39986], [19.68955, 49.40046], [19.69077, 49.40029], [19.69164, 49.40103], [19.68868, 49.40111], [19.68709, 49.4031], [19.68577, 49.40227], [19.68537, 49.40358], [19.68371, 49.40261], [19.68218, 49.40398], [19.68151, 49.4023], [19.68009, 49.40215], [19.67885, 49.40428], [19.67809, 49.40296], [19.67649, 49.40312], [19.6751, 49.40479], [19.67289, 49.40406], [19.67208, 49.40447], [19.67166, 49.40605], [19.66973, 49.40535], [19.66862, 49.40626], [19.66716, 49.40557], [19.66679, 49.40643], [19.66391, 49.40649], [19.66401, 49.40727], [19.66277, 49.40768], [19.66122, 49.40646], [19.66029, 49.40846], [19.65859, 49.40759], [19.65646, 49.40829], [19.6539, 49.40786], [19.65391, 49.40855], [19.65278, 49.40801], [19.65134, 49.40847], [19.65058, 49.41], [19.64835, 49.40897], [19.64736, 49.40965], [19.64592, 49.40822], [19.64433, 49.40822], [19.64383, 49.40932], [19.64475, 49.41062], [19.6419, 49.41066], [19.64222, 49.40977], [19.64117, 49.40977], [19.63948, 49.41126], [19.63868, 49.40862], [19.63592, 49.41038], [19.63477, 49.40943], [19.63428, 49.40995], [19.63342, 49.40959], [19.63343, 49.40847], [19.63173, 49.4088], [19.63142, 49.40954], [19.63521, 49.41359], [19.64074, 49.42606], [19.64376, 49.43073], [19.64763, 49.43321], [19.6486, 49.43537], [19.6466, 49.43594], [19.64631, 49.43701], [19.64394, 49.43661], [19.64085, 49.4396], [19.63987, 49.43932], [19.63779, 49.44054], [19.6386, 49.4439], [19.63736, 49.44478], [19.63779, 49.44813], [19.64157, 49.44948], [19.64163, 49.45326], [19.64289, 49.45456], [19.64112, 49.45756], [19.62543, 49.44961], [19.61145, 49.44687], [19.60943, 49.44827], [19.60909, 49.45014], [19.60605, 49.45129], [19.60614, 49.45357], [19.60507, 49.45333], [19.60473, 49.45435], [19.60312, 49.45448], [19.6023, 49.4556], [19.59932, 49.45665], [19.59961, 49.45728], [19.5974, 49.45862], [19.58888, 49.45807], [19.58146, 49.45541], [19.581, 49.45649], [19.58204, 49.45785], [19.58063, 49.45893], [19.58058, 49.46122], [19.57761, 49.4633], [19.57515, 49.46388], [19.57004, 49.47005], [19.56691, 49.47114], [19.56906, 49.47449], [19.56604, 49.47807], [19.56563, 49.48052], [19.56202, 49.48223], [19.55837, 49.48796], [19.55739, 49.48686], [19.55364, 49.48994], [19.55439, 49.4987], [19.55161, 49.50762], [19.54809, 49.51323], [19.54292, 49.51826], [19.54152, 49.52325], [19.54005, 49.52474], [19.53509, 49.52631], [19.53558, 49.53049], [19.53045, 49.53577], [19.52912, 49.54111], [19.52994, 49.54919], [19.52741, 49.56117], [19.52933, 49.57302], [19.52375, 49.57215], [19.51822, 49.57341], [19.51021, 49.58144], [19.50431, 49.58198], [19.49966, 49.5812], [19.49723, 49.58157], [19.49256, 49.58434], [19.48272, 49.586], [19.47841, 49.58803], [19.47299, 49.59395], [19.46844, 49.59646], [19.47471, 49.60344], [19.47463, 49.60467], [19.47066, 49.60869], [19.47009, 49.61113], [19.46738, 49.61376], [19.47264, 49.61784], [19.47499, 49.62118], [19.48076, 49.62438], [19.47965, 49.63158], [19.4754, 49.6388], [19.47097, 49.64051], [19.46847, 49.64386], [19.46944, 49.64492], [19.46892, 49.64801], [19.47728, 49.65637], [19.47778, 49.66081], [19.4709, 49.66603], [19.46498, 49.66788], [19.46146, 49.67235], [19.46162, 49.67469], [19.45944, 49.67643], [19.45413, 49.67697], [19.44929, 49.67929], [19.44483, 49.67931], [19.44106, 49.68053], [19.43454, 49.67749], [19.42663, 49.67561], [19.42399, 49.67417], [19.41804, 49.67458], [19.41379, 49.67277], [19.41187, 49.67277], [19.41015, 49.67367], [19.40941, 49.67685], [19.40708, 49.67864], [19.39906, 49.6777], [19.39729, 49.67841], [19.39599, 49.67639], [19.39176, 49.67731], [19.3914, 49.68057], [19.38979, 49.68025], [19.3894, 49.68111], [19.38959, 49.68424], [19.38274, 49.68618], [19.37989, 49.68983], [19.37408, 49.69253], [19.37021, 49.6933], [19.37014, 49.69495], [19.37206, 49.69544], [19.37966, 49.69479], [19.38448, 49.69697], [19.39109, 49.69719], [19.3907, 49.69842], [19.39244, 49.69885], [19.39182, 49.70026], [19.39545, 49.70361], [19.39478, 49.70507], [19.39554, 49.70565], [19.39442, 49.7065], [19.3963, 49.70667], [19.39714, 49.70845], [19.39778, 49.70796], [19.39881, 49.7084], [19.39984, 49.7096], [19.39826, 49.71188], [19.40035, 49.71082], [19.4068, 49.71083], [19.40764, 49.70984], [19.41054, 49.71014], [19.41911, 49.71389], [19.41851, 49.71488], [19.42537, 49.71784], [19.42843, 49.71808], [19.42972, 49.72022], [19.42825, 49.72747], [19.43743, 49.72896], [19.43958, 49.73151], [19.43888, 49.73225], [19.44496, 49.73403], [19.44555, 49.74365], [19.43638, 49.75709], [19.432, 49.76165], [19.42644, 49.76431], [19.42018, 49.77217], [19.41495, 49.77527], [19.41013, 49.77324], [19.41078, 49.77104], [19.409, 49.7643], [19.39997, 49.76167], [19.39708, 49.76268], [19.39477, 49.76615], [19.38946, 49.76899], [19.38667, 49.76959], [19.37994, 49.76863], [19.37707, 49.76978], [19.37469, 49.76986], [19.36606, 49.77773], [19.35786, 49.77521], [19.35333, 49.77221], [19.35001, 49.7714], [19.34277, 49.77391], [19.33747, 49.7727], [19.33512, 49.77434], [19.3311, 49.77429], [19.322, 49.77723], [19.31678, 49.77789], [19.31552, 49.78005], [19.31573, 49.78454], [19.31049, 49.79095], [19.30098, 49.79766], [19.30073, 49.79953], [19.29739, 49.80185], [19.29849, 49.80297], [19.29443, 49.80732], [19.29669, 49.8089], [19.29654, 49.8102], [19.29386, 49.81206], [19.29176, 49.81503], [19.28847, 49.81531], [19.28657, 49.81641], [19.28585, 49.82078], [19.28841, 49.82381], [19.28773, 49.82825], [19.28906, 49.83012], [19.28891, 49.8386], [19.29463, 49.84995], [19.289, 49.85058], [19.28097, 49.8544], [19.27903, 49.85624], [19.27086, 49.86066], [19.26412, 49.86256], [19.2557, 49.86226], [19.25055, 49.86362], [19.23738, 49.86494], [19.2376, 49.86182], [19.22243, 49.86376], [19.22074, 49.86302], [19.22121, 49.86867], [19.21217, 49.86863], [19.20622, 49.87161], [19.20261, 49.87158], [19.19896, 49.87043], [19.19836, 49.86929], [19.19339, 49.86817], [19.19325, 49.86601], [19.19653, 49.86275], [19.19693, 49.86056], [19.19332, 49.85849], [19.1886, 49.85708], [19.1819, 49.85623], [19.17094, 49.85303], [19.16643, 49.85618], [19.1663, 49.85793], [19.16351, 49.85902], [19.16219, 49.86302], [19.16027, 49.86285], [19.15837, 49.8641], [19.15705, 49.86516], [19.15722, 49.86634], [19.16632, 49.87116], [19.16686, 49.87231], [19.16577, 49.87493], [19.17178, 49.87787], [19.17291, 49.87986], [19.17721, 49.88131], [19.1815, 49.88147], [19.18999, 49.88438], [19.1912, 49.88562], [19.19449, 49.88598], [19.19618, 49.88742], [19.19386, 49.8912], [19.19514, 49.89879], [19.19678, 49.90101], [19.1931, 49.90879], [19.19406, 49.90955], [19.19449, 49.91326], [19.19082, 49.91766], [19.19156, 49.91989], [19.18598, 49.91906], [19.18567, 49.91845], [19.18409, 49.92159], [19.18617, 49.92276], [19.18472, 49.92693], [19.18643, 49.93213], [19.18248, 49.93287], [19.18396, 49.93658], [19.18739, 49.93926], [19.18371, 49.94434], [19.18433, 49.9451], [19.18611, 49.94518], [19.18494, 49.95005], [19.18658, 49.95038], [19.18853, 49.95217], [19.1865, 49.95046], [19.17819, 49.94892], [19.17479, 49.94737], [19.16632, 49.9468], [19.16593, 49.94481], [19.16162, 49.94349], [19.16035, 49.94231], [19.16163, 49.93958], [19.15151, 49.93986], [19.14094, 49.93803], [19.14099, 49.93957], [19.13194, 49.93994], [19.12652, 49.93814], [19.12168, 49.93834], [19.11863, 49.93889], [19.11395, 49.94123], [19.11502, 49.94242], [19.11348, 49.94337], [19.11079, 49.94267], [19.10955, 49.9437], [19.10461, 49.94268], [19.10412, 49.94414], [19.10653, 49.94526], [19.1019, 49.94801], [19.10174, 49.94741], [19.09957, 49.94707], [19.10073, 49.94933], [19.10036, 49.95032], [19.09778, 49.95066], [19.09803, 49.95221], [19.09111, 49.95111], [19.08761, 49.94927], [19.0832, 49.95004], [19.08652, 49.95417], [19.09084, 49.95652], [19.09597, 49.95659], [19.09945, 49.95844], [19.1018, 49.95766], [19.10177, 49.95602], [19.1034, 49.95524], [19.10391, 49.95683], [19.10247, 49.9577], [19.10769, 49.96004], [19.1087, 49.96128], [19.11182, 49.95913], [19.11447, 49.95956], [19.11472, 49.95883], [19.11265, 49.95818], [19.11437, 49.95799], [19.12058, 49.96121], [19.12116, 49.96334], [19.12432, 49.96387], [19.12256, 49.96528], [19.12427, 49.96583], [19.12366, 49.96727], [19.12177, 49.96749], [19.12225, 49.96626], [19.12147, 49.96604], [19.11763, 49.96778], [19.12021, 49.97029], [19.1223, 49.96977], [19.12398, 49.97053], [19.1228, 49.97209], [19.12009, 49.97287], [19.11283, 49.97177], [19.11019, 49.97234], [19.11054, 49.97364], [19.11406, 49.97546], [19.11027, 49.97734], [19.11037, 49.9785], [19.11189, 49.97924], [19.11383, 49.9778], [19.11577, 49.97765], [19.11463, 49.9795], [19.11811, 49.98218], [19.11764, 49.98306], [19.11455, 49.98348], [19.11482, 49.98485], [19.11847, 49.98605], [19.11932, 49.98406], [19.12145, 49.98362], [19.12237, 49.98542], [19.11962, 49.98635], [19.11958, 49.98731], [19.1234, 49.98821], [19.12055, 49.98922], [19.11988, 49.99216], [19.11135, 49.99589], [19.11258, 49.99771], [19.11548, 49.99805], [19.11748, 49.99971], [19.11747, 50.00236], [19.11509, 50.00277], [19.11384, 50.00167], [19.11307, 50.00272], [19.11757, 50.0038], [19.12196, 50.00239], [19.12162, 50.00375], [19.1199, 50.00457], [19.12211, 50.00571], [19.11955, 50.00729], [19.11902, 50.00924], [19.12173, 50.00981], [19.12523, 50.01322], [19.12795, 50.0141], [19.12874, 50.01754], [19.13208, 50.01695], [19.13248, 50.01916], [19.13595, 50.01897], [19.13678, 50.0201], [19.13599, 50.02112], [19.14006, 50.02172], [19.13903, 50.02332], [19.14061, 50.02478], [19.14197, 50.02396], [19.143, 50.02816], [19.139, 50.02834], [19.13878, 50.03116], [19.13625, 50.03325], [19.13627, 50.03503], [19.13678, 50.03607], [19.13867, 50.03625], [19.13897, 50.03423], [19.14161, 50.03155], [19.14357, 50.03079], [19.1459, 50.03123], [19.14573, 50.03234], [19.14371, 50.03326], [19.1434, 50.03478], [19.1455, 50.03681], [19.14475, 50.03988], [19.14615, 50.04045], [19.14809, 50.03948], [19.14929, 50.04018], [19.14759, 50.04228], [19.14892, 50.04411], [19.15089, 50.04388], [19.15084, 50.04185], [19.15331, 50.04215], [19.15352, 50.04299], [19.15049, 50.04564], [19.1537, 50.04633], [19.15473, 50.04726], [19.15335, 50.04818], [19.14819, 50.04484], [19.14699, 50.04455], [19.14591, 50.04528], [19.15009, 50.0498], [19.14999, 50.05203], [19.15119, 50.05192], [19.15183, 50.05009], [19.15303, 50.04987], [19.15382, 50.05076], [19.15307, 50.05257], [19.15495, 50.05324], [19.15624, 50.05131], [19.15993, 50.05057], [19.16102, 50.05231], [19.16019, 50.0546], [19.16148, 50.05516], [19.16358, 50.05436], [19.16562, 50.05477], [19.16572, 50.05565], [19.16321, 50.0572], [19.16679, 50.05869], [19.16805, 50.06037], [19.17176, 50.05864], [19.17518, 50.05848], [19.17686, 50.05747], [19.17904, 50.05769], [19.18237, 50.06023], [19.18491, 50.06055], [19.18633, 50.06191], [19.19532, 50.06516], [19.19876, 50.06323], [19.20308, 50.0639], [19.20712, 50.06161], [19.20949, 50.06406], [19.21347, 50.06528], [19.21669, 50.06161], [19.21516, 50.05952], [19.21871, 50.05898], [19.22003, 50.0601], [19.21939, 50.06335], [19.22296, 50.06526], [19.22353, 50.06757], [19.22673, 50.06685], [19.23063, 50.06744], [19.23357, 50.06574], [19.22915, 50.07142], [19.22598, 50.07245], [19.21891, 50.0726], [19.21393, 50.07388], [19.21208, 50.07512], [19.21195, 50.07646], [19.21481, 50.08139], [19.22385, 50.08888], [19.22271, 50.09387], [19.22346, 50.09601], [19.22985, 50.10076], [19.23254, 50.10759], [19.24045, 50.11187], [19.24077, 50.11767], [19.25044, 50.1317], [19.25381, 50.13419], [19.25835, 50.13249], [19.26119, 50.13228], [19.26094, 50.13138], [19.2544, 50.13059], [19.25918, 50.11693], [19.27782, 50.11973], [19.27327, 50.13242], [19.27522, 50.13276], [19.27459, 50.13661], [19.27061, 50.14366], [19.27752, 50.14363], [19.28525, 50.14227], [19.28801, 50.14044], [19.29621, 50.14206], [19.31502, 50.14223], [19.32005, 50.14369], [19.32805, 50.14349], [19.33164, 50.14415], [19.34356, 50.14912], [19.346, 50.15125], [19.34464, 50.15263], [19.34482, 50.15438], [19.34614, 50.15476], [19.34707, 50.15458], [19.34664, 50.15328], [19.34766, 50.15278], [19.34657, 50.15126], [19.3499, 50.15054], [19.35301, 50.15341], [19.35483, 50.15396], [19.35194, 50.1543], [19.35326, 50.15643], [19.3519, 50.15656], [19.35198, 50.15759], [19.35075, 50.15724], [19.35081, 50.16167], [19.3489, 50.16109], [19.34985, 50.16505], [19.34506, 50.16464], [19.34871, 50.17332], [19.3598, 50.17257], [19.3595, 50.17203], [19.36165, 50.17143], [19.36238, 50.17219], [19.36318, 50.17187], [19.36504, 50.17343], [19.36656, 50.17323], [19.36671, 50.1762], [19.36555, 50.17661], [19.36757, 50.17917], [19.36226, 50.17995], [19.36051, 50.17766], [19.35176, 50.17702], [19.34916, 50.17757], [19.33906, 50.18168], [19.33945, 50.18248], [19.33426, 50.18615], [19.33523, 50.18851], [19.337, 50.18971], [19.34523, 50.18986], [19.34911, 50.19136], [19.35438, 50.19054], [19.36263, 50.19049], [19.37344, 50.19242], [19.37539, 50.19334], [19.37524, 50.19604], [19.37921, 50.1963], [19.38331, 50.19761], [19.38209, 50.19898], [19.38321, 50.19966], [19.39214, 50.20075], [19.39331, 50.20162], [19.39914, 50.20036], [19.4024, 50.20101], [19.40274, 50.20175], [19.3997, 50.20332], [19.4015, 50.20515], [19.40424, 50.20374], [19.40547, 50.2069], [19.4124, 50.20621], [19.41463, 50.2045], [19.41387, 50.20312], [19.41534, 50.20092], [19.4165, 50.20127], [19.41646, 50.21057], [19.44198, 50.22657], [19.43491, 50.22649], [19.4322, 50.22522], [19.42941, 50.22532], [19.42139, 50.22956], [19.41108, 50.23329], [19.40712, 50.23209], [19.39702, 50.23161], [19.39118, 50.23419], [19.34013, 50.24962], [19.32344, 50.25955], [19.32754, 50.2606], [19.32801, 50.26168], [19.33075, 50.26253], [19.33114, 50.26153], [19.33399, 50.26204], [19.33636, 50.26097], [19.33684, 50.26159], [19.33537, 50.26241], [19.33652, 50.26354], [19.33794, 50.26294], [19.34017, 50.26318], [19.34057, 50.26485], [19.34271, 50.26372], [19.34391, 50.26567], [19.34577, 50.2646], [19.34673, 50.26478], [19.34657, 50.26558], [19.34759, 50.26505], [19.3488, 50.26582], [19.35004, 50.2646], [19.35218, 50.26467], [19.35322, 50.26548], [19.35239, 50.26685], [19.35913, 50.25924], [19.36321, 50.26064], [19.36074, 50.26353], [19.37148, 50.26829], [19.37065, 50.26954], [19.3685, 50.26925], [19.36795, 50.27006], [19.36245, 50.26922], [19.36183, 50.27082], [19.36327, 50.2701], [19.3658, 50.27159], [19.36837, 50.27022], [19.36897, 50.27062], [19.36767, 50.27133], [19.3733, 50.27154], [19.37563, 50.26987], [19.37752, 50.27184], [19.37623, 50.27289], [19.38257, 50.2735], [19.38265, 50.27541], [19.38526, 50.27631], [19.3854, 50.2784], [19.38694, 50.27816], [19.38405, 50.28229], [19.38751, 50.28846], [19.39054, 50.28996], [19.39643, 50.29049], [19.39951, 50.29344], [19.40075, 50.29741], [19.40405, 50.29697], [19.40393, 50.29849], [19.4003, 50.29901], [19.4143, 50.298], [19.41434, 50.29866], [19.41284, 50.29857], [19.41287, 50.29936], [19.40919, 50.29936], [19.4106, 50.30258], [19.41253, 50.30292], [19.40598, 50.30462], [19.40476, 50.30353], [19.40309, 50.30399], [19.40139, 50.30487], [19.40267, 50.30759], [19.39842, 50.30836], [19.39989, 50.31356], [19.40532, 50.31422], [19.40656, 50.31738], [19.41469, 50.32281], [19.41342, 50.3273], [19.41535, 50.33178], [19.41702, 50.33188], [19.41816, 50.33067], [19.42116, 50.33057], [19.42518, 50.32799], [19.42762, 50.3288], [19.43231, 50.32776], [19.4315, 50.32669], [19.43399, 50.32585], [19.43441, 50.32475], [19.43769, 50.32416], [19.43983, 50.32268], [19.44082, 50.32337], [19.44077, 50.32243], [19.44405, 50.32215], [19.44575, 50.32101], [19.4493, 50.32083], [19.45127, 50.31879], [19.45495, 50.31929], [19.45517, 50.32098], [19.45827, 50.32262], [19.46367, 50.32339], [19.4642, 50.3226], [19.47104, 50.32292], [19.47429, 50.32479], [19.47528, 50.32415], [19.48225, 50.32416], [19.48394, 50.3236], [19.48056, 50.33362], [19.48765, 50.34729], [19.48294, 50.35575], [19.48218, 50.35688], [19.48021, 50.3575], [19.47692, 50.35696], [19.4594, 50.36329], [19.46263, 50.36389], [19.46283, 50.36503], [19.45807, 50.36538], [19.45644, 50.36622], [19.46036, 50.37291], [19.49169, 50.36598], [19.49112, 50.38179], [19.48825, 50.38469], [19.48914, 50.38722], [19.48785, 50.38961], [19.48927, 50.39271], [19.48663, 50.39427], [19.48816, 50.39518], [19.48764, 50.39698], [19.49065, 50.3973], [19.49547, 50.39979], [19.49983, 50.39925], [19.50447, 50.40106], [19.51072, 50.40821], [19.51951, 50.41498], [19.51791, 50.41635], [19.51859, 50.41674], [19.53574, 50.42024], [19.54035, 50.41981], [19.54532, 50.41891], [19.5447, 50.41503], [19.54621, 50.41351], [19.55011, 50.41275], [19.55357, 50.41443], [19.55717, 50.41441], [19.55767, 50.41344], [19.55511, 50.41316], [19.55448, 50.41202], [19.55725, 50.41076], [19.55833, 50.41193], [19.57436, 50.41151], [19.56997, 50.40984], [19.56819, 50.41004], [19.56605, 50.40731], [19.56797, 50.4072], [19.5706, 50.40859], [19.57562, 50.40764], [19.57725, 50.40799], [19.57856, 50.40721], [19.58063, 50.40921], [19.58247, 50.40818], [19.58625, 50.40843], [19.5866, 50.41032], [19.58901, 50.41023], [19.59522, 50.40903], [19.6, 50.4053], [19.60483, 50.4042], [19.6118, 50.40513], [19.61367, 50.40452], [19.62252, 50.40995], [19.62712, 50.41455], [19.63018, 50.41256], [19.63458, 50.41137], [19.63656, 50.40936], [19.64147, 50.40981], [19.64405, 50.41127], [19.64533, 50.4092], [19.65111, 50.41273], [19.65816, 50.40818], [19.65822, 50.40917], [19.65488, 50.4115], [19.65454, 50.41415], [19.6649, 50.41519], [19.66704, 50.41599], [19.67175, 50.41583], [19.67204, 50.41704], [19.67031, 50.41738], [19.66997, 50.42032], [19.6652, 50.42367], [19.66502, 50.42656], [19.66849, 50.4271], [19.67268, 50.43059], [19.67633, 50.43277], [19.67725, 50.43252], [19.67762, 50.43385], [19.67926, 50.43459], [19.6864, 50.43388], [19.69435, 50.43516], [19.69622, 50.44116], [19.70023, 50.44596], [19.70078, 50.44972], [19.70199, 50.44963], [19.70186, 50.44816], [19.7082, 50.44826], [19.70737, 50.44295], [19.7098, 50.44143], [19.71105, 50.44263], [19.71117, 50.44489], [19.72477, 50.44086], [19.72816, 50.44197], [19.72819, 50.44395], [19.73178, 50.44432], [19.74155, 50.44384], [19.74874, 50.44215], [19.75617, 50.44388], [19.76688, 50.44436], [19.76772, 50.44489], [19.76988, 50.44412], [19.77223, 50.44187], [19.78197, 50.44011], [19.78673, 50.44102], [19.79106, 50.44056], [19.79373, 50.44335], [19.79548, 50.44369], [19.79607, 50.44272], [19.80086, 50.44388], [19.80514, 50.44088], [19.80581, 50.43887], [19.80452, 50.43827], [19.80543, 50.43702], [19.81075, 50.43531], [19.82006, 50.43448], [19.82427, 50.43594], [19.82522, 50.43803], [19.83197, 50.43614], [19.83361, 50.4391], [19.84119, 50.43855], [19.8407, 50.43772], [19.84266, 50.43706], [19.84282, 50.43609], [19.8418, 50.43614], [19.84088, 50.43497], [19.84165, 50.43435], [19.85351, 50.43515], [19.85032, 50.44372], [19.85292, 50.44735], [19.8772, 50.44924], [19.89074, 50.45155], [19.89111, 50.45217], [19.89674, 50.45223], [19.89979, 50.4534], [19.90302, 50.45676], [19.89808, 50.46082], [19.89453, 50.46114], [19.89559, 50.46221], [19.89359, 50.46293], [19.89428, 50.46418], [19.89208, 50.46617], [19.89303, 50.46693], [19.8964, 50.46732], [19.89501, 50.46944], [19.90056, 50.47352], [19.90913, 50.47275], [19.90973, 50.47506], [19.91751, 50.47464], [19.92804, 50.47515], [19.93281, 50.4782], [19.93808, 50.47893], [19.94689, 50.4781], [19.95378, 50.4766], [19.95418, 50.47759], [19.96118, 50.47687], [19.97053, 50.47395], [19.97298, 50.47546], [19.974, 50.47691], [19.96995, 50.4776], [19.96767, 50.47999], [19.96776, 50.48304], [19.96398, 50.48872], [19.96018, 50.49039], [19.95635, 50.49095], [19.95355, 50.49418], [19.95228, 50.49425], [19.94996, 50.50485], [19.95365, 50.50579], [19.96513, 50.51342], [19.97209, 50.51609], [19.97087, 50.52049], [19.97612, 50.52046], [19.9771, 50.51916], [19.98752, 50.51977], [20.00783, 50.5154], [20.01626, 50.51146], [20.02709, 50.50856], [20.03087, 50.50493], [20.02823, 50.50088], [20.02956, 50.50072], [20.03892, 50.50016], [20.0426, 50.50623], [20.05033, 50.50517], [20.05415, 50.51166], [20.07568, 50.50987], [20.07628, 50.50869], [20.07762, 50.50844], [20.07829, 50.50587], [20.08466, 50.50458], [20.08368, 50.49941], [20.09513, 50.49752], [20.09701, 50.49608], [20.08691, 50.48956], [20.09603, 50.49026], [20.09698, 50.48927], [20.10543, 50.48689], [20.1056, 50.48596], [20.11397, 50.48597], [20.11381, 50.48478], [20.11517, 50.48551], [20.11942, 50.48516], [20.12382, 50.48635], [20.13058, 50.48988], [20.14607, 50.48616], [20.16653, 50.48444], [20.17158, 50.49106], [20.18623, 50.4932], [20.19375, 50.4956], [20.20043, 50.49498], [20.2053, 50.49571], [20.20713, 50.49257], [20.21356, 50.48916], [20.21761, 50.48854], [20.22031, 50.49085], [20.22112, 50.48593], [20.22295, 50.48441], [20.22583, 50.47791], [20.23931, 50.47899], [20.24251, 50.48031], [20.24779, 50.47954], [20.24961, 50.47906], [20.2473, 50.47526], [20.25409, 50.47257], [20.25477, 50.47134], [20.25701, 50.47087], [20.25816, 50.46972], [20.25997, 50.46947], [20.26224, 50.46738], [20.26499, 50.46728], [20.27287, 50.46995], [20.27302, 50.46278], [20.26061, 50.44143], [20.26204, 50.43901], [20.26209, 50.43492], [20.26386, 50.43002], [20.26658, 50.42672], [20.2734, 50.42346], [20.27551, 50.42154], [20.28984, 50.41912], [20.29079, 50.41759], [20.28898, 50.41376], [20.29034, 50.41007], [20.29273, 50.40739], [20.29314, 50.40452], [20.29932, 50.40207], [20.3005, 50.40018], [20.30382, 50.39829], [20.30584, 50.38896], [20.31358, 50.38755], [20.31311, 50.38655], [20.32089, 50.38448], [20.32216, 50.37123], [20.31854, 50.37211], [20.31752, 50.37067], [20.32589, 50.36931], [20.32517, 50.36692], [20.33231, 50.36526], [20.3318, 50.36277], [20.33716, 50.36235], [20.33739, 50.35962], [20.33907, 50.35963], [20.33925, 50.35731], [20.33559, 50.35802], [20.32729, 50.35784], [20.33183, 50.35685], [20.33292, 50.3542], [20.33046, 50.35268], [20.32701, 50.35156], [20.31432, 50.35136], [20.31311, 50.34864], [20.30789, 50.34975], [20.30721, 50.34871], [20.30509, 50.34918], [20.29777, 50.35229], [20.29549, 50.35062], [20.29363, 50.3491], [20.29243, 50.3458], [20.29894, 50.34362], [20.3023, 50.34068], [20.30241, 50.33859], [20.30533, 50.33589], [20.29919, 50.33374], [20.29757, 50.32969], [20.29372, 50.32944], [20.29202, 50.32633], [20.29263, 50.32219], [20.29516, 50.32198], [20.29544, 50.32012], [20.29736, 50.3195], [20.30001, 50.32007], [20.29821, 50.32191], [20.30018, 50.32181], [20.3003, 50.32252], [20.30216, 50.32292], [20.3127, 50.32201], [20.31135, 50.32079], [20.32844, 50.31874], [20.32913, 50.31342], [20.33102, 50.30884], [20.33203, 50.30865], [20.33112, 50.30786], [20.33227, 50.30768], [20.33174, 50.30575], [20.33304, 50.30543], [20.33271, 50.30453], [20.33609, 50.30329], [20.33821, 50.30448], [20.34072, 50.30438], [20.3432, 50.30582], [20.34441, 50.30496], [20.3491, 50.29891], [20.34029, 50.29869], [20.33831, 50.292], [20.34049, 50.28766], [20.34103, 50.28712], [20.34377, 50.28897], [20.34884, 50.29052], [20.35646, 50.28894], [20.35874, 50.28603], [20.36215, 50.28452], [20.3622, 50.28226], [20.36171, 50.2811], [20.35551, 50.28044], [20.35017, 50.27835], [20.34703, 50.27829], [20.34361, 50.27698], [20.34313, 50.2761], [20.34502, 50.2723], [20.34412, 50.27164], [20.34328, 50.27265], [20.33523, 50.27158], [20.33469, 50.2723], [20.33244, 50.27219], [20.33089, 50.26755], [20.33376, 50.26728], [20.34235, 50.26297], [20.34853, 50.26261], [20.35298, 50.26358], [20.35691, 50.25774], [20.35906, 50.25732], [20.35781, 50.25576], [20.36271, 50.25441], [20.36254, 50.25325], [20.36348, 50.25333], [20.36664, 50.24931], [20.36998, 50.24869], [20.37211, 50.24715], [20.37481, 50.24796], [20.37621, 50.24315], [20.38392, 50.24461], [20.38599, 50.24346], [20.39296, 50.24261], [20.39326, 50.24089], [20.39753, 50.24148], [20.39938, 50.23838], [20.39227, 50.23782], [20.39221, 50.23547], [20.38687, 50.23221], [20.37594, 50.22891], [20.37642, 50.22765], [20.37429, 50.22721], [20.37595, 50.22326], [20.37431, 50.22256], [20.37747, 50.21975], [20.3744, 50.21693], [20.37457, 50.21603], [20.37683, 50.21478], [20.377, 50.21261], [20.38232, 50.20978], [20.38472, 50.20757], [20.39666, 50.21056], [20.39998, 50.20917], [20.41025, 50.2118], [20.41507, 50.20024], [20.40904, 50.19997], [20.40856, 50.19842], [20.40964, 50.19851], [20.40983, 50.19712], [20.41185, 50.19749], [20.4122, 50.1935], [20.41543, 50.19369], [20.41552, 50.19124], [20.421, 50.19156], [20.42085, 50.19246], [20.42667, 50.19272], [20.42477, 50.19476], [20.43133, 50.19435], [20.43077, 50.1973], [20.43649, 50.19697], [20.4372, 50.19287], [20.44234, 50.19255], [20.44287, 50.19531], [20.44722, 50.1951], [20.45153, 50.19272], [20.45322, 50.19452], [20.45303, 50.19687], [20.45456, 50.19718], [20.45296, 50.19897], [20.45495, 50.19921], [20.45744, 50.19698], [20.46866, 50.19657], [20.46891, 50.19555], [20.46624, 50.19212], [20.47349, 50.1908], [20.47001, 50.19724], [20.46928, 50.2008], [20.47736, 50.19933], [20.4931, 50.19205], [20.50003, 50.19068], [20.50904, 50.19018], [20.50913, 50.18923], [20.51172, 50.18926], [20.51292, 50.18545], [20.51857, 50.1886], [20.52118, 50.1886], [20.53114, 50.1914], [20.53204, 50.19136], [20.5323, 50.18827], [20.53476, 50.18841], [20.53504, 50.19098], [20.53865, 50.19096], [20.53743, 50.19202], [20.54009, 50.19119], [20.5392, 50.19744], [20.5518, 50.19982], [20.55225, 50.20093], [20.55718, 50.20165], [20.55975, 50.19957], [20.56286, 50.20061], [20.56325, 50.19971], [20.56209, 50.19952], [20.5651, 50.19198], [20.56592, 50.19213], [20.56622, 50.1908], [20.56805, 50.19011], [20.56772, 50.18925], [20.57056, 50.18794], [20.57179, 50.18631], [20.58304, 50.189], [20.58178, 50.19467], [20.58433, 50.19467], [20.58395, 50.19672], [20.58493, 50.19752], [20.58861, 50.19829], [20.58868, 50.19887], [20.59164, 50.1985], [20.59347, 50.20155], [20.60578, 50.20011], [20.60652, 50.20455], [20.60839, 50.20422], [20.60857, 50.2047], [20.62405, 50.20066], [20.62651, 50.20189], [20.63111, 50.20203], [20.63098, 50.20262], [20.62452, 50.20197], [20.62575, 50.20554], [20.62893, 50.20548], [20.62859, 50.20636], [20.63399, 50.21165], [20.63862, 50.21051], [20.63622, 50.20911], [20.63818, 50.20845], [20.63634, 50.20715], [20.63907, 50.20531], [20.64154, 50.20699], [20.64374, 50.20701], [20.64058, 50.20924], [20.63985, 50.21163], [20.64237, 50.21073], [20.64494, 50.20851], [20.64731, 50.208], [20.65219, 50.20433], [20.65366, 50.2046], [20.65447, 50.20368], [20.65724, 50.20357], [20.65964, 50.20415], [20.66157, 50.20332], [20.66556, 50.20566], [20.66832, 50.20567], [20.66888, 50.20635], [20.67216, 50.20495], [20.67526, 50.20141], [20.67505, 50.20271], [20.6777, 50.20525], [20.68154, 50.20588], [20.67938, 50.21245], [20.68019, 50.21527], [20.68193, 50.21654], [20.68803, 50.21793], [20.69707, 50.21657], [20.70167, 50.21704], [20.70423, 50.21905], [20.70624, 50.22517], [20.70791, 50.22684], [20.71398, 50.22905], [20.7255, 50.22962], [20.73004, 50.23132], [20.73132, 50.23414], [20.72815, 50.24122], [20.72718, 50.24636], [20.72905, 50.25147], [20.73355, 50.25428], [20.74232, 50.25745], [20.75253, 50.26465], [20.75603, 50.26584], [20.76443, 50.26701], [20.76952, 50.26919], [20.77301, 50.27268], [20.77439, 50.27726], [20.77834, 50.28317], [20.7825, 50.28616], [20.78994, 50.28958], [20.79676, 50.29036], [20.80578, 50.2895], [20.80944, 50.28823], [20.81763, 50.28411], [20.82764, 50.27507], [20.83156, 50.27353], [20.83582, 50.27331], [20.84454, 50.27618], [20.84815, 50.27885], [20.85004, 50.28368], [20.84989, 50.29176], [20.85302, 50.29518], [20.85744, 50.29645], [20.87194, 50.29445], [20.87954, 50.29563], [20.88466, 50.29847], [20.89126, 50.3052], [20.89527, 50.30663], [20.90317, 50.30549], [20.92148, 50.29963], [20.93191, 50.29813], [20.93652, 50.29902], [20.93884, 50.30051], [20.94134, 50.30741], [20.94511, 50.3125], [20.9486, 50.31435], [20.95519, 50.31604], [20.96207, 50.31594], [20.97399, 50.31387], [20.99348, 50.3152], [21.004, 50.31312], [21.01004, 50.31279], [21.01799, 50.31453], [21.02747, 50.31894], [21.03305, 50.3193], [21.03868, 50.31853], [21.04842, 50.31514], [21.05553, 50.31554], [21.06451, 50.31808], [21.07213, 50.32267], [21.07527, 50.32575], [21.07954, 50.33338], [21.08306, 50.33636], [21.08685, 50.33792], [21.09186, 50.33867], [21.10438, 50.33737], [21.113, 50.33845], [21.11661, 50.3416], [21.11808, 50.34619], [21.121, 50.35028], [21.12535, 50.3527], [21.13204, 50.35429], [21.14472, 50.35427], [21.15404, 50.35139], [21.16571, 50.3423], [21.16672, 50.33306], [21.17099, 50.33074], [21.17659, 50.32982], [21.18299, 50.33202], [21.18532, 50.33467], [21.18671, 50.33871], [21.18733, 50.34908], [21.19014, 50.3521], [21.1936, 50.35378], [21.20826, 50.35486], [21.21523, 50.34353], [21.21888, 50.34135], [21.21772, 50.33785], [21.2194, 50.33559], [21.21506, 50.33284], [21.21328, 50.33039], [21.21465, 50.32697], [21.21947, 50.32282], [21.21922, 50.32171], [21.21737, 50.32209], [21.21856, 50.31737], [21.22264, 50.31086], [21.21077, 50.30819], [21.20238, 50.30483], [21.19392, 50.30414], [21.19231, 50.30172], [21.18884, 50.29999], [21.18851, 50.2986], [21.18382, 50.29799], [21.18321, 50.28659], [21.17754, 50.27976], [21.15932, 50.26793], [21.15673, 50.2657], [21.15579, 50.26279], [21.15106, 50.26083], [21.15096, 50.25824], [21.14944, 50.25736], [21.14837, 50.25724], [21.14819, 50.25793], [21.14573, 50.25712], [21.14763, 50.25555], [21.15488, 50.2527], [21.16415, 50.24605], [21.17663, 50.24189], [21.1815, 50.24119], [21.18268, 50.24], [21.1821, 50.23923], [21.17971, 50.23934], [21.1785, 50.23815], [21.15492, 50.23753], [21.1531, 50.23848], [21.14765, 50.2389], [21.14211, 50.23768], [21.14932, 50.23003], [21.15313, 50.22871], [21.15514, 50.22527], [21.16299, 50.22272], [21.16295, 50.21696], [21.17099, 50.20825], [21.17035, 50.20509], [21.1678, 50.20362], [21.1666, 50.20149], [21.16784, 50.18868], [21.16504, 50.18068], [21.16582, 50.17944], [21.17106, 50.17662], [21.16775, 50.17424], [21.16763, 50.17196], [21.1524, 50.14765], [21.17576, 50.14264], [21.175, 50.14052], [21.17349, 50.14066], [21.16425, 50.13596], [21.15595, 50.13722], [21.15252, 50.13543], [21.1516, 50.13581], [21.14596, 50.13446], [21.14616, 50.13004], [21.1508, 50.13007], [21.1504, 50.12889], [21.14814, 50.12783], [21.14847, 50.12641], [21.195, 50.11983], [21.19464, 50.11916], [21.19122, 50.1194], [21.19146, 50.118], [21.18568, 50.11903], [21.18501, 50.11827], [21.18102, 50.11785], [21.17856, 50.11539], [21.17693, 50.11185], [21.18244, 50.10912], [21.18285, 50.1078], [21.18574, 50.10723], [21.18555, 50.1066], [21.18687, 50.10623], [21.18714, 50.10378], [21.18412, 50.10273], [21.18459, 50.1003], [21.1889, 50.09904], [21.18892, 50.09838], [21.1962, 50.0969], [21.19579, 50.09642], [21.19747, 50.09624], [21.19901, 50.09496], [21.16008, 50.08949], [21.16312, 50.08442], [21.16901, 50.079], [21.17902, 50.08066], [21.18027, 50.0795], [21.1797, 50.07612], [21.17835, 50.07602], [21.17606, 50.07415], [21.17709, 50.07144], [21.1746, 50.07127], [21.17464, 50.06977], [21.17147, 50.06966], [21.17097, 50.06742], [21.16534, 50.06719], [21.1694, 50.06535], [21.16767, 50.06394], [21.16819, 50.06119], [21.16636, 50.05971], [21.16394, 50.05891], [21.16302, 50.05958], [21.15871, 50.05725], [21.14607, 50.05425], [21.14501, 50.05305], [21.14462, 50.04925], [21.14779, 50.04999], [21.15148, 50.04531], [21.17298, 50.03918], [21.17375, 50.03521], [21.19291, 50.02926], [21.18934, 50.0266], [21.18868, 50.02425], [21.1814, 50.01673], [21.17878, 50.0118], [21.16014, 50.00635], [21.15444, 50.00341], [21.15307, 49.99629], [21.15245, 49.99573], [21.14966, 49.99586], [21.14913, 49.99352], [21.15062, 49.98758], [21.15044, 49.97648], [21.15614, 49.97224], [21.15888, 49.96743], [21.16069, 49.96646], [21.16052, 49.95779], [21.16205, 49.95476], [21.16104, 49.95091], [21.16347, 49.95074], [21.16329, 49.94965], [21.16516, 49.94929], [21.16554, 49.94544], [21.17102, 49.94392], [21.17219, 49.93967], [21.1718, 49.93677], [21.17645, 49.93286], [21.1797, 49.92833], [21.18582, 49.92705], [21.19253, 49.9316], [21.21541, 49.92902], [21.2308, 49.92872], [21.24803, 49.93036], [21.2485, 49.93097], [21.25283, 49.92871], [21.25356, 49.9298], [21.25757, 49.92919], [21.25796, 49.92741], [21.26015, 49.92699], [21.27065, 49.92658], [21.2777, 49.92816], [21.28197, 49.92637], [21.28472, 49.92406], [21.28776, 49.91464], [21.28818, 49.90943], [21.28338, 49.8977], [21.27966, 49.89205], [21.2761, 49.89124], [21.2722, 49.88891], [21.26583, 49.88742], [21.26344, 49.88561], [21.26103, 49.88589], [21.26112, 49.88483], [21.25282, 49.88516], [21.24874, 49.88451], [21.24362, 49.88522], [21.23238, 49.88356], [21.23072, 49.88367], [21.2272, 49.88678], [21.2264, 49.88586], [21.22538, 49.88368], [21.22838, 49.87716], [21.22603, 49.87115], [21.22772, 49.86759], [21.22839, 49.862], [21.22712, 49.85795], [21.22585, 49.85724], [21.22496, 49.8526], [21.22968, 49.85074], [21.23608, 49.84969], [21.24131, 49.84618], [21.24628, 49.84482], [21.24891, 49.84214], [21.25213, 49.84089], [21.26061, 49.84185], [21.26484, 49.8401], [21.26616, 49.84154], [21.26444, 49.84293], [21.26863, 49.8452], [21.26953, 49.84511], [21.26981, 49.84298], [21.27736, 49.84389], [21.27968, 49.84528], [21.28271, 49.84571], [21.29715, 49.84286], [21.31678, 49.83532], [21.3171, 49.83369], [21.32252, 49.82959], [21.33698, 49.82686], [21.34011, 49.82313], [21.34007, 49.81945], [21.34242, 49.81828], [21.34395, 49.81633], [21.34895, 49.81496], [21.33974, 49.81198], [21.3356, 49.81206], [21.33213, 49.81081], [21.33571, 49.8078], [21.3322, 49.80618], [21.3303, 49.80394], [21.3214, 49.80321], [21.3195, 49.80023], [21.31498, 49.79822], [21.31268, 49.79835], [21.31109, 49.79681], [21.30874, 49.79694], [21.3084, 49.79614], [21.29982, 49.79693], [21.29725, 49.79968], [21.29462, 49.80078], [21.28439, 49.80153], [21.2804, 49.80578], [21.27599, 49.80378], [21.26983, 49.7983], [21.26859, 49.79586], [21.27049, 49.7951], [21.27059, 49.79413], [21.2557, 49.79172], [21.25147, 49.79216], [21.24988, 49.78805], [21.24568, 49.78478], [21.24545, 49.7805], [21.24177, 49.7761], [21.24462, 49.77202], [21.25295, 49.76395], [21.25411, 49.75643], [21.2557, 49.75655], [21.25782, 49.75213], [21.26975, 49.75307], [21.27306, 49.75265], [21.28132, 49.75519], [21.28774, 49.75141], [21.29055, 49.74879], [21.29375, 49.74922], [21.29668, 49.74805], [21.29859, 49.7496], [21.30226, 49.75025], [21.31254, 49.74777], [21.31146, 49.74721], [21.31902, 49.73949], [21.31856, 49.73526], [21.31572, 49.73199], [21.31576, 49.72825], [21.32221, 49.7271], [21.3211, 49.72416], [21.32233, 49.72241], [21.32578, 49.72253], [21.3314, 49.7188], [21.33009, 49.71453], [21.3276, 49.71187], [21.3279, 49.70944], [21.3204, 49.69845], [21.32866, 49.69645], [21.33244, 49.69436], [21.33545, 49.6982], [21.34021, 49.69779], [21.34193, 49.696], [21.34348, 49.69159], [21.34438, 49.69249], [21.34759, 49.69188], [21.34779, 49.69289], [21.34868, 49.69268], [21.34656, 49.68957], [21.34207, 49.66899], [21.34352, 49.66908], [21.34344, 49.66397], [21.34173, 49.65932], [21.34198, 49.65834], [21.34553, 49.65613], [21.3577, 49.6497], [21.35561, 49.6457], [21.36279, 49.63414], [21.3558, 49.62608], [21.35554, 49.6243], [21.35161, 49.62027], [21.35082, 49.61768], [21.34399, 49.61174], [21.3451, 49.60824], [21.33967, 49.60641], [21.3357, 49.603], [21.33125, 49.6006], [21.32666, 49.59365], [21.32682, 49.59218], [21.32792, 49.58991], [21.33155, 49.58716], [21.34042, 49.58384], [21.34751, 49.57926], [21.36078, 49.57587], [21.36382, 49.57698], [21.37208, 49.57117], [21.38029, 49.56976], [21.38046, 49.56764], [21.37608, 49.56607], [21.37532, 49.56294], [21.36801, 49.55764], [21.36448, 49.5539], [21.36853, 49.54947], [21.36141, 49.54863], [21.35888, 49.54619], [21.35864, 49.54474], [21.36229, 49.54178], [21.36478, 49.54251], [21.36955, 49.54188], [21.37399, 49.54034], [21.37687, 49.53783], [21.38047, 49.53907], [21.38109, 49.53686], [21.38278, 49.53632], [21.38245, 49.53393], [21.38475, 49.53395], [21.38307, 49.53269], [21.38481, 49.53072], [21.39173, 49.52751], [21.38695, 49.52703], [21.38258, 49.52527], [21.38408, 49.52363], [21.38935, 49.52089], [21.38745, 49.51947], [21.3928, 49.51166], [21.39564, 49.51006], [21.39859, 49.51052], [21.39876, 49.50835], [21.40756, 49.50963], [21.40922, 49.50714], [21.41088, 49.50024], [21.41186, 49.50047], [21.41462, 49.49837], [21.41617, 49.4986], [21.41661, 49.49744], [21.41844, 49.4978], [21.41971, 49.49423], [21.42171, 49.49243], [21.40442, 49.49095], [21.40153, 49.49203], [21.39975, 49.49094], [21.39071, 49.48901], [21.38885, 49.48545], [21.39257, 49.48155], [21.39693, 49.48009], [21.40271, 49.47592], [21.40619, 49.47547], [21.40916, 49.47402], [21.40789, 49.46954], [21.41137, 49.46781], [21.40611, 49.46442], [21.40015, 49.45846], [21.39213, 49.4558], [21.3932, 49.45284], [21.39262, 49.44686], [21.39601, 49.44052], [21.39681, 49.44067], [21.39724, 49.43587], [21.39866, 49.43384], [21.39339, 49.43451], [21.39149, 49.43271], [21.38808, 49.43434], [21.38225, 49.43464], [21.37911, 49.43345], [21.37275, 49.43264], [21.36849, 49.43912], [21.36291, 49.44217], [21.35671, 49.44287], [21.35197, 49.4449], [21.34468, 49.45042], [21.33708, 49.45143], [21.33256, 49.45094], [21.3294, 49.44953], [21.32578, 49.4501], [21.31944, 49.44933], [21.31651, 49.44791], [21.31186, 49.44938], [21.30718, 49.448], [21.30092, 49.45122], [21.29495, 49.45292], [21.28476, 49.45812], [21.28028, 49.45905], [21.27752, 49.46094], [21.27203, 49.45977], [21.26734, 49.45719], [21.2658, 49.45201], [21.26592, 49.44698], [21.26314, 49.44723], [21.25856, 49.44635], [21.25226, 49.44156], [21.24679, 49.43921], [21.2455, 49.43732], [21.24067, 49.43418], [21.237, 49.43541], [21.2341, 49.43751], [21.23275, 49.43655], [21.23209, 49.43302], [21.22877, 49.42923], [21.22406, 49.42673], [21.22345, 49.42552], [21.22443, 49.42325], [21.22666, 49.42143], [21.22626, 49.41896], [21.22725, 49.41695], [21.21229, 49.40795], [21.20819, 49.40248], [21.20184, 49.40464], [21.19419, 49.40258], [21.19213, 49.40099], [21.18351, 49.40284], [21.18193, 49.402], [21.18003, 49.40217], [21.1814, 49.40515], [21.17942, 49.40903], [21.1701, 49.41316], [21.16471, 49.41834], [21.15522, 49.42099], [21.15539, 49.42435], [21.15225, 49.42696], [21.12402, 49.43658], [21.12049, 49.43507], [21.11894, 49.43332], [21.11373, 49.42394], [21.10247, 49.42648], [21.09639, 49.42949], [21.08714, 49.42732], [21.08178, 49.42502], [21.07598, 49.42556], [21.07262, 49.42496], [21.06372, 49.42048], [21.061, 49.42178], [21.0557, 49.42153], [21.04873, 49.41939], [21.04722, 49.41694], [21.04785, 49.41484], [21.0504, 49.4133], [21.05004, 49.41086], [21.05431, 49.40422], [21.0602, 49.40228], [21.06723, 49.40208], [21.06901, 49.39986], [21.06722, 49.39734], [21.06795, 49.39552], [21.07506, 49.39327], [21.07925, 49.39029], [21.08338, 49.38888], [21.08939, 49.38378], [21.09193, 49.38401], [21.0942, 49.38307], [21.1041, 49.3764], [21.10085, 49.37381], [21.09963, 49.37097], [21.09678, 49.36909], [21.09411, 49.36505], [21.09094, 49.36475], [21.08748, 49.36569], [21.08284, 49.36378], [21.07895, 49.36392], [21.07763, 49.36257], [21.07774, 49.36062], [21.07533, 49.35932], [21.0662, 49.36553], [21.05444, 49.36183], [21.04893, 49.36565], [21.04254, 49.36488], [21.03937, 49.3622], [21.03555, 49.36103], [21.03372, 49.35843], [21.02659, 49.35649], [21.02507, 49.3535], [21.01973, 49.35063], [21.01625, 49.3469], [21.01335, 49.34789], [21.01131, 49.34756], [21.00918, 49.34543], [21.00695, 49.34017], [21.0091, 49.33706], [21.00809, 49.33485], [21.00407, 49.33314], [20.9967, 49.3329], [20.99307, 49.33015], [20.98906, 49.32845], [20.98808, 49.32684], [20.98922, 49.32397], [20.98818, 49.32323], [20.9899, 49.3195], [20.994, 49.31555], [20.99414, 49.31268], [20.98993, 49.30915], [20.98735, 49.30825], [20.98654, 49.30662], [20.98441, 49.30796], [20.98219, 49.30758], [20.97698, 49.30927], [20.97274, 49.30898], [20.96961, 49.30989], [20.96586, 49.30873], [20.96333, 49.30874], [20.96187, 49.30622], [20.95813, 49.30588], [20.95623, 49.30427], [20.95265, 49.30293], [20.94899, 49.30192], [20.94526, 49.30205], [20.93742, 49.29826], [20.93322, 49.29819], [20.93061, 49.29666], [20.92564, 49.29605], [20.92346, 49.29645], [20.92427, 49.29901], [20.92061, 49.30216], [20.91691, 49.3045], [20.91134, 49.30627], [20.90999, 49.30906], [20.91024, 49.31147], [20.90326, 49.31592], [20.90412, 49.31882], [20.90762, 49.31958], [20.90654, 49.32182], [20.90357, 49.32353], [20.89717, 49.32536], [20.88971, 49.32373], [20.88717, 49.32168], [20.88716, 49.32027], [20.88419, 49.3191], [20.87981, 49.32019], [20.87608, 49.31949], [20.87274, 49.31979], [20.87425, 49.32145], [20.87964, 49.32261], [20.88199, 49.32841], [20.88118, 49.33056], [20.88238, 49.3331], [20.88125, 49.33441], [20.87706, 49.33606], [20.87402, 49.33947], [20.87031, 49.34195], [20.86847, 49.34562], [20.86555, 49.34748], [20.85973, 49.3484], [20.85438, 49.34728], [20.84991, 49.34176], [20.8433, 49.33975], [20.83992, 49.33511], [20.83733, 49.33402], [20.8344, 49.33534], [20.8259, 49.3344], [20.8194, 49.33939], [20.81854, 49.34279], [20.81548, 49.34397], [20.81363, 49.34691], [20.81183, 49.34769], [20.80876, 49.34764], [20.80032, 49.34298], [20.79866, 49.34262], [20.79738, 49.34317], [20.79618, 49.34483], [20.8012, 49.34958], [20.80222, 49.35527], [20.79787, 49.3587], [20.80071, 49.36021], [20.80474, 49.3595], [20.80567, 49.35815], [20.8057, 49.35379], [20.80688, 49.35315], [20.8106, 49.35507], [20.80932, 49.35937], [20.80661, 49.36098], [20.79811, 49.36326], [20.79373, 49.363], [20.7887, 49.36079], [20.78396, 49.36046], [20.78247, 49.36103], [20.78096, 49.36323], [20.78173, 49.36628], [20.78835, 49.3716], [20.7854, 49.3744], [20.77997, 49.37519], [20.76468, 49.37101], [20.76143, 49.3716], [20.75759, 49.37528], [20.76163, 49.38283], [20.76136, 49.38424], [20.75544, 49.38585], [20.74914, 49.38888], [20.74754, 49.39096], [20.74835, 49.39391], [20.75772, 49.39822], [20.75802, 49.40039], [20.75481, 49.40219], [20.74933, 49.40196], [20.74227, 49.40383], [20.7431, 49.40795], [20.74611, 49.41164], [20.74312, 49.41514], [20.7369, 49.41668], [20.73201, 49.41492], [20.72813, 49.41482], [20.72494, 49.41693], [20.72292, 49.41965], [20.71833, 49.41837], [20.71153, 49.41944], [20.70743, 49.41876], [20.69886, 49.42052], [20.69172, 49.41978], [20.68782, 49.41798], [20.68518, 49.41541], [20.67861, 49.41254], [20.67644, 49.41227], [20.67172, 49.40986], [20.6703, 49.40815], [20.66577, 49.40631], [20.6657, 49.40355], [20.65971, 49.40349], [20.65634, 49.40206], [20.64699, 49.40067], [20.6426, 49.40099], [20.64208, 49.40433], [20.63835, 49.4075], [20.62467, 49.41046], [20.62221, 49.41342], [20.62196, 49.41682], [20.61965, 49.41803], [20.61493, 49.41784], [20.61281, 49.416], [20.61127, 49.41245], [20.6136, 49.40182], [20.60982, 49.40243], [20.60577, 49.4013], [20.605, 49.39849], [20.60095, 49.39442], [20.60186, 49.39146], [20.6002, 49.38829], [20.59213, 49.38303], [20.59201, 49.3839], [20.58689, 49.38549], [20.58169, 49.38388], [20.58002, 49.3829], [20.58026, 49.38183], [20.57703, 49.37902], [20.57552, 49.3761], [20.56731, 49.37899], [20.56317, 49.37947], [20.55996, 49.37812], [20.55768, 49.3781], [20.55459, 49.38103], [20.55269, 49.38146], [20.54651, 49.38554], [20.53165, 49.38765], [20.51996, 49.3925], [20.50994, 49.39344], [20.50866, 49.39561], [20.50616, 49.39694], [20.50733, 49.39906], [20.50646, 49.39966], [20.50662, 49.40201], [20.50489, 49.40328], [20.49014, 49.40643], [20.4886, 49.40841], [20.4807, 49.41028], [20.47626, 49.41406], [20.47196, 49.41543], [20.46466, 49.41601], [20.46121, 49.41456], [20.45536, 49.41558], [20.44992, 49.41502], [20.44598, 49.41633], [20.44577, 49.41544], [20.45093, 49.41277], [20.44635, 49.41192], [20.44209, 49.41417], [20.43824, 49.41477], [20.43639, 49.41766], [20.43229, 49.41758], [20.42946, 49.41541], [20.42873, 49.40827], [20.42972, 49.40776], [20.43434, 49.40808], [20.43699, 49.40627], [20.4342, 49.40206], [20.43481, 49.39886], [20.43327, 49.39661], [20.4314, 49.39588], [20.43075, 49.39626], [20.42736, 49.40248], [20.42001, 49.40552], [20.41687, 49.40579], [20.4142, 49.40351], [20.41468, 49.39771], [20.41228, 49.3952], [20.40575, 49.39254], [20.39304, 49.39058], [20.38243, 49.39102], [20.38047, 49.39563], [20.38139, 49.39914], [20.38091, 49.40326], [20.37926, 49.40558], [20.37568, 49.40786], [20.37113, 49.40738], [20.36899, 49.40099], [20.36227, 49.39826], [20.3572, 49.39852], [20.35075, 49.40153], [20.34432, 49.40064], [20.33901, 49.40136], [20.33747, 49.40248], [20.33506, 49.40147], [20.32508, 49.40303], [20.32215, 49.40175], [20.32066, 49.39958], [20.31788, 49.39314], [20.31751, 49.38873], [20.32185, 49.39046], [20.33127, 49.39143], [20.32138, 49.37838], [20.32135, 49.37587], [20.32558, 49.37128], [20.32621, 49.36586], [20.32306, 49.35587], [20.32366, 49.35181], [20.31649, 49.34453], [20.31286, 49.34329], [20.30843, 49.34394], [20.3015, 49.34838], [20.29514, 49.34952], [20.29281, 49.35156], [20.28598, 49.35088], [20.27973, 49.35167], [20.27694, 49.35108], [20.27305, 49.35137], [20.26969, 49.34821], [20.26866, 49.34569], [20.2664, 49.34707], [20.25398, 49.34891], [20.25319, 49.35176], [20.24835, 49.34972], [20.24251, 49.35086], [20.24072, 49.34834], [20.23182, 49.34632], [20.2275, 49.34928], [20.22143, 49.35183], [20.21823, 49.34981], [20.214, 49.34843], [20.2128, 49.34485], [20.20457, 49.34277], [20.20336, 49.34181], [20.19523, 49.34227], [20.19027, 49.33869]]]}}, {"type": "Feature", "properties": {"kod": "14", "nazwa": "mazowieckie"}, "geometry": {"type": "Polygon", "coordinates": [[[20.5547, 53.22447], [20.56192, 53.22649], [20.56703, 53.23348], [20.57486, 53.24044], [20.57952, 53.2399], [20.58207, 53.23617], [20.58229, 53.23321], [20.58686, 53.23266], [20.59575, 53.2344], [20.60125, 53.23814], [20.60924, 53.23907], [20.60942, 53.24015], [20.61134, 53.24114], [20.61027, 53.242], [20.61312, 53.24225], [20.61359, 53.24293], [20.61229, 53.24307], [20.61072, 53.2452], [20.61067, 53.24616], [20.61179, 53.2461], [20.61282, 53.24734], [20.61245, 53.24925], [20.61105, 53.2497], [20.61072, 53.2515], [20.61185, 53.25233], [20.65721, 53.25151], [20.65774, 53.25301], [20.66326, 53.25799], [20.66405, 53.26229], [20.66625, 53.26535], [20.67608, 53.26966], [20.67973, 53.27582], [20.6838, 53.28014], [20.68683, 53.28779], [20.69081, 53.2875], [20.6911, 53.28866], [20.69211, 53.28854], [20.69334, 53.29208], [20.69238, 53.30262], [20.70522, 53.30025], [20.71385, 53.2999], [20.7138, 53.3093], [20.71658, 53.3121], [20.71939, 53.31151], [20.72125, 53.30764], [20.7287, 53.30586], [20.7387, 53.30464], [20.74704, 53.30777], [20.74562, 53.31047], [20.74049, 53.31313], [20.73945, 53.31485], [20.74245, 53.31799], [20.74752, 53.31638], [20.75173, 53.31303], [20.75575, 53.31293], [20.76428, 53.31563], [20.76688, 53.31437], [20.76717, 53.31287], [20.77013, 53.31159], [20.77894, 53.31222], [20.78118, 53.31002], [20.78496, 53.30892], [20.78756, 53.31024], [20.78703, 53.31074], [20.7883, 53.31073], [20.79303, 53.30884], [20.79321, 53.30805], [20.79469, 53.30805], [20.79758, 53.30593], [20.80159, 53.30726], [20.80419, 53.30724], [20.80892, 53.30531], [20.81354, 53.30585], [20.81672, 53.30473], [20.82479, 53.30437], [20.83961, 53.29803], [20.84724, 53.29251], [20.85111, 53.29259], [20.84995, 53.29422], [20.85194, 53.29585], [20.85122, 53.29814], [20.85462, 53.29659], [20.85501, 53.2975], [20.85114, 53.30149], [20.85271, 53.30287], [20.8569, 53.30127], [20.85796, 53.30388], [20.86027, 53.30266], [20.86139, 53.30396], [20.86386, 53.30418], [20.86519, 53.3036], [20.87021, 53.31046], [20.87319, 53.31247], [20.87154, 53.31531], [20.87225, 53.32124], [20.87815, 53.3204], [20.87753, 53.31912], [20.88556, 53.31764], [20.88634, 53.31865], [20.8906, 53.31653], [20.88996, 53.31597], [20.89468, 53.31541], [20.8934, 53.31387], [20.89847, 53.31248], [20.90008, 53.31048], [20.90434, 53.30944], [20.90611, 53.31016], [20.9058, 53.31334], [20.90633, 53.31582], [20.90722, 53.31595], [20.90649, 53.31768], [20.9082, 53.31782], [20.9065, 53.32074], [20.91709, 53.3219], [20.91556, 53.31711], [20.91937, 53.31572], [20.92146, 53.31837], [20.92097, 53.32091], [20.92691, 53.32018], [20.92978, 53.32422], [20.91948, 53.32568], [20.91814, 53.32506], [20.91603, 53.32542], [20.91956, 53.32918], [20.91821, 53.33027], [20.92073, 53.33532], [20.91227, 53.33748], [20.91221, 53.33868], [20.91025, 53.33964], [20.90948, 53.34265], [20.91176, 53.34528], [20.91478, 53.34553], [20.91436, 53.34821], [20.91791, 53.34818], [20.91816, 53.34947], [20.92259, 53.35003], [20.92212, 53.35131], [20.91853, 53.35223], [20.92266, 53.35312], [20.92974, 53.35196], [20.93171, 53.35253], [20.93308, 53.35412], [20.93317, 53.35714], [20.93438, 53.35774], [20.93284, 53.35832], [20.93632, 53.35977], [20.94146, 53.35961], [20.94981, 53.35794], [20.94729, 53.35506], [20.96058, 53.35444], [20.95937, 53.35154], [20.96327, 53.35], [20.96349, 53.35134], [20.96559, 53.35193], [20.96661, 53.35416], [20.96872, 53.35404], [20.96787, 53.35175], [20.96878, 53.35175], [20.97096, 53.35259], [20.97139, 53.35419], [20.97438, 53.3543], [20.97399, 53.35181], [20.99171, 53.36136], [20.98945, 53.36309], [20.99459, 53.36165], [20.99755, 53.36181], [20.9993, 53.36092], [21.00114, 53.35666], [21.00683, 53.35532], [21.01215, 53.35613], [21.03117, 53.35133], [21.032, 53.34972], [21.03601, 53.34701], [21.03844, 53.34285], [21.04794, 53.33779], [21.0507, 53.335], [21.05354, 53.33427], [21.05581, 53.3346], [21.08177, 53.34381], [21.08172, 53.34624], [21.09167, 53.34968], [21.10392, 53.35139], [21.11428, 53.3544], [21.12767, 53.36271], [21.13612, 53.36554], [21.1408, 53.37091], [21.14194, 53.37481], [21.14129, 53.37732], [21.17584, 53.3936], [21.19823, 53.39846], [21.20496, 53.40291], [21.2137, 53.40666], [21.23354, 53.41273], [21.23889, 53.41582], [21.25211, 53.42028], [21.27132, 53.42516], [21.28147, 53.42676], [21.28335, 53.42496], [21.28988, 53.42419], [21.28905, 53.42319], [21.29028, 53.42234], [21.29116, 53.42289], [21.29213, 53.42167], [21.28678, 53.41921], [21.28611, 53.4168], [21.28411, 53.41533], [21.28539, 53.41335], [21.2886, 53.4123], [21.28778, 53.41172], [21.29145, 53.40852], [21.29292, 53.40941], [21.29475, 53.40861], [21.29507, 53.40972], [21.29259, 53.41137], [21.29266, 53.41191], [21.29496, 53.41168], [21.29573, 53.4126], [21.29369, 53.41475], [21.2999, 53.41908], [21.29959, 53.421], [21.30332, 53.42404], [21.30831, 53.42268], [21.31096, 53.42318], [21.32795, 53.42015], [21.32994, 53.41901], [21.33755, 53.41739], [21.33873, 53.41758], [21.33928, 53.41945], [21.34729, 53.41542], [21.34792, 53.4158], [21.35163, 53.41429], [21.35486, 53.41807], [21.35391, 53.41864], [21.35496, 53.4202], [21.35798, 53.42021], [21.35882, 53.42113], [21.36289, 53.42188], [21.36913, 53.42063], [21.3741, 53.42136], [21.37704, 53.42336], [21.37735, 53.4247], [21.38466, 53.42814], [21.38774, 53.43083], [21.39939, 53.429], [21.39916, 53.42836], [21.3972, 53.42849], [21.39484, 53.42739], [21.39786, 53.42621], [21.40148, 53.42684], [21.40221, 53.42758], [21.40999, 53.42671], [21.41091, 53.42771], [21.42354, 53.42953], [21.42276, 53.43149], [21.42644, 53.433], [21.42605, 53.43374], [21.43173, 53.4338], [21.43087, 53.43491], [21.43359, 53.43588], [21.43745, 53.43305], [21.43518, 53.43606], [21.43743, 53.43572], [21.43408, 53.43825], [21.43491, 53.43903], [21.443, 53.43706], [21.44497, 53.43733], [21.44575, 53.43956], [21.43748, 53.44043], [21.43526, 53.44308], [21.43625, 53.44376], [21.43504, 53.44376], [21.43341, 53.44237], [21.43255, 53.44354], [21.43479, 53.44489], [21.43103, 53.44606], [21.43047, 53.44471], [21.42909, 53.44495], [21.42974, 53.44561], [21.42635, 53.44892], [21.42483, 53.44934], [21.42523, 53.45028], [21.42639, 53.45027], [21.43465, 53.4478], [21.43618, 53.44864], [21.43904, 53.44708], [21.4459, 53.44591], [21.44646, 53.44753], [21.44268, 53.45024], [21.4375, 53.45608], [21.43609, 53.45973], [21.43108, 53.46238], [21.4326, 53.46283], [21.48324, 53.47146], [21.49361, 53.47246], [21.51789, 53.477], [21.53248, 53.47661], [21.5502, 53.47783], [21.56589, 53.48095], [21.57432, 53.47999], [21.58729, 53.48032], [21.59807, 53.48181], [21.61295, 53.48083], [21.61292, 53.48012], [21.60657, 53.4802], [21.60537, 53.47948], [21.60471, 53.48077], [21.59821, 53.48022], [21.59843, 53.47664], [21.60575, 53.47634], [21.6058, 53.47512], [21.60401, 53.46981], [21.60063, 53.47049], [21.59817, 53.46893], [21.60378, 53.46761], [21.603, 53.4642], [21.6049, 53.46576], [21.60635, 53.46478], [21.61489, 53.46465], [21.61451, 53.46136], [21.60876, 53.46287], [21.60739, 53.46268], [21.60874, 53.4619], [21.60764, 53.46118], [21.60629, 53.46152], [21.60626, 53.46297], [21.60474, 53.46316], [21.60408, 53.46232], [21.60296, 53.46312], [21.60044, 53.46023], [21.59586, 53.46163], [21.59284, 53.46095], [21.59447, 53.4607], [21.59423, 53.46005], [21.59844, 53.45954], [21.59938, 53.45858], [21.59979, 53.45929], [21.60235, 53.45923], [21.60479, 53.4582], [21.60239, 53.45726], [21.60345, 53.45673], [21.60363, 53.45338], [21.60894, 53.44993], [21.60702, 53.44516], [21.6069, 53.44031], [21.60867, 53.43918], [21.60733, 53.43572], [21.62504, 53.42857], [21.62233, 53.42589], [21.62115, 53.42216], [21.62497, 53.42081], [21.62621, 53.41825], [21.62527, 53.41752], [21.62716, 53.41752], [21.629, 53.41602], [21.62655, 53.41476], [21.62923, 53.41454], [21.62923, 53.41384], [21.62253, 53.41405], [21.62192, 53.4128], [21.62353, 53.4127], [21.62332, 53.4114], [21.62519, 53.41066], [21.62431, 53.40978], [21.62763, 53.40897], [21.62411, 53.40696], [21.62506, 53.40625], [21.62674, 53.40735], [21.62868, 53.40709], [21.63113, 53.40908], [21.632, 53.40878], [21.62974, 53.40685], [21.63247, 53.40642], [21.63462, 53.4084], [21.63668, 53.4062], [21.63604, 53.40337], [21.63886, 53.40232], [21.63995, 53.40073], [21.65238, 53.39724], [21.65026, 53.39041], [21.65302, 53.39139], [21.65755, 53.38732], [21.66141, 53.38644], [21.66014, 53.38407], [21.65646, 53.38416], [21.66169, 53.37797], [21.65889, 53.37733], [21.65897, 53.37526], [21.65477, 53.375], [21.65378, 53.37365], [21.65438, 53.37224], [21.6582, 53.37213], [21.65932, 53.37115], [21.67153, 53.37054], [21.68396, 53.36813], [21.68412, 53.36539], [21.68141, 53.36266], [21.675, 53.35957], [21.67183, 53.35849], [21.66806, 53.35824], [21.66223, 53.35608], [21.66276, 53.3556], [21.66085, 53.35558], [21.65597, 53.35282], [21.65424, 53.3495], [21.66199, 53.34177], [21.66848, 53.34014], [21.66945, 53.33612], [21.65367, 53.33618], [21.65229, 53.33126], [21.66972, 53.32989], [21.68446, 53.3373], [21.69281, 53.33576], [21.69177, 53.33131], [21.68849, 53.33141], [21.68585, 53.32955], [21.68891, 53.32716], [21.69086, 53.32707], [21.69351, 53.32807], [21.70191, 53.32689], [21.70551, 53.32449], [21.70931, 53.31971], [21.72018, 53.31945], [21.73081, 53.31405], [21.73543, 53.31273], [21.73384, 53.3082], [21.72472, 53.30918], [21.71601, 53.30713], [21.71281, 53.30461], [21.70121, 53.30759], [21.70216, 53.3093], [21.70069, 53.31074], [21.70049, 53.31317], [21.6931, 53.31383], [21.68816, 53.31176], [21.69101, 53.30802], [21.6892, 53.30648], [21.68332, 53.30521], [21.68076, 53.30583], [21.68135, 53.30946], [21.6799, 53.30956], [21.6801, 53.31103], [21.67754, 53.31246], [21.66623, 53.31107], [21.66876, 53.31603], [21.65811, 53.31613], [21.65681, 53.31357], [21.65782, 53.30806], [21.66441, 53.30398], [21.66257, 53.30212], [21.65944, 53.30236], [21.65697, 53.29937], [21.66015, 53.2973], [21.66112, 53.29498], [21.65895, 53.29386], [21.64896, 53.29217], [21.64724, 53.29046], [21.64683, 53.28448], [21.64508, 53.28348], [21.64824, 53.28226], [21.64886, 53.28273], [21.65034, 53.28145], [21.65559, 53.27943], [21.65703, 53.27963], [21.66014, 53.27785], [21.65826, 53.26182], [21.62272, 53.26644], [21.62257, 53.26501], [21.63072, 53.26199], [21.62972, 53.26151], [21.63382, 53.25699], [21.64224, 53.25264], [21.64285, 53.25016], [21.63946, 53.2501], [21.64016, 53.24642], [21.64184, 53.24581], [21.64395, 53.24694], [21.64474, 53.24633], [21.65012, 53.24867], [21.65852, 53.24315], [21.66287, 53.23685], [21.66326, 53.22894], [21.67838, 53.21569], [21.68008, 53.21488], [21.68463, 53.21643], [21.68911, 53.21499], [21.68105, 53.209], [21.67833, 53.21156], [21.66938, 53.20829], [21.66873, 53.20731], [21.67182, 53.20542], [21.67354, 53.20581], [21.67577, 53.2046], [21.67564, 53.19943], [21.67907, 53.19729], [21.68123, 53.19462], [21.67997, 53.19372], [21.67776, 53.19398], [21.67941, 53.19311], [21.67893, 53.19137], [21.6807, 53.1912], [21.67926, 53.19013], [21.68091, 53.18975], [21.67952, 53.18904], [21.68264, 53.18674], [21.68205, 53.18619], [21.68412, 53.18534], [21.68269, 53.18466], [21.68479, 53.18378], [21.68411, 53.18303], [21.68728, 53.18224], [21.68667, 53.18099], [21.68524, 53.18113], [21.68762, 53.17924], [21.68618, 53.17818], [21.69149, 53.17448], [21.6953, 53.17389], [21.69708, 53.16992], [21.70713, 53.16587], [21.70678, 53.16108], [21.7008, 53.15668], [21.69957, 53.15232], [21.69739, 53.15049], [21.69337, 53.14958], [21.69323, 53.14846], [21.6975, 53.14545], [21.70032, 53.14047], [21.69859, 53.13819], [21.69439, 53.13808], [21.72587, 53.11513], [21.73615, 53.1092], [21.75328, 53.11221], [21.753, 53.11404], [21.77229, 53.11282], [21.77539, 53.10898], [21.77871, 53.11233], [21.78442, 53.11199], [21.79006, 53.11322], [21.79162, 53.11436], [21.79898, 53.11298], [21.80418, 53.11282], [21.80873, 53.11519], [21.81304, 53.10916], [21.81851, 53.10469], [21.81848, 53.10355], [21.8171, 53.10292], [21.81817, 53.10169], [21.82712, 53.0961], [21.82957, 53.09152], [21.83458, 53.08732], [21.83686, 53.08758], [21.83939, 53.08621], [21.83766, 53.08485], [21.83869, 53.08422], [21.83758, 53.08391], [21.83892, 53.08306], [21.83847, 53.08228], [21.84022, 53.0809], [21.83873, 53.07979], [21.84278, 53.07898], [21.84329, 53.07811], [21.84201, 53.07704], [21.84346, 53.07585], [21.84751, 53.07612], [21.85363, 53.07265], [21.85749, 53.07273], [21.85738, 53.07182], [21.86038, 53.07167], [21.85882, 53.06413], [21.86212, 53.06169], [21.87178, 53.05896], [21.8777, 53.05883], [21.87795, 53.06012], [21.88114, 53.06042], [21.88369, 53.06028], [21.88576, 53.05876], [21.88741, 53.05941], [21.88919, 53.05862], [21.89428, 53.05934], [21.89664, 53.06074], [21.89793, 53.06047], [21.90308, 53.06504], [21.91034, 53.06684], [21.91388, 53.06926], [21.91526, 53.07224], [21.91255, 53.07433], [21.9126, 53.07591], [21.91851, 53.07892], [21.92305, 53.07922], [21.93877, 53.07449], [21.94111, 53.07151], [21.93787, 53.06823], [21.92456, 53.05923], [21.92231, 53.05039], [21.92264, 53.04625], [21.92778, 53.04508], [21.92845, 53.04399], [21.93968, 53.04593], [21.94004, 53.04289], [21.939, 53.04308], [21.94066, 53.03796], [21.92801, 53.03965], [21.92253, 53.03766], [21.91131, 53.03881], [21.90684, 53.04073], [21.90373, 53.04467], [21.89774, 53.0458], [21.89334, 53.02764], [21.89111, 53.02553], [21.88647, 53.02521], [21.8856, 53.02425], [21.87689, 53.02168], [21.87756, 53.02024], [21.87571, 53.01869], [21.87624, 53.01819], [21.87555, 53.01849], [21.8757, 53.01631], [21.87843, 53.01577], [21.87852, 53.01411], [21.87971, 53.01421], [21.88312, 53.01057], [21.88225, 53.00945], [21.88362, 53.00722], [21.89318, 53.00041], [21.90992, 52.9985], [21.90653, 52.99512], [21.91588, 52.99272], [21.91944, 52.98858], [21.92759, 52.98721], [21.92861, 52.98576], [21.93001, 52.98559], [21.94088, 52.98514], [21.95351, 52.98666], [21.95748, 52.98424], [21.95987, 52.98504], [21.96043, 52.97981], [21.96153, 52.97912], [21.96657, 52.97878], [21.97396, 52.97948], [21.97597, 52.97884], [21.97947, 52.97898], [21.98579, 52.97761], [21.98957, 52.97347], [21.99807, 52.97167], [22.00176, 52.97233], [21.99922, 52.96214], [21.98951, 52.96279], [21.98838, 52.95743], [22.00461, 52.95707], [22.01224, 52.95097], [22.01601, 52.94986], [22.01565, 52.94469], [22.01119, 52.94184], [22.02879, 52.93848], [22.02785, 52.93428], [22.02364, 52.93141], [22.01987, 52.92949], [22.01124, 52.92762], [22.01248, 52.92389], [21.99172, 52.91965], [21.99436, 52.91108], [21.9996, 52.91109], [22.00029, 52.90872], [22.0063, 52.90721], [22.00913, 52.90517], [22.00832, 52.90299], [22.01041, 52.89956], [22.00773, 52.89854], [22.00828, 52.89786], [22.00635, 52.89667], [22.00657, 52.89336], [22.00475, 52.89259], [22.00547, 52.89055], [22.00372, 52.88313], [22.00536, 52.88037], [22.00393, 52.87787], [22.00766, 52.87628], [22.02519, 52.88593], [22.02739, 52.88432], [22.03496, 52.88514], [22.03858, 52.88221], [22.03396, 52.87748], [22.03391, 52.87201], [22.02936, 52.86657], [22.02662, 52.86484], [22.03944, 52.86032], [22.03798, 52.85082], [22.05921, 52.85014], [22.084, 52.84176], [22.08399, 52.84575], [22.10138, 52.86197], [22.11312, 52.84897], [22.12419, 52.8427], [22.14237, 52.8513], [22.1498, 52.84661], [22.17417, 52.85807], [22.20969, 52.8545], [22.20717, 52.88302], [22.21787, 52.88289], [22.21929, 52.88457], [22.22835, 52.88042], [22.23219, 52.88069], [22.24165, 52.87748], [22.24273, 52.87956], [22.25087, 52.87637], [22.25528, 52.8769], [22.25527, 52.87985], [22.2588, 52.88114], [22.26441, 52.88185], [22.26371, 52.88292], [22.26602, 52.88284], [22.26567, 52.88336], [22.26899, 52.88488], [22.27936, 52.88613], [22.28363, 52.87903], [22.29172, 52.87117], [22.29318, 52.87111], [22.28455, 52.86432], [22.28143, 52.85538], [22.27911, 52.85539], [22.27826, 52.84813], [22.28032, 52.84789], [22.28129, 52.85035], [22.28282, 52.85083], [22.28161, 52.84775], [22.28221, 52.84614], [22.28498, 52.84874], [22.2871, 52.85395], [22.28871, 52.85331], [22.29124, 52.85528], [22.2928, 52.85444], [22.29863, 52.85767], [22.30133, 52.85812], [22.30224, 52.85747], [22.30115, 52.85681], [22.30313, 52.85601], [22.30741, 52.85774], [22.30912, 52.84878], [22.30512, 52.83943], [22.30082, 52.83986], [22.29954, 52.83711], [22.29352, 52.83692], [22.29369, 52.83629], [22.28806, 52.83547], [22.27472, 52.8318], [22.27154, 52.83934], [22.27677, 52.83964], [22.27541, 52.8399], [22.2752, 52.84094], [22.27655, 52.84179], [22.26942, 52.84252], [22.26608, 52.8441], [22.26115, 52.84425], [22.26253, 52.83649], [22.25389, 52.83548], [22.25258, 52.83507], [22.25229, 52.83385], [22.24369, 52.83448], [22.24245, 52.83276], [22.24894, 52.83227], [22.25174, 52.8314], [22.25007, 52.82807], [22.25106, 52.82578], [22.25595, 52.82127], [22.256, 52.82021], [22.25764, 52.82007], [22.25827, 52.81747], [22.26236, 52.81536], [22.27495, 52.79236], [22.27836, 52.78932], [22.27986, 52.78516], [22.2766, 52.78364], [22.27915, 52.78288], [22.28086, 52.78361], [22.28416, 52.77805], [22.2905, 52.779], [22.29288, 52.78053], [22.29766, 52.78136], [22.30142, 52.78327], [22.30123, 52.77473], [22.30801, 52.77443], [22.30751, 52.77182], [22.29998, 52.77212], [22.29957, 52.76947], [22.30366, 52.76955], [22.30382, 52.76684], [22.29663, 52.76644], [22.29651, 52.76571], [22.29637, 52.76483], [22.30201, 52.76509], [22.2999, 52.75408], [22.31102, 52.75518], [22.30366, 52.74798], [22.3143, 52.74705], [22.31418, 52.74593], [22.31819, 52.74764], [22.32374, 52.74828], [22.32421, 52.74212], [22.33441, 52.74046], [22.33851, 52.751], [22.33709, 52.75154], [22.33736, 52.75417], [22.34254, 52.75449], [22.34695, 52.75739], [22.34355, 52.76276], [22.34096, 52.76496], [22.34138, 52.7696], [22.34333, 52.77232], [22.34463, 52.77778], [22.35391, 52.77534], [22.37614, 52.77837], [22.38262, 52.77763], [22.38559, 52.78432], [22.38806, 52.78429], [22.37863, 52.79443], [22.38966, 52.79546], [22.3983, 52.79504], [22.39911, 52.79498], [22.39846, 52.79334], [22.40133, 52.79317], [22.408, 52.79484], [22.40777, 52.79359], [22.42208, 52.79222], [22.43346, 52.79218], [22.45382, 52.78823], [22.4532, 52.78256], [22.46005, 52.77313], [22.46073, 52.77067], [22.45538, 52.76859], [22.45323, 52.76529], [22.45106, 52.76045], [22.4504, 52.75043], [22.44595, 52.74609], [22.44421, 52.74178], [22.44743, 52.73823], [22.44721, 52.72819], [22.44158, 52.71868], [22.44221, 52.71743], [22.4392, 52.71344], [22.43925, 52.70947], [22.43561, 52.70107], [22.43511, 52.69622], [22.4394, 52.6879], [22.44472, 52.6821], [22.44582, 52.67457], [22.44403, 52.67167], [22.44257, 52.66466], [22.4501, 52.65432], [22.45035, 52.6527], [22.45453, 52.65144], [22.45574, 52.65278], [22.46771, 52.64899], [22.47148, 52.64987], [22.47378, 52.64861], [22.47357, 52.64625], [22.47055, 52.64365], [22.46777, 52.64459], [22.46618, 52.64614], [22.46233, 52.64543], [22.46188, 52.64281], [22.46529, 52.64134], [22.46191, 52.63897], [22.4593, 52.6389], [22.45667, 52.63988], [22.45441, 52.63936], [22.44951, 52.63996], [22.44892, 52.6378], [22.45036, 52.63311], [22.44915, 52.63205], [22.45117, 52.62859], [22.45086, 52.62435], [22.44606, 52.62234], [22.44265, 52.62373], [22.44115, 52.62358], [22.43858, 52.62072], [22.43411, 52.62111], [22.43224, 52.62061], [22.43208, 52.61741], [22.42534, 52.61521], [22.41985, 52.61492], [22.41945, 52.61403], [22.42122, 52.61177], [22.41911, 52.60939], [22.40859, 52.60969], [22.41741, 52.59945], [22.42248, 52.59719], [22.43752, 52.59294], [22.44539, 52.58756], [22.44792, 52.58684], [22.45752, 52.58662], [22.45788, 52.58139], [22.46212, 52.57516], [22.4627, 52.57209], [22.46688, 52.56725], [22.4693, 52.56518], [22.48367, 52.56069], [22.48849, 52.55574], [22.48912, 52.54852], [22.49016, 52.54707], [22.50025, 52.54342], [22.50364, 52.53738], [22.51479, 52.5308], [22.52668, 52.52118], [22.52741, 52.51903], [22.52021, 52.51522], [22.51996, 52.50625], [22.51011, 52.49024], [22.51203, 52.48126], [22.51644, 52.47701], [22.52501, 52.47206], [22.52973, 52.46159], [22.5436, 52.4671], [22.54868, 52.46782], [22.5519, 52.46608], [22.55423, 52.46317], [22.55336, 52.45986], [22.54709, 52.45468], [22.54594, 52.45262], [22.54475, 52.44525], [22.54144, 52.43935], [22.54127, 52.4381], [22.54401, 52.43509], [22.54188, 52.42421], [22.54299, 52.42214], [22.54572, 52.42056], [22.55248, 52.41883], [22.55776, 52.41641], [22.56285, 52.41053], [22.56346, 52.40652], [22.56626, 52.40343], [22.56778, 52.40284], [22.57302, 52.40395], [22.5783, 52.40267], [22.57969, 52.40077], [22.57833, 52.39529], [22.5804, 52.39315], [22.58389, 52.39326], [22.58902, 52.39736], [22.59192, 52.39859], [22.60025, 52.39816], [22.60579, 52.39895], [22.61167, 52.39489], [22.61246, 52.38872], [22.61627, 52.38753], [22.61882, 52.38783], [22.62232, 52.39208], [22.62761, 52.39296], [22.63038, 52.39265], [22.64325, 52.38831], [22.65302, 52.39227], [22.65836, 52.39325], [22.66009, 52.39211], [22.65981, 52.38864], [22.66112, 52.38719], [22.66474, 52.38567], [22.66633, 52.38574], [22.67732, 52.39101], [22.68685, 52.39296], [22.70671, 52.39224], [22.71383, 52.38494], [22.72283, 52.38326], [22.72213, 52.37971], [22.72397, 52.37708], [22.72115, 52.37472], [22.72086, 52.37341], [22.72327, 52.3718], [22.72513, 52.36707], [22.72793, 52.36634], [22.7308, 52.36657], [22.73314, 52.36818], [22.73382, 52.3703], [22.73284, 52.37461], [22.73949, 52.3815], [22.7526, 52.38398], [22.75979, 52.38289], [22.76231, 52.38163], [22.76492, 52.37537], [22.7705, 52.37135], [22.77604, 52.37046], [22.78903, 52.3737], [22.79318, 52.37407], [22.80588, 52.37075], [22.81113, 52.36827], [22.8158, 52.36715], [22.82564, 52.36633], [22.83936, 52.36052], [22.84952, 52.35858], [22.85126, 52.35879], [22.85779, 52.36355], [22.8616, 52.36448], [22.8655, 52.36418], [22.8706, 52.36217], [22.8917, 52.3647], [22.90703, 52.37059], [22.91972, 52.37448], [22.9292, 52.37359], [22.95716, 52.36824], [22.96428, 52.36483], [22.97077, 52.35822], [22.97727, 52.34625], [22.97992, 52.34546], [22.98517, 52.34647], [22.98935, 52.3454], [22.98608, 52.3393], [22.99558, 52.33189], [22.99799, 52.33188], [22.999, 52.3345], [23.00206, 52.33618], [23.00619, 52.33639], [23.01604, 52.33224], [23.0241, 52.33217], [23.03807, 52.32923], [23.04522, 52.32484], [23.05014, 52.31823], [23.05276, 52.31095], [23.05888, 52.30413], [23.05776, 52.29957], [23.05203, 52.29616], [23.04832, 52.2915], [23.04817, 52.28875], [23.05141, 52.28544], [23.06319, 52.28211], [23.06821, 52.28159], [23.07546, 52.28214], [23.07964, 52.2839], [23.08817, 52.29063], [23.09524, 52.29297], [23.10032, 52.29657], [23.10687, 52.29913], [23.11231, 52.30008], [23.11545, 52.29944], [23.11996, 52.29625], [23.12841, 52.28784], [23.10423, 52.26541], [23.11006, 52.26133], [23.10241, 52.25361], [23.09479, 52.2565], [23.09039, 52.25194], [23.07807, 52.23495], [23.06946, 52.23665], [23.06584, 52.23663], [23.04378, 52.22393], [23.04161, 52.22432], [23.04175, 52.22236], [23.04132, 52.22273], [23.0339, 52.2193], [23.03129, 52.21645], [23.03003, 52.2077], [23.03187, 52.1984], [23.03522, 52.192], [23.0382, 52.18874], [23.03967, 52.18391], [23.04311, 52.18176], [23.05259, 52.17861], [23.06187, 52.17735], [23.0655, 52.17528], [23.06949, 52.17477], [23.07246, 52.17214], [23.07148, 52.17042], [23.03417, 52.17857], [23.02941, 52.17824], [23.02925, 52.17401], [22.99518, 52.1749], [22.99276, 52.17362], [22.97695, 52.17225], [22.98166, 52.16175], [22.9859, 52.15886], [22.94223, 52.14468], [22.94549, 52.14055], [22.93901, 52.14256], [22.93303, 52.13651], [22.93844, 52.13322], [22.94631, 52.12563], [22.95129, 52.12391], [22.95608, 52.12021], [22.95938, 52.12027], [22.96723, 52.11758], [22.96823, 52.1154], [22.95009, 52.10221], [22.92797, 52.11157], [22.92241, 52.10678], [22.9082, 52.1099], [22.90748, 52.10922], [22.90264, 52.11025], [22.89289, 52.10196], [22.89793, 52.10138], [22.88746, 52.09202], [22.8942, 52.09133], [22.89544, 52.08197], [22.89835, 52.07941], [22.90167, 52.07749], [22.90739, 52.07704], [22.90219, 52.06353], [22.86792, 52.06597], [22.86819, 52.06493], [22.86659, 52.0636], [22.86574, 52.06425], [22.86741, 52.0666], [22.86741, 52.06874], [22.86877, 52.06946], [22.86568, 52.07244], [22.84993, 52.06557], [22.84741, 52.07033], [22.84263, 52.07383], [22.83747, 52.07987], [22.83559, 52.08077], [22.83015, 52.08142], [22.80629, 52.07922], [22.80437, 52.07736], [22.78998, 52.06999], [22.78873, 52.06835], [22.78359, 52.06859], [22.78254, 52.0692], [22.78293, 52.07146], [22.78178, 52.07315], [22.76943, 52.07847], [22.76765, 52.08064], [22.76505, 52.0814], [22.76116, 52.08705], [22.76248, 52.08975], [22.76014, 52.09165], [22.75499, 52.09355], [22.75386, 52.09497], [22.74712, 52.09517], [22.74151, 52.09623], [22.74169, 52.0969], [22.73078, 52.0963], [22.72625, 52.09711], [22.72237, 52.09847], [22.72132, 52.10082], [22.71579, 52.10369], [22.70661, 52.10546], [22.69847, 52.1082], [22.69943, 52.11777], [22.68365, 52.11008], [22.67993, 52.10964], [22.66898, 52.10539], [22.66708, 52.10331], [22.65477, 52.09547], [22.65055, 52.09367], [22.64829, 52.09086], [22.65744, 52.08717], [22.66598, 52.08112], [22.66672, 52.07961], [22.66629, 52.07597], [22.66506, 52.07485], [22.66559, 52.07253], [22.66379, 52.07046], [22.66768, 52.06772], [22.66588, 52.06505], [22.66842, 52.06409], [22.66914, 52.06273], [22.66612, 52.05968], [22.66519, 52.05385], [22.66275, 52.05077], [22.66452, 52.04688], [22.6599, 52.03971], [22.66136, 52.03659], [22.6548, 52.03538], [22.65048, 52.03262], [22.64369, 52.03262], [22.64006, 52.03159], [22.63773, 52.03215], [22.63375, 52.03104], [22.63192, 52.02857], [22.62968, 52.02788], [22.62896, 52.02396], [22.6229, 52.01874], [22.6168, 52.01909], [22.60867, 52.02734], [22.60814, 52.03172], [22.60901, 52.0324], [22.60736, 52.03268], [22.60828, 52.03696], [22.58565, 52.0374], [22.5864, 52.04208], [22.58145, 52.04062], [22.57661, 52.03803], [22.57276, 52.0381], [22.56733, 52.04009], [22.56104, 52.04081], [22.5475, 52.04452], [22.54835, 52.05093], [22.53935, 52.05015], [22.52809, 52.05108], [22.52036, 52.05729], [22.52163, 52.06357], [22.51689, 52.06443], [22.51538, 52.06571], [22.51595, 52.06838], [22.50893, 52.06845], [22.50547, 52.06993], [22.5043, 52.06933], [22.49621, 52.06902], [22.48329, 52.06723], [22.48107, 52.06023], [22.47821, 52.06107], [22.46986, 52.05412], [22.46959, 52.04895], [22.46789, 52.04932], [22.46351, 52.045], [22.46263, 52.03824], [22.45823, 52.03731], [22.456, 52.02962], [22.45372, 52.02863], [22.44394, 52.02981], [22.44202, 52.02783], [22.44118, 52.02218], [22.43353, 52.01743], [22.43195, 52.01795], [22.42504, 52.01503], [22.41264, 52.01522], [22.40926, 52.01416], [22.4026, 52.01415], [22.38461, 52.01631], [22.3817, 52.01577], [22.38042, 52.0166], [22.37192, 52.00696], [22.36293, 52.00381], [22.35982, 52.00162], [22.35009, 52.0002], [22.34435, 51.996], [22.33463, 51.9985], [22.32705, 52.00301], [22.32222, 52.00674], [22.32052, 52.00972], [22.31622, 52.01345], [22.31688, 52.01584], [22.32105, 52.01885], [22.32446, 52.02293], [22.32268, 52.03689], [22.29746, 52.03746], [22.2948, 52.02765], [22.28724, 52.0279], [22.28949, 52.02484], [22.28562, 52.01926], [22.28091, 52.01612], [22.27165, 52.01341], [22.26798, 52.01095], [22.25364, 52.00451], [22.25097, 52.00513], [22.24203, 52.00969], [22.23515, 52.00996], [22.22812, 52.01103], [22.22152, 52.01301], [22.2122, 52.01379], [22.15191, 52.02835], [22.14786, 52.02536], [22.14618, 52.0147], [22.13861, 52.00681], [22.13128, 52.00407], [22.11933, 52.00322], [22.11454, 52.00147], [22.1119, 52.00256], [22.07631, 52.00597], [22.06422, 52.01009], [22.05715, 52.01486], [22.05113, 52.02054], [22.04405, 52.02174], [22.02985, 52.02171], [22.02652, 52.01574], [22.01355, 52.01062], [22.00643, 52.00894], [21.99768, 52.01214], [21.98685, 52.00077], [21.97146, 51.99264], [21.96853, 51.98898], [21.96696, 51.98884], [21.96335, 51.99027], [21.96393, 51.99094], [21.96238, 51.99159], [21.96104, 51.99131], [21.95473, 51.99311], [21.94888, 51.99242], [21.94556, 51.99304], [21.94459, 51.99231], [21.94163, 51.9925], [21.94025, 51.99192], [21.93419, 51.99319], [21.93166, 51.98819], [21.92061, 51.98204], [21.92155, 51.98088], [21.91002, 51.97771], [21.90281, 51.98048], [21.89297, 51.97405], [21.88031, 51.97103], [21.87683, 51.95431], [21.8695, 51.95358], [21.86638, 51.94343], [21.87541, 51.93998], [21.87824, 51.93308], [21.88051, 51.93099], [21.89011, 51.92844], [21.88894, 51.92649], [21.88922, 51.92226], [21.88766, 51.91478], [21.88557, 51.91181], [21.89628, 51.90685], [21.90802, 51.90302], [21.90271, 51.89678], [21.91031, 51.89107], [21.91285, 51.88653], [21.89721, 51.88324], [21.90015, 51.87573], [21.89246, 51.87014], [21.88583, 51.8603], [21.89041, 51.85715], [21.86717, 51.85426], [21.85211, 51.84971], [21.85109, 51.851], [21.84855, 51.85093], [21.84894, 51.84996], [21.84796, 51.84954], [21.8448, 51.84954], [21.84532, 51.84124], [21.85091, 51.84142], [21.85182, 51.83991], [21.85708, 51.8396], [21.85858, 51.83706], [21.85598, 51.83383], [21.85859, 51.82921], [21.86062, 51.82845], [21.86044, 51.83088], [21.86649, 51.82946], [21.87102, 51.82967], [21.87038, 51.83507], [21.87125, 51.83553], [21.89463, 51.83279], [21.89528, 51.83622], [21.89666, 51.83665], [21.89839, 51.83561], [21.90215, 51.83644], [21.90958, 51.83488], [21.91114, 51.83639], [21.91243, 51.83628], [21.91355, 51.83813], [21.91727, 51.83957], [21.92742, 51.83792], [21.92626, 51.83401], [21.93374, 51.83216], [21.93459, 51.82938], [21.9422, 51.82597], [21.94384, 51.82227], [21.94443, 51.81729], [21.94351, 51.81595], [21.94583, 51.80881], [21.95066, 51.80943], [21.95058, 51.80469], [21.95269, 51.80461], [21.95289, 51.79558], [21.95651, 51.79595], [21.95642, 51.79381], [21.95148, 51.79505], [21.94749, 51.79068], [21.94622, 51.78758], [21.94471, 51.78679], [21.93523, 51.78537], [21.92715, 51.77875], [21.92197, 51.77787], [21.91531, 51.7806], [21.90031, 51.77758], [21.89733, 51.7688], [21.89036, 51.77038], [21.88077, 51.77082], [21.87066, 51.7687], [21.86656, 51.76866], [21.86524, 51.76373], [21.86325, 51.76432], [21.85974, 51.76215], [21.85912, 51.76017], [21.85775, 51.75946], [21.85266, 51.75954], [21.84441, 51.75838], [21.84518, 51.75286], [21.84057, 51.74938], [21.83591, 51.74942], [21.83529, 51.74445], [21.83575, 51.7438], [21.84158, 51.74358], [21.84158, 51.74306], [21.84799, 51.74294], [21.84778, 51.73686], [21.85754, 51.73475], [21.85765, 51.73521], [21.86711, 51.73252], [21.87079, 51.73284], [21.87366, 51.72873], [21.87338, 51.72452], [21.86983, 51.72082], [21.87268, 51.71974], [21.87422, 51.71804], [21.87676, 51.7117], [21.88433, 51.71106], [21.8853, 51.70813], [21.901, 51.70705], [21.90224, 51.70658], [21.90333, 51.70416], [21.89841, 51.70166], [21.89832, 51.70059], [21.89542, 51.69879], [21.89534, 51.69728], [21.88902, 51.69667], [21.88174, 51.69365], [21.87998, 51.69363], [21.88072, 51.69168], [21.87785, 51.68846], [21.8798, 51.68849], [21.87775, 51.67658], [21.85996, 51.67746], [21.85568, 51.68018], [21.85581, 51.67724], [21.85818, 51.67256], [21.8562, 51.66868], [21.85184, 51.66899], [21.8487, 51.6711], [21.84769, 51.67346], [21.84497, 51.67316], [21.84591, 51.66768], [21.84055, 51.66734], [21.84183, 51.65943], [21.84005, 51.66031], [21.83872, 51.65222], [21.83071, 51.65231], [21.83063, 51.64823], [21.80278, 51.64684], [21.80272, 51.64861], [21.80164, 51.64932], [21.79842, 51.65027], [21.79193, 51.65075], [21.78895, 51.64954], [21.78714, 51.64615], [21.7844, 51.644], [21.78231, 51.64358], [21.77798, 51.64416], [21.77729, 51.64249], [21.77495, 51.64581], [21.77479, 51.64873], [21.77188, 51.64767], [21.77582, 51.64242], [21.76002, 51.64041], [21.75852, 51.63827], [21.75872, 51.63487], [21.76151, 51.63344], [21.76243, 51.63034], [21.75726, 51.62813], [21.75532, 51.62903], [21.75514, 51.62553], [21.74922, 51.61205], [21.72674, 51.61806], [21.7221, 51.63741], [21.71306, 51.63397], [21.71335, 51.63555], [21.71013, 51.63649], [21.71098, 51.63682], [21.70915, 51.6377], [21.70836, 51.63691], [21.70697, 51.63757], [21.70846, 51.6382], [21.70627, 51.63933], [21.70487, 51.63967], [21.70424, 51.63883], [21.69843, 51.64141], [21.69915, 51.64161], [21.69424, 51.64312], [21.69449, 51.64379], [21.68916, 51.6439], [21.68666, 51.64582], [21.68541, 51.64517], [21.67181, 51.65007], [21.67054, 51.65342], [21.66968, 51.65219], [21.66797, 51.65276], [21.66717, 51.65191], [21.65245, 51.65851], [21.65247, 51.65923], [21.64723, 51.6603], [21.64631, 51.65855], [21.64202, 51.65809], [21.63903, 51.65692], [21.63623, 51.65432], [21.63568, 51.65204], [21.6378, 51.65103], [21.63939, 51.64771], [21.6362, 51.64625], [21.64049, 51.64432], [21.64009, 51.62589], [21.63677, 51.62656], [21.63492, 51.62513], [21.63415, 51.62622], [21.63172, 51.62499], [21.62529, 51.6239], [21.61554, 51.61756], [21.62763, 51.60901], [21.64487, 51.6045], [21.65024, 51.60159], [21.65302, 51.59653], [21.65355, 51.58577], [21.65749, 51.58108], [21.66383, 51.57902], [21.67932, 51.57702], [21.69476, 51.57047], [21.71314, 51.56837], [21.72529, 51.56553], [21.73945, 51.56387], [21.75581, 51.56045], [21.76421, 51.56142], [21.77839, 51.56756], [21.78522, 51.56884], [21.79095, 51.56849], [21.80461, 51.56563], [21.81735, 51.56416], [21.82489, 51.5616], [21.82935, 51.55801], [21.83238, 51.55295], [21.83311, 51.54584], [21.83175, 51.53949], [21.83273, 51.53623], [21.83952, 51.53032], [21.8438, 51.52167], [21.8528, 51.51419], [21.85555, 51.5096], [21.855, 51.50259], [21.849, 51.49557], [21.84729, 51.49211], [21.84695, 51.48878], [21.8482, 51.48466], [21.85136, 51.48083], [21.85562, 51.478], [21.86375, 51.47532], [21.87318, 51.47491], [21.87399, 51.47161], [21.86671, 51.46126], [21.86064, 51.45707], [21.85829, 51.45162], [21.85448, 51.44753], [21.85601, 51.44452], [21.85057, 51.4361], [21.85104, 51.43061], [21.84102, 51.42142], [21.8397, 51.41753], [21.83318, 51.41725], [21.835, 51.42058], [21.83282, 51.42282], [21.82718, 51.42441], [21.82826, 51.42577], [21.81345, 51.4275], [21.81272, 51.42916], [21.80125, 51.42758], [21.79987, 51.42399], [21.79767, 51.42219], [21.79415, 51.42169], [21.7938, 51.42068], [21.78757, 51.42013], [21.78556, 51.41493], [21.78155, 51.41552], [21.78009, 51.41164], [21.76774, 51.41351], [21.76135, 51.40578], [21.76401, 51.4022], [21.76096, 51.40125], [21.76849, 51.39109], [21.77992, 51.39428], [21.78155, 51.39615], [21.78447, 51.3975], [21.79283, 51.39522], [21.78982, 51.39488], [21.79106, 51.39073], [21.7972, 51.38232], [21.80665, 51.37504], [21.81171, 51.37779], [21.81598, 51.37159], [21.82526, 51.3759], [21.83216, 51.38049], [21.83452, 51.37754], [21.83794, 51.37857], [21.84682, 51.36469], [21.84796, 51.36502], [21.85375, 51.35173], [21.85113, 51.35199], [21.84894, 51.35339], [21.84545, 51.35414], [21.84168, 51.35067], [21.83327, 51.34536], [21.83036, 51.34115], [21.82952, 51.34129], [21.82834, 51.33928], [21.83506, 51.33784], [21.83278, 51.33395], [21.83659, 51.33261], [21.83559, 51.33088], [21.83385, 51.3311], [21.83001, 51.32803], [21.82904, 51.32631], [21.83119, 51.32596], [21.8245, 51.31485], [21.82744, 51.31336], [21.82472, 51.31389], [21.8234, 51.30335], [21.81937, 51.30271], [21.81958, 51.29993], [21.8145, 51.30003], [21.81435, 51.30229], [21.81052, 51.30169], [21.80892, 51.29917], [21.79546, 51.29527], [21.79609, 51.29394], [21.79384, 51.29316], [21.79261, 51.29442], [21.78934, 51.29356], [21.78312, 51.2938], [21.78682, 51.28498], [21.79174, 51.28524], [21.79179, 51.28664], [21.79501, 51.28631], [21.79573, 51.28681], [21.79418, 51.28801], [21.80098, 51.28875], [21.80245, 51.28951], [21.80277, 51.29091], [21.80658, 51.29028], [21.81181, 51.2916], [21.81711, 51.28916], [21.81402, 51.28692], [21.81438, 51.28599], [21.8124, 51.28528], [21.81635, 51.28353], [21.8167, 51.28229], [21.82302, 51.28068], [21.82519, 51.28279], [21.82999, 51.28457], [21.83129, 51.28909], [21.83431, 51.28841], [21.83484, 51.28893], [21.83828, 51.28752], [21.83637, 51.28354], [21.86011, 51.2747], [21.85622, 51.27428], [21.84909, 51.27048], [21.83937, 51.26919], [21.83049, 51.2668], [21.81248, 51.25793], [21.81196, 51.25601], [21.80824, 51.25434], [21.80819, 51.24527], [21.81327, 51.23993], [21.81394, 51.23554], [21.81655, 51.23059], [21.80835, 51.2268], [21.80794, 51.22487], [21.80362, 51.22021], [21.80119, 51.2207], [21.80004, 51.21676], [21.79462, 51.20822], [21.78846, 51.20153], [21.78676, 51.19313], [21.78323, 51.18423], [21.78331, 51.17905], [21.79253, 51.18014], [21.78987, 51.17666], [21.79194, 51.17136], [21.78869, 51.16625], [21.78605, 51.15927], [21.78485, 51.15057], [21.78701, 51.14521], [21.79151, 51.14065], [21.7994, 51.13475], [21.79956, 51.12715], [21.79277, 51.12708], [21.79047, 51.11586], [21.79307, 51.09961], [21.79766, 51.09527], [21.79981, 51.08705], [21.79803, 51.08242], [21.79963, 51.07623], [21.803, 51.07208], [21.79717, 51.07152], [21.79193, 51.06793], [21.78515, 51.06894], [21.78211, 51.06359], [21.78183, 51.06078], [21.78956, 51.0595], [21.78587, 51.05752], [21.78442, 51.05368], [21.77718, 51.05325], [21.77247, 51.04889], [21.78069, 51.04549], [21.77938, 51.04221], [21.77785, 51.04241], [21.77758, 51.04165], [21.77013, 51.04296], [21.76071, 51.04284], [21.75826, 51.04203], [21.75787, 51.03948], [21.75899, 51.03734], [21.75209, 51.0374], [21.74342, 51.04118], [21.74101, 51.04093], [21.73674, 51.04323], [21.73471, 51.04532], [21.72993, 51.04734], [21.72732, 51.04409], [21.72607, 51.04508], [21.72404, 51.04315], [21.72136, 51.0435], [21.72233, 51.04216], [21.72237, 51.04126], [21.72172, 51.0422], [21.72126, 51.04113], [21.72003, 51.04168], [21.71854, 51.04077], [21.71821, 51.04166], [21.71568, 51.04239], [21.71196, 51.04149], [21.70825, 51.04285], [21.70504, 51.04294], [21.70221, 51.04795], [21.69761, 51.05116], [21.69634, 51.05692], [21.6919, 51.06543], [21.68656, 51.06989], [21.68268, 51.07051], [21.67624, 51.07802], [21.6496, 51.06945], [21.64029, 51.07626], [21.62687, 51.07338], [21.61204, 51.07609], [21.61501, 51.07259], [21.62387, 51.07098], [21.63016, 51.06339], [21.61911, 51.05972], [21.61437, 51.06534], [21.59015, 51.05775], [21.58978, 51.05857], [21.58324, 51.05803], [21.5818, 51.06073], [21.57815, 51.06005], [21.57278, 51.05793], [21.56046, 51.05553], [21.55689, 51.05271], [21.54474, 51.04715], [21.5421, 51.05698], [21.53467, 51.05643], [21.53283, 51.06233], [21.529, 51.06053], [21.52906, 51.05902], [21.51289, 51.05606], [21.51224, 51.05949], [21.50906, 51.05803], [21.51299, 51.053], [21.51022, 51.05419], [21.51002, 51.05227], [21.50474, 51.05178], [21.50663, 51.05028], [21.4996, 51.0451], [21.51688, 51.0365], [21.4899, 51.03965], [21.48742, 51.03793], [21.48609, 51.03567], [21.48916, 51.03439], [21.49796, 51.03344], [21.49773, 51.03263], [21.49977, 51.03204], [21.50493, 51.03174], [21.50168, 51.03062], [21.49961, 51.02888], [21.49246, 51.02764], [21.48587, 51.02381], [21.496, 51.02164], [21.47716, 51.01797], [21.46964, 51.01583], [21.46357, 51.01311], [21.44323, 51.02279], [21.42847, 51.02571], [21.43131, 51.02951], [21.41105, 51.03216], [21.41077, 51.03083], [21.40254, 51.03273], [21.40483, 51.0354], [21.38176, 51.04062], [21.3831, 51.05828], [21.3719, 51.05876], [21.37043, 51.06548], [21.36531, 51.06633], [21.36561, 51.06489], [21.35422, 51.06616], [21.3536, 51.06711], [21.35638, 51.07742], [21.35567, 51.08249], [21.35311, 51.08194], [21.35348, 51.08413], [21.35564, 51.08419], [21.35553, 51.08526], [21.15275, 51.08029], [21.15583, 51.08619], [21.15193, 51.08701], [21.15086, 51.09954], [21.15285, 51.10376], [21.16024, 51.10223], [21.15806, 51.11492], [21.15614, 51.11489], [21.15397, 51.12548], [21.16098, 51.12544], [21.16414, 51.12853], [21.14822, 51.12853], [21.1453, 51.12564], [21.13948, 51.12563], [21.14242, 51.12851], [21.13421, 51.1285], [21.13419, 51.13481], [21.12826, 51.13484], [21.12819, 51.14088], [21.09122, 51.15509], [21.09161, 51.15633], [21.09029, 51.15642], [21.09668, 51.1647], [21.09805, 51.16471], [21.10323, 51.16889], [21.1089, 51.17489], [21.11734, 51.18013], [21.11991, 51.18866], [21.11829, 51.19171], [21.10785, 51.19325], [21.11064, 51.20079], [21.07, 51.21146], [21.06838, 51.20694], [21.07508, 51.19805], [21.07334, 51.18539], [21.07004, 51.17425], [21.05656, 51.15711], [21.04475, 51.1563], [21.03522, 51.15841], [21.02288, 51.15858], [21.01896, 51.15464], [21.02229, 51.1545], [21.02027, 51.15242], [21.0262, 51.15236], [21.02429, 51.1504], [20.99844, 51.14445], [20.99443, 51.1461], [20.99829, 51.14992], [20.99317, 51.15202], [21.00083, 51.15957], [20.96537, 51.17385], [20.96801, 51.17657], [20.92072, 51.19534], [20.91363, 51.18824], [20.91107, 51.18924], [20.9082, 51.17825], [20.90488, 51.1795], [20.87979, 51.15443], [20.85916, 51.16638], [20.85929, 51.16932], [20.85366, 51.17292], [20.85, 51.17062], [20.8216, 51.17845], [20.80915, 51.1612], [20.82175, 51.15779], [20.81302, 51.14584], [20.78773, 51.15278], [20.78221, 51.14533], [20.77263, 51.14803], [20.7661, 51.14989], [20.77122, 51.15698], [20.72289, 51.17092], [20.72306, 51.17235], [20.71838, 51.17275], [20.71253, 51.16832], [20.7155, 51.16713], [20.7125, 51.16681], [20.70677, 51.16186], [20.69741, 51.14897], [20.69324, 51.15016], [20.69522, 51.1517], [20.68548, 51.15124], [20.68494, 51.15442], [20.68789, 51.15621], [20.68868, 51.1588], [20.68416, 51.1666], [20.68528, 51.17363], [20.68754, 51.17547], [20.69212, 51.17675], [20.69698, 51.17942], [20.69893, 51.17947], [20.70199, 51.18203], [20.70269, 51.18494], [20.70029, 51.196], [20.6893, 51.198], [20.69134, 51.19899], [20.69001, 51.20094], [20.68909, 51.2007], [20.68679, 51.20272], [20.68978, 51.20238], [20.68815, 51.20377], [20.69077, 51.20546], [20.68867, 51.20541], [20.6868, 51.20398], [20.68339, 51.20397], [20.67788, 51.20689], [20.6774, 51.20958], [20.65585, 51.2168], [20.64693, 51.21757], [20.64436, 51.21858], [20.64196, 51.22107], [20.63304, 51.22344], [20.63126, 51.22675], [20.62169, 51.23006], [20.61765, 51.23329], [20.61418, 51.23688], [20.61391, 51.23995], [20.60821, 51.24367], [20.6073, 51.24688], [20.60056, 51.24623], [20.60032, 51.24456], [20.57904, 51.24469], [20.57311, 51.24166], [20.56829, 51.2377], [20.56599, 51.23155], [20.55665, 51.23024], [20.54612, 51.2304], [20.54366, 51.23118], [20.53746, 51.24564], [20.53315, 51.24766], [20.53651, 51.24817], [20.53433, 51.25183], [20.53917, 51.25464], [20.52482, 51.26041], [20.53703, 51.26965], [20.52929, 51.2734], [20.53326, 51.27652], [20.5255, 51.28039], [20.52125, 51.27728], [20.50156, 51.28688], [20.51082, 51.29422], [20.50922, 51.29571], [20.49785, 51.29297], [20.4945, 51.29869], [20.49263, 51.3073], [20.49804, 51.31068], [20.49995, 51.31055], [20.50231, 51.30906], [20.51328, 51.3081], [20.51154, 51.31361], [20.51421, 51.31661], [20.51489, 51.31543], [20.51738, 51.31658], [20.51651, 51.31938], [20.50851, 51.33014], [20.50718, 51.33139], [20.46389, 51.33175], [20.46347, 51.3364], [20.45566, 51.33618], [20.45622, 51.33805], [20.45416, 51.33718], [20.45291, 51.33844], [20.44968, 51.33929], [20.43317, 51.34247], [20.43284, 51.33938], [20.43097, 51.33936], [20.43069, 51.34658], [20.42963, 51.34667], [20.42819, 51.35155], [20.427, 51.35123], [20.42644, 51.3518], [20.42591, 51.35396], [20.42289, 51.3536], [20.42204, 51.36145], [20.41681, 51.36165], [20.418, 51.36268], [20.42203, 51.36312], [20.42975, 51.36945], [20.4268, 51.3711], [20.42908, 51.37124], [20.4298, 51.37466], [20.42782, 51.37482], [20.42836, 51.37763], [20.43144, 51.38036], [20.4312, 51.38148], [20.43369, 51.38291], [20.43469, 51.38496], [20.43413, 51.38733], [20.43632, 51.39034], [20.43848, 51.39092], [20.44271, 51.39458], [20.44428, 51.39426], [20.44228, 51.39588], [20.44233, 51.39843], [20.4467, 51.40995], [20.45025, 51.41441], [20.45347, 51.41342], [20.45197, 51.41171], [20.45497, 51.41048], [20.4548, 51.40916], [20.45818, 51.40944], [20.45871, 51.40888], [20.45975, 51.40971], [20.46518, 51.40899], [20.46781, 51.40971], [20.47167, 51.40846], [20.47879, 51.41007], [20.48039, 51.40973], [20.48453, 51.41296], [20.48701, 51.41267], [20.48401, 51.41526], [20.48635, 51.41784], [20.48829, 51.41859], [20.48962, 51.42035], [20.48921, 51.42147], [20.49096, 51.42176], [20.49286, 51.42515], [20.49169, 51.42528], [20.48948, 51.42804], [20.48854, 51.42797], [20.48902, 51.42921], [20.485, 51.43149], [20.48752, 51.43268], [20.48757, 51.43353], [20.4859, 51.43372], [20.4864, 51.43494], [20.48423, 51.43599], [20.48422, 51.43701], [20.48704, 51.43842], [20.48766, 51.44102], [20.49769, 51.4418], [20.49718, 51.44607], [20.49525, 51.44659], [20.49705, 51.44677], [20.49674, 51.44841], [20.51243, 51.45088], [20.51858, 51.45427], [20.52454, 51.45609], [20.52731, 51.45994], [20.5257, 51.46196], [20.52828, 51.46307], [20.53279, 51.46205], [20.53402, 51.46267], [20.52756, 51.46669], [20.52634, 51.46846], [20.52734, 51.47852], [20.52625, 51.48247], [20.52266, 51.48189], [20.51994, 51.50979], [20.50026, 51.50614], [20.50091, 51.5032], [20.49448, 51.50246], [20.49448, 51.50032], [20.48874, 51.50039], [20.48227, 51.5015], [20.47339, 51.50143], [20.4699, 51.50088], [20.46884, 51.49956], [20.45582, 51.5021], [20.45218, 51.50396], [20.45017, 51.50854], [20.45003, 51.51752], [20.45758, 51.54118], [20.45562, 51.54222], [20.45676, 51.54491], [20.45917, 51.54688], [20.45999, 51.5496], [20.4668, 51.55463], [20.46839, 51.55775], [20.46766, 51.56091], [20.46203, 51.56559], [20.46068, 51.5744], [20.4414, 51.57147], [20.43328, 51.57529], [20.43527, 51.5773], [20.43583, 51.58065], [20.43784, 51.58227], [20.4296, 51.5994], [20.42174, 51.60136], [20.41506, 51.60435], [20.41738, 51.60666], [20.4231, 51.60636], [20.42265, 51.60948], [20.42525, 51.61118], [20.41882, 51.62049], [20.41869, 51.63028], [20.41335, 51.63055], [20.41482, 51.63398], [20.40597, 51.63532], [20.40566, 51.63423], [20.40295, 51.63428], [20.39133, 51.63605], [20.38503, 51.64174], [20.39287, 51.64643], [20.39535, 51.647], [20.39509, 51.6514], [20.39134, 51.65535], [20.39041, 51.65987], [20.39095, 51.66126], [20.39394, 51.66114], [20.39542, 51.66261], [20.39549, 51.66675], [20.39749, 51.67051], [20.40025, 51.67275], [20.4067, 51.67263], [20.40854, 51.67491], [20.4204, 51.67666], [20.42368, 51.67619], [20.4281, 51.67857], [20.43771, 51.6807], [20.43941, 51.68148], [20.43801, 51.68292], [20.44228, 51.68466], [20.44189, 51.68572], [20.43755, 51.68646], [20.43679, 51.68831], [20.44098, 51.69009], [20.44179, 51.69138], [20.44592, 51.68773], [20.45061, 51.68599], [20.45098, 51.69032], [20.45351, 51.69141], [20.45375, 51.69338], [20.45811, 51.6925], [20.467, 51.69719], [20.46738, 51.6927], [20.47974, 51.68601], [20.48616, 51.68512], [20.48772, 51.68362], [20.49653, 51.68557], [20.51447, 51.68554], [20.5143, 51.67915], [20.51561, 51.67939], [20.51495, 51.67435], [20.51873, 51.67386], [20.51823, 51.67088], [20.51971, 51.67071], [20.51969, 51.67636], [20.52247, 51.67703], [20.5228, 51.66563], [20.53516, 51.66872], [20.57373, 51.66301], [20.58429, 51.66286], [20.59662, 51.65717], [20.5972, 51.65946], [20.62052, 51.65757], [20.62286, 51.65938], [20.62319, 51.66154], [20.6221, 51.66383], [20.61991, 51.66479], [20.62085, 51.66485], [20.62393, 51.66901], [20.63007, 51.67033], [20.63387, 51.66986], [20.63653, 51.67621], [20.65115, 51.67756], [20.6532, 51.67714], [20.65605, 51.6866], [20.65669, 51.69374], [20.65926, 51.69934], [20.65892, 51.70307], [20.65711, 51.70507], [20.65744, 51.70861], [20.65452, 51.71487], [20.65846, 51.72419], [20.65633, 51.72563], [20.65392, 51.72596], [20.64856, 51.73033], [20.64097, 51.73151], [20.63898, 51.73247], [20.63883, 51.73754], [20.61962, 51.74258], [20.61397, 51.74275], [20.60218, 51.74655], [20.59032, 51.74738], [20.58602, 51.74694], [20.585, 51.74776], [20.5826, 51.74798], [20.58407, 51.76187], [20.59213, 51.7658], [20.59409, 51.76805], [20.58728, 51.76906], [20.58766, 51.77026], [20.59517, 51.76927], [20.59242, 51.77683], [20.5879, 51.77714], [20.58613, 51.77792], [20.58419, 51.78217], [20.58667, 51.78441], [20.58229, 51.79081], [20.57912, 51.79266], [20.58198, 51.80539], [20.58198, 51.81107], [20.56027, 51.81226], [20.55731, 51.81845], [20.56189, 51.8211], [20.57611, 51.82103], [20.57608, 51.81992], [20.58465, 51.81948], [20.60772, 51.81606], [20.60831, 51.81947], [20.61164, 51.81903], [20.61226, 51.81976], [20.61947, 51.82031], [20.61987, 51.82156], [20.61906, 51.82767], [20.61351, 51.8269], [20.59971, 51.8274], [20.59634, 51.83982], [20.60534, 51.84957], [20.59061, 51.84941], [20.5903, 51.85249], [20.59194, 51.8551], [20.59107, 51.85529], [20.59097, 51.86058], [20.58921, 51.8635], [20.58438, 51.86758], [20.5857, 51.86964], [20.58351, 51.8707], [20.57621, 51.87155], [20.5745, 51.87239], [20.57478, 51.87344], [20.56993, 51.87441], [20.56641, 51.87625], [20.56896, 51.88648], [20.57077, 51.88804], [20.56334, 51.88761], [20.53836, 51.89116], [20.51719, 51.89245], [20.51366, 51.89292], [20.51003, 51.8944], [20.4983, 51.88947], [20.49299, 51.89318], [20.48945, 51.89409], [20.48644, 51.89684], [20.47944, 51.89997], [20.49093, 51.91041], [20.48583, 51.92051], [20.47796, 51.92019], [20.47841, 51.92682], [20.4755, 51.93106], [20.46946, 51.93242], [20.46878, 51.9317], [20.45707, 51.93316], [20.44933, 51.93646], [20.44917, 51.93783], [20.44545, 51.93825], [20.44361, 51.93899], [20.44576, 51.941], [20.43945, 51.94352], [20.4357, 51.93921], [20.43493, 51.93948], [20.43259, 51.93743], [20.43018, 51.93808], [20.42835, 51.93918], [20.42737, 51.94169], [20.4248, 51.94297], [20.42027, 51.94781], [20.41924, 51.94648], [20.42347, 51.94097], [20.41965, 51.93462], [20.41359, 51.93038], [20.39707, 51.93052], [20.39531, 51.93216], [20.39316, 51.93808], [20.39023, 51.93995], [20.38913, 51.94195], [20.3815, 51.94244], [20.37073, 51.93829], [20.3715, 51.93381], [20.37611, 51.93657], [20.37791, 51.93874], [20.38368, 51.937], [20.37261, 51.92363], [20.36606, 51.92673], [20.35981, 51.92829], [20.35374, 51.91966], [20.32394, 51.92195], [20.31783, 51.91233], [20.31246, 51.91291], [20.31149, 51.91228], [20.30953, 51.9138], [20.30567, 51.91267], [20.30265, 51.91342], [20.30008, 51.91299], [20.29931, 51.91209], [20.2954, 51.9123], [20.29891, 51.91444], [20.30852, 51.91573], [20.31158, 51.91833], [20.31205, 51.92345], [20.31418, 51.92326], [20.31436, 51.92408], [20.31326, 51.92435], [20.31351, 51.92503], [20.31157, 51.9252], [20.31208, 51.92902], [20.30995, 51.93496], [20.30372, 51.93627], [20.30004, 51.93516], [20.29829, 51.93541], [20.29474, 51.93695], [20.29156, 51.93974], [20.28943, 51.93824], [20.29184, 51.9368], [20.2888, 51.9374], [20.28885, 51.93846], [20.28576, 51.93789], [20.28528, 51.9386], [20.26868, 51.93517], [20.26586, 51.93091], [20.24901, 51.93346], [20.24356, 51.93342], [20.24068, 51.95102], [20.29403, 51.96714], [20.29334, 51.96853], [20.27151, 51.97126], [20.27222, 51.98226], [20.26645, 51.98551], [20.26024, 51.99135], [20.26218, 51.9935], [20.26017, 51.99467], [20.2551, 51.99561], [20.26237, 52.00044], [20.25006, 52.0062], [20.2432, 51.99892], [20.22684, 52.00439], [20.22187, 52.0089], [20.21232, 52.01365], [20.21167, 52.0146], [20.21272, 52.0155], [20.21112, 52.01763], [20.2035, 52.02184], [20.20292, 52.02295], [20.20162, 52.02285], [20.20223, 52.02492], [20.20117, 52.02465], [20.20027, 52.02566], [20.1985, 52.02576], [20.1994, 52.02828], [20.20049, 52.02845], [20.19983, 52.02935], [20.20109, 52.02945], [20.19943, 52.03045], [20.20152, 52.03011], [20.20278, 52.03076], [20.20589, 52.028], [20.2531, 52.05533], [20.25054, 52.0562], [20.24784, 52.06137], [20.24773, 52.06469], [20.24931, 52.06744], [20.24329, 52.07312], [20.24501, 52.07382], [20.24594, 52.07558], [20.25741, 52.07691], [20.2699, 52.07712], [20.26846, 52.08327], [20.26844, 52.09135], [20.27058, 52.09359], [20.2688, 52.10068], [20.26277, 52.10421], [20.25733, 52.10629], [20.25202, 52.11727], [20.21679, 52.11775], [20.21295, 52.11865], [20.20632, 52.11501], [20.20261, 52.11465], [20.19694, 52.11707], [20.18616, 52.12349], [20.1784, 52.13224], [20.16511, 52.13861], [20.16143, 52.14264], [20.16418, 52.14734], [20.1627, 52.14696], [20.16247, 52.14908], [20.16056, 52.1513], [20.14721, 52.14935], [20.14459, 52.14799], [20.13478, 52.14531], [20.12549, 52.14421], [20.11847, 52.14459], [20.11624, 52.14381], [20.11563, 52.14464], [20.11703, 52.1464], [20.0909, 52.15263], [20.08662, 52.15848], [20.08745, 52.16822], [20.08126, 52.17475], [20.07305, 52.17926], [20.06824, 52.18392], [20.06715, 52.18759], [20.06207, 52.18811], [20.06312, 52.19891], [20.07102, 52.21367], [20.07545, 52.22475], [20.0805, 52.23305], [20.07322, 52.23761], [20.06518, 52.24026], [20.03757, 52.24675], [20.03747, 52.24858], [20.04026, 52.25203], [20.0421, 52.25766], [20.03174, 52.25882], [20.01796, 52.26196], [19.99591, 52.26155], [19.98628, 52.26238], [19.96513, 52.26831], [19.9637, 52.27193], [19.95905, 52.27593], [19.95823, 52.27799], [19.95926, 52.28548], [19.95383, 52.28339], [19.93925, 52.28934], [19.93629, 52.29643], [19.9361, 52.29973], [19.91994, 52.29816], [19.9125, 52.29927], [19.90867, 52.30146], [19.90164, 52.30391], [19.90261, 52.30856], [19.89417, 52.30918], [19.89518, 52.31056], [19.89107, 52.31126], [19.89, 52.30952], [19.88542, 52.30973], [19.869, 52.29886], [19.86165, 52.29086], [19.86731, 52.28949], [19.87285, 52.29065], [19.87785, 52.28909], [19.87771, 52.28771], [19.8747, 52.28521], [19.86702, 52.2824], [19.86096, 52.27771], [19.85294, 52.27535], [19.84755, 52.27215], [19.8402, 52.27173], [19.8371, 52.27312], [19.8293, 52.27464], [19.82713, 52.27592], [19.82202, 52.28191], [19.8162, 52.28392], [19.80515, 52.27907], [19.78922, 52.2796], [19.79076, 52.27757], [19.78944, 52.27595], [19.7929, 52.27365], [19.78554, 52.27045], [19.78438, 52.27112], [19.77947, 52.26746], [19.7723, 52.2644], [19.76548, 52.26227], [19.75904, 52.26301], [19.74634, 52.26064], [19.74244, 52.2609], [19.739, 52.26004], [19.74, 52.25963], [19.73711, 52.25836], [19.73574, 52.25885], [19.72907, 52.26818], [19.7028, 52.27645], [19.69913, 52.27859], [19.6946, 52.27109], [19.68404, 52.26278], [19.69035, 52.25994], [19.68954, 52.25952], [19.66908, 52.2555], [19.65485, 52.2537], [19.64831, 52.25368], [19.63453, 52.25619], [19.63413, 52.25926], [19.63246, 52.26038], [19.63218, 52.26201], [19.62376, 52.264], [19.63436, 52.27438], [19.63105, 52.27779], [19.62598, 52.27796], [19.61354, 52.27631], [19.61603, 52.28819], [19.60848, 52.28968], [19.60266, 52.289], [19.57839, 52.28977], [19.5771, 52.29177], [19.54725, 52.29437], [19.54829, 52.29544], [19.54607, 52.29715], [19.5361, 52.30206], [19.53797, 52.30489], [19.51989, 52.30426], [19.51689, 52.30505], [19.51268, 52.3109], [19.50791, 52.31298], [19.50529, 52.31533], [19.49154, 52.32029], [19.49617, 52.32449], [19.50211, 52.33326], [19.49593, 52.33534], [19.46323, 52.34265], [19.45493, 52.35012], [19.44746, 52.3516], [19.44403, 52.34461], [19.43876, 52.3415], [19.43959, 52.33973], [19.43317, 52.33925], [19.42606, 52.33734], [19.42075, 52.33876], [19.40716, 52.33889], [19.4059, 52.34507], [19.39694, 52.34394], [19.38073, 52.34364], [19.37682, 52.34064], [19.37197, 52.34142], [19.35855, 52.34151], [19.34949, 52.34702], [19.34753, 52.34742], [19.33858, 52.34803], [19.33428, 52.34691], [19.33318, 52.3491], [19.33167, 52.34946], [19.3222, 52.34843], [19.32628, 52.35379], [19.32875, 52.36071], [19.32339, 52.36895], [19.32206, 52.36871], [19.31537, 52.3716], [19.31103, 52.37095], [19.30399, 52.36858], [19.29749, 52.36855], [19.29504, 52.36911], [19.29486, 52.37066], [19.29063, 52.37259], [19.29358, 52.37693], [19.29221, 52.37736], [19.2929, 52.37796], [19.30114, 52.38063], [19.30887, 52.38156], [19.30802, 52.38741], [19.30092, 52.3875], [19.30212, 52.39149], [19.28918, 52.39271], [19.28815, 52.39766], [19.29052, 52.3978], [19.28671, 52.40227], [19.28401, 52.40113], [19.28035, 52.40553], [19.28609, 52.40553], [19.28639, 52.40682], [19.29291, 52.41118], [19.29341, 52.41828], [19.29653, 52.41742], [19.29799, 52.41791], [19.29654, 52.42373], [19.29205, 52.42745], [19.29013, 52.43071], [19.28672, 52.43297], [19.28341, 52.43252], [19.27704, 52.43469], [19.26185, 52.43567], [19.25916, 52.44257], [19.26429, 52.44556], [19.26407, 52.44696], [19.26805, 52.44876], [19.27017, 52.44829], [19.27558, 52.44916], [19.27759, 52.44869], [19.28182, 52.45016], [19.28365, 52.45005], [19.29325, 52.44763], [19.29913, 52.44532], [19.30327, 52.44824], [19.30709, 52.44884], [19.31485, 52.44817], [19.31923, 52.44871], [19.32075, 52.45472], [19.32283, 52.45441], [19.33317, 52.46676], [19.33126, 52.47114], [19.33891, 52.47979], [19.35089, 52.47953], [19.35129, 52.48009], [19.3568, 52.48013], [19.3581, 52.4812], [19.35401, 52.48848], [19.35537, 52.49155], [19.36377, 52.50005], [19.36361, 52.50375], [19.37181, 52.50712], [19.38349, 52.50947], [19.38867, 52.50952], [19.39567, 52.51286], [19.39148, 52.51431], [19.38477, 52.51953], [19.37238, 52.52163], [19.36391, 52.52203], [19.35922, 52.52149], [19.33663, 52.52536], [19.33308, 52.52487], [19.32529, 52.5288], [19.32168, 52.52925], [19.31957, 52.53489], [19.33106, 52.53284], [19.32919, 52.53786], [19.33086, 52.53706], [19.33229, 52.53329], [19.33808, 52.53397], [19.34359, 52.52778], [19.34884, 52.52814], [19.35145, 52.53498], [19.35441, 52.534], [19.3555, 52.53496], [19.35535, 52.5371], [19.34987, 52.54014], [19.34663, 52.5447], [19.34931, 52.54432], [19.34942, 52.5451], [19.34111, 52.56705], [19.34497, 52.56726], [19.35081, 52.56896], [19.35598, 52.56812], [19.3641, 52.56909], [19.37818, 52.56857], [19.38387, 52.57114], [19.38647, 52.57148], [19.39056, 52.57336], [19.39437, 52.57639], [19.39525, 52.59007], [19.39833, 52.59336], [19.40514, 52.59191], [19.40808, 52.59462], [19.41444, 52.59589], [19.41688, 52.59837], [19.41932, 52.59936], [19.42095, 52.60204], [19.42501, 52.61144], [19.39585, 52.622], [19.38507, 52.62428], [19.3713, 52.62484], [19.37322, 52.63439], [19.37274, 52.63734], [19.37529, 52.63839], [19.37855, 52.63833], [19.38136, 52.6396], [19.38034, 52.64101], [19.38374, 52.64431], [19.39257, 52.64396], [19.39986, 52.6449], [19.40296, 52.64446], [19.40347, 52.64826], [19.40564, 52.6518], [19.41005, 52.6542], [19.41051, 52.6602], [19.41407, 52.66087], [19.41451, 52.66371], [19.41302, 52.66551], [19.41592, 52.67163], [19.42029, 52.67212], [19.43032, 52.67156], [19.43209, 52.67333], [19.43217, 52.67665], [19.44003, 52.67672], [19.44321, 52.67576], [19.44546, 52.67375], [19.44584, 52.67057], [19.4509, 52.67222], [19.45051, 52.67396], [19.44563, 52.67889], [19.44382, 52.68287], [19.43698, 52.6812], [19.43649, 52.68227], [19.43667, 52.69316], [19.43929, 52.69813], [19.4404, 52.69819], [19.44696, 52.70605], [19.44439, 52.7093], [19.4407, 52.71035], [19.4408, 52.71126], [19.43947, 52.71172], [19.44132, 52.71299], [19.44134, 52.71595], [19.44274, 52.71633], [19.44247, 52.71755], [19.44174, 52.71732], [19.4397, 52.7193], [19.44195, 52.72063], [19.44099, 52.72192], [19.44186, 52.7234], [19.44689, 52.72292], [19.45456, 52.72563], [19.45882, 52.72521], [19.46082, 52.72447], [19.46519, 52.72061], [19.4783, 52.71741], [19.48384, 52.71807], [19.48723, 52.71647], [19.49087, 52.71585], [19.4931, 52.71462], [19.49426, 52.71098], [19.49434, 52.70989], [19.49191, 52.7076], [19.52584, 52.70374], [19.52711, 52.70485], [19.52578, 52.70774], [19.52072, 52.70832], [19.51946, 52.71145], [19.5168, 52.71002], [19.51179, 52.71049], [19.50801, 52.71125], [19.50676, 52.71273], [19.50328, 52.71352], [19.50333, 52.72203], [19.50235, 52.72262], [19.50706, 52.72387], [19.50468, 52.72468], [19.50254, 52.72668], [19.505, 52.72924], [19.4999, 52.73096], [19.49842, 52.73248], [19.50106, 52.73698], [19.50563, 52.73647], [19.50922, 52.73699], [19.51352, 52.74221], [19.51556, 52.74252], [19.51683, 52.74126], [19.5191, 52.74187], [19.51885, 52.7457], [19.5228, 52.74652], [19.52274, 52.7492], [19.52078, 52.74953], [19.51891, 52.74774], [19.51433, 52.74794], [19.51452, 52.74864], [19.51013, 52.74806], [19.50976, 52.74942], [19.50811, 52.75023], [19.50413, 52.74873], [19.50125, 52.75091], [19.50016, 52.74918], [19.49753, 52.7495], [19.49904, 52.75147], [19.49869, 52.75402], [19.50359, 52.75513], [19.50244, 52.75666], [19.49819, 52.75851], [19.49735, 52.76035], [19.49961, 52.76061], [19.50436, 52.75953], [19.5063, 52.76095], [19.50554, 52.76277], [19.50035, 52.76338], [19.50442, 52.76766], [19.50169, 52.76956], [19.49469, 52.77169], [19.49086, 52.7743], [19.49454, 52.77828], [19.49285, 52.77975], [19.48981, 52.77905], [19.48909, 52.78045], [19.48713, 52.78021], [19.48653, 52.78106], [19.48553, 52.78065], [19.48376, 52.78135], [19.4831, 52.78308], [19.48119, 52.78402], [19.47934, 52.78372], [19.4787, 52.78465], [19.47448, 52.78477], [19.47211, 52.78572], [19.47127, 52.78526], [19.47114, 52.78625], [19.46896, 52.78559], [19.46775, 52.78598], [19.46832, 52.78773], [19.46304, 52.79484], [19.46382, 52.79762], [19.46562, 52.79928], [19.46574, 52.80446], [19.45258, 52.80465], [19.45224, 52.80565], [19.44466, 52.80868], [19.44498, 52.80951], [19.43635, 52.81527], [19.43139, 52.81602], [19.42643, 52.81516], [19.42369, 52.8155], [19.43121, 52.82359], [19.43023, 52.82684], [19.42448, 52.82779], [19.42418, 52.8299], [19.42338, 52.82995], [19.42382, 52.83448], [19.42732, 52.83746], [19.42723, 52.83945], [19.42572, 52.84077], [19.43153, 52.84035], [19.43652, 52.83827], [19.44399, 52.83735], [19.45529, 52.84474], [19.46697, 52.84894], [19.46983, 52.84877], [19.47353, 52.85027], [19.47298, 52.85146], [19.46337, 52.85598], [19.46446, 52.85965], [19.47344, 52.8646], [19.48401, 52.86713], [19.48898, 52.86679], [19.51609, 52.86012], [19.50858, 52.86798], [19.49818, 52.87513], [19.49217, 52.8781], [19.48573, 52.88601], [19.45858, 52.90677], [19.46407, 52.91338], [19.46506, 52.91641], [19.47241, 52.91762], [19.45647, 52.92271], [19.45081, 52.92551], [19.44936, 52.92705], [19.44708, 52.9312], [19.44696, 52.93517], [19.44477, 52.93849], [19.4448, 52.94745], [19.45774, 52.94185], [19.48459, 52.94401], [19.48691, 52.94032], [19.50039, 52.93947], [19.50982, 52.93801], [19.52155, 52.93764], [19.52889, 52.93643], [19.53196, 52.93907], [19.53189, 52.94181], [19.54077, 52.94841], [19.55087, 52.95009], [19.57538, 52.95632], [19.58255, 52.95686], [19.58608, 52.96303], [19.58271, 52.96828], [19.57593, 52.96992], [19.56988, 52.97295], [19.56596, 52.97647], [19.5593, 52.97907], [19.55471, 52.99009], [19.56011, 52.99027], [19.56831, 52.98568], [19.58842, 52.98318], [19.61193, 52.97691], [19.62409, 52.97716], [19.63044, 52.97384], [19.63112, 52.97213], [19.63576, 52.96983], [19.64612, 52.97085], [19.64884, 52.96953], [19.65468, 52.96122], [19.65903, 52.95955], [19.66524, 52.959], [19.67089, 52.95569], [19.67538, 52.95681], [19.68098, 52.9565], [19.68481, 52.96304], [19.68161, 52.96508], [19.68077, 52.97023], [19.67819, 52.97587], [19.67986, 52.97843], [19.67583, 52.98134], [19.6755, 52.98252], [19.67381, 52.9832], [19.6718, 52.98212], [19.66865, 52.98322], [19.66865, 52.98531], [19.66488, 52.98685], [19.66583, 52.98812], [19.66915, 52.98853], [19.67188, 52.99101], [19.67022, 52.99346], [19.67756, 53.0006], [19.68044, 53.00969], [19.67869, 53.0148], [19.68352, 53.01858], [19.68551, 53.01819], [19.69034, 53.02072], [19.69028, 53.02152], [19.68307, 53.02173], [19.68108, 53.02411], [19.67826, 53.02425], [19.68122, 53.02656], [19.67558, 53.02913], [19.67812, 53.03205], [19.6717, 53.03562], [19.67231, 53.03673], [19.66592, 53.03821], [19.66559, 53.04011], [19.65218, 53.03776], [19.65395, 53.04027], [19.65296, 53.04105], [19.65155, 53.05047], [19.65365, 53.05022], [19.65478, 53.05376], [19.64581, 53.05435], [19.64601, 53.05805], [19.64851, 53.06168], [19.64578, 53.06206], [19.64684, 53.06628], [19.66156, 53.06944], [19.65808, 53.07164], [19.6596, 53.07449], [19.65627, 53.0741], [19.64791, 53.07551], [19.64887, 53.07714], [19.64609, 53.07754], [19.64775, 53.08119], [19.64512, 53.08634], [19.64699, 53.0873], [19.64209, 53.09202], [19.63655, 53.09441], [19.63867, 53.09486], [19.63852, 53.10662], [19.63423, 53.11057], [19.63424, 53.11168], [19.65064, 53.11237], [19.65033, 53.1103], [19.65216, 53.10989], [19.65221, 53.10695], [19.65831, 53.10718], [19.65811, 53.10636], [19.66705, 53.10611], [19.66884, 53.11082], [19.67227, 53.11067], [19.67268, 53.11279], [19.68272, 53.11295], [19.6847, 53.12315], [19.69122, 53.12257], [19.69286, 53.11953], [19.71043, 53.12132], [19.71196, 53.13465], [19.73261, 53.14451], [19.76372, 53.15231], [19.77765, 53.15498], [19.84107, 53.14099], [19.84125, 53.15026], [19.83889, 53.16322], [19.82542, 53.17328], [19.84712, 53.19226], [19.86484, 53.19807], [19.86601, 53.19753], [19.86721, 53.19868], [19.87069, 53.19787], [19.87225, 53.1982], [19.8731, 53.19918], [19.87069, 53.20083], [19.87102, 53.20157], [19.87448, 53.20142], [19.87835, 53.2026], [19.88222, 53.20261], [19.88358, 53.20385], [19.88283, 53.2051], [19.88358, 53.20873], [19.89311, 53.21316], [19.8964, 53.20966], [19.91342, 53.21146], [19.9138, 53.20627], [19.91789, 53.20654], [19.91578, 53.19187], [19.9186, 53.19134], [19.91442, 53.18863], [19.91137, 53.18891], [19.90739, 53.17701], [19.91434, 53.17611], [19.92808, 53.1715], [19.9266, 53.1673], [19.94217, 53.16565], [19.94207, 53.16494], [19.95455, 53.16032], [19.95658, 53.15844], [19.95803, 53.15488], [19.96376, 53.15005], [19.96966, 53.14727], [19.97385, 53.14797], [19.97817, 53.14392], [19.99415, 53.14654], [19.99602, 53.14704], [19.99577, 53.14812], [19.99884, 53.14766], [20.01968, 53.15309], [20.0256, 53.14505], [20.03096, 53.14588], [20.03437, 53.14767], [20.03883, 53.15925], [20.05233, 53.15523], [20.05445, 53.15518], [20.05623, 53.15723], [20.07617, 53.15729], [20.07748, 53.15994], [20.07646, 53.16303], [20.07744, 53.16536], [20.10422, 53.16812], [20.10637, 53.16528], [20.11042, 53.16309], [20.11904, 53.16221], [20.12101, 53.15781], [20.125, 53.15306], [20.12707, 53.14674], [20.13515, 53.14245], [20.14053, 53.14134], [20.14392, 53.14114], [20.14987, 53.14282], [20.15091, 53.142], [20.15911, 53.14571], [20.16429, 53.14975], [20.16589, 53.15579], [20.17283, 53.15419], [20.19198, 53.15278], [20.19865, 53.15141], [20.20961, 53.15092], [20.21497, 53.15143], [20.22382, 53.15024], [20.23688, 53.1479], [20.25798, 53.14116], [20.26794, 53.14026], [20.27538, 53.14268], [20.27655, 53.14172], [20.27959, 53.14202], [20.28107, 53.14036], [20.28699, 53.14081], [20.29025, 53.13912], [20.30515, 53.14195], [20.30507, 53.14008], [20.30852, 53.14048], [20.31315, 53.14136], [20.31692, 53.14316], [20.32524, 53.1445], [20.33234, 53.14476], [20.3363, 53.14596], [20.33863, 53.14619], [20.33936, 53.14502], [20.33965, 53.14624], [20.35379, 53.14708], [20.35276, 53.15004], [20.35503, 53.1515], [20.35321, 53.15269], [20.35369, 53.15334], [20.35482, 53.1541], [20.35824, 53.15361], [20.36102, 53.15542], [20.34917, 53.15716], [20.34488, 53.15689], [20.34116, 53.15823], [20.33955, 53.15786], [20.32451, 53.16], [20.33088, 53.16352], [20.36101, 53.17422], [20.37014, 53.17727], [20.37633, 53.17741], [20.37933, 53.18356], [20.38246, 53.18613], [20.3824, 53.18871], [20.38862, 53.19165], [20.39386, 53.193], [20.39983, 53.19696], [20.40625, 53.20531], [20.41426, 53.21171], [20.41082, 53.21386], [20.41942, 53.22196], [20.42282, 53.22273], [20.42363, 53.22187], [20.4584, 53.24676], [20.46424, 53.24335], [20.46053, 53.24162], [20.46373, 53.24051], [20.46788, 53.237], [20.47366, 53.23425], [20.50738, 53.23459], [20.50839, 53.23282], [20.50708, 53.22878], [20.52546, 53.22278], [20.53601, 53.22711], [20.5298, 53.22785], [20.53151, 53.23243], [20.54642, 53.2292], [20.54382, 53.22739], [20.5547, 53.22447]]]}}, {"type": "Feature", "properties": {"kod": "16", "nazwa": "opolskie"}, "geometry": {"type": "Polygon", "coordinates": [[[18.00464, 50.01836], [17.9991, 50.01576], [17.99277, 50.01503], [17.98927, 50.01354], [17.98328, 50.00508], [17.97312, 50.00862], [17.96983, 50.00888], [17.96551, 50.00825], [17.96186, 50.00498], [17.95405, 50.00507], [17.93007, 49.98662], [17.92469, 49.98182], [17.92285, 49.97875], [17.91788, 49.97785], [17.91161, 49.97782], [17.90916, 49.97651], [17.89804, 49.97792], [17.89282, 49.97977], [17.88951, 49.98008], [17.88628, 49.97842], [17.88523, 49.97927], [17.8685, 49.97249], [17.86673, 49.97349], [17.86149, 49.98065], [17.85967, 49.98083], [17.85673, 49.97986], [17.85643, 49.9814], [17.8545, 49.98277], [17.85279, 49.98206], [17.8512, 49.98267], [17.85197, 49.984], [17.85035, 49.98679], [17.84283, 49.9868], [17.8383, 49.99008], [17.83897, 49.99119], [17.83766, 49.99235], [17.83634, 49.99229], [17.83547, 49.99016], [17.83403, 49.98981], [17.83268, 49.9917], [17.82999, 49.99232], [17.82839, 49.99387], [17.82637, 49.99401], [17.83686, 50.00361], [17.82769, 50.0113], [17.80419, 50.01242], [17.80234, 50.01339], [17.79814, 50.0135], [17.79505, 50.01446], [17.79502, 50.01771], [17.79238, 50.01913], [17.78868, 50.01733], [17.78717, 50.01764], [17.78679, 50.01937], [17.78516, 50.02021], [17.78294, 50.01936], [17.77757, 50.0202], [17.77664, 50.02204], [17.77176, 50.02523], [17.77161, 50.02625], [17.77653, 50.02838], [17.77713, 50.03108], [17.77533, 50.03291], [17.77516, 50.0351], [17.77246, 50.03569], [17.7698, 50.03526], [17.77031, 50.0368], [17.76927, 50.03775], [17.7704, 50.03778], [17.77026, 50.03939], [17.77327, 50.04236], [17.7706, 50.0439], [17.77209, 50.04635], [17.77142, 50.04863], [17.76893, 50.04911], [17.76913, 50.05149], [17.7668, 50.051], [17.7657, 50.05262], [17.76341, 50.05254], [17.76152, 50.05348], [17.76097, 50.05451], [17.76204, 50.05574], [17.76325, 50.05533], [17.76418, 50.05601], [17.76134, 50.05692], [17.76096, 50.05887], [17.75692, 50.05838], [17.75649, 50.05897], [17.75837, 50.05976], [17.75675, 50.06094], [17.75546, 50.06083], [17.75488, 50.06254], [17.75645, 50.06309], [17.75764, 50.06264], [17.75822, 50.06345], [17.75736, 50.06384], [17.75953, 50.06433], [17.75883, 50.06552], [17.75814, 50.06487], [17.75638, 50.06554], [17.75844, 50.06649], [17.75896, 50.06765], [17.75619, 50.06711], [17.75676, 50.06855], [17.75244, 50.06965], [17.75094, 50.07325], [17.75244, 50.07422], [17.75135, 50.07589], [17.74918, 50.07601], [17.74994, 50.07756], [17.74891, 50.07883], [17.74729, 50.07891], [17.74308, 50.08135], [17.74031, 50.08086], [17.73917, 50.08154], [17.74006, 50.08275], [17.73824, 50.08241], [17.7345, 50.08441], [17.73308, 50.0865], [17.73107, 50.0868], [17.7314, 50.08762], [17.7295, 50.08794], [17.73088, 50.09716], [17.71829, 50.10607], [17.70513, 50.11441], [17.69856, 50.1159], [17.69684, 50.11699], [17.68327, 50.11731], [17.67666, 50.10302], [17.66505, 50.10692], [17.66198, 50.10869], [17.65098, 50.11057], [17.64764, 50.11388], [17.64861, 50.11623], [17.64654, 50.11658], [17.64645, 50.11851], [17.64375, 50.1227], [17.64487, 50.12457], [17.64291, 50.12563], [17.64324, 50.12703], [17.64026, 50.13073], [17.6346, 50.13267], [17.63139, 50.13298], [17.62098, 50.13701], [17.61735, 50.13732], [17.617, 50.13907], [17.61127, 50.13986], [17.60899, 50.14179], [17.60954, 50.14362], [17.60635, 50.14683], [17.60581, 50.14897], [17.59938, 50.15544], [17.59691, 50.1556], [17.59269, 50.15998], [17.60115, 50.16963], [17.60318, 50.16979], [17.60561, 50.17112], [17.61225, 50.17065], [17.61546, 50.17131], [17.6197, 50.17116], [17.6257, 50.16919], [17.63067, 50.17346], [17.63686, 50.17376], [17.63806, 50.17477], [17.64332, 50.17617], [17.66577, 50.17784], [17.67944, 50.18294], [17.68359, 50.18161], [17.68953, 50.18232], [17.69065, 50.18345], [17.69532, 50.18306], [17.6996, 50.18444], [17.70179, 50.18417], [17.70466, 50.1849], [17.70584, 50.18611], [17.70427, 50.18971], [17.70773, 50.19014], [17.70796, 50.19119], [17.71062, 50.19183], [17.71009, 50.19344], [17.71164, 50.1961], [17.70999, 50.1992], [17.71324, 50.20124], [17.71451, 50.20107], [17.71442, 50.20176], [17.71637, 50.20166], [17.71733, 50.20245], [17.71646, 50.20368], [17.71736, 50.2057], [17.72422, 50.20658], [17.72875, 50.20415], [17.7337, 50.20343], [17.73461, 50.20249], [17.74113, 50.20206], [17.74454, 50.20267], [17.74727, 50.204], [17.74805, 50.20528], [17.75846, 50.20657], [17.75888, 50.20909], [17.75749, 50.21059], [17.75946, 50.21352], [17.75999, 50.21656], [17.75655, 50.22145], [17.76001, 50.22873], [17.76462, 50.23376], [17.76497, 50.23639], [17.73769, 50.24917], [17.73445, 50.25253], [17.72495, 50.25675], [17.72603, 50.25864], [17.72587, 50.27282], [17.73464, 50.27758], [17.7373, 50.28262], [17.74102, 50.28656], [17.74149, 50.28863], [17.74352, 50.29009], [17.74295, 50.29104], [17.74783, 50.29309], [17.74789, 50.29417], [17.74962, 50.29536], [17.74871, 50.29548], [17.74934, 50.29659], [17.74851, 50.29669], [17.75027, 50.29779], [17.75171, 50.29746], [17.75205, 50.29952], [17.75077, 50.29957], [17.75114, 50.30028], [17.74965, 50.30116], [17.74815, 50.30063], [17.7455, 50.30151], [17.74546, 50.30054], [17.74492, 50.30034], [17.74515, 50.30103], [17.74152, 50.30098], [17.74085, 50.30196], [17.73767, 50.30124], [17.73705, 50.30226], [17.73329, 50.30351], [17.73201, 50.30293], [17.73003, 50.30365], [17.72882, 50.3033], [17.72618, 50.30737], [17.72248, 50.31769], [17.71902, 50.32027], [17.70975, 50.32346], [17.68692, 50.32797], [17.68784, 50.31602], [17.689, 50.31559], [17.6871, 50.30575], [17.68912, 50.30186], [17.686, 50.29905], [17.6808, 50.29699], [17.67565, 50.29216], [17.6686, 50.29116], [17.66723, 50.28892], [17.66412, 50.28701], [17.65783, 50.28489], [17.65076, 50.27776], [17.64169, 50.27612], [17.63843, 50.27369], [17.62215, 50.26914], [17.61729, 50.26695], [17.6121, 50.26601], [17.60544, 50.26712], [17.60264, 50.26987], [17.59805, 50.27067], [17.59763, 50.27484], [17.59548, 50.27666], [17.59237, 50.27773], [17.59188, 50.27895], [17.5842, 50.27762], [17.58073, 50.27792], [17.57855, 50.27585], [17.57187, 50.27466], [17.5632, 50.27029], [17.55981, 50.27136], [17.54896, 50.26995], [17.54185, 50.27036], [17.53751, 50.27175], [17.52578, 50.27359], [17.52446, 50.27501], [17.51841, 50.27412], [17.50713, 50.27473], [17.49704, 50.27434], [17.49559, 50.27509], [17.48594, 50.27339], [17.47956, 50.27119], [17.47285, 50.27005], [17.47182, 50.26917], [17.46869, 50.26957], [17.46347, 50.26705], [17.45783, 50.27009], [17.45619, 50.26969], [17.45726, 50.26735], [17.45625, 50.26225], [17.45715, 50.26034], [17.45491, 50.25681], [17.44918, 50.25514], [17.44528, 50.25302], [17.43823, 50.25166], [17.42969, 50.25418], [17.42768, 50.25864], [17.43119, 50.26305], [17.42813, 50.26825], [17.42391, 50.27147], [17.42067, 50.27742], [17.40687, 50.27393], [17.40083, 50.27959], [17.38906, 50.28275], [17.3862, 50.28288], [17.36613, 50.28206], [17.36314, 50.27964], [17.36249, 50.2764], [17.36254, 50.26433], [17.35804, 50.26529], [17.3503, 50.26381], [17.34815, 50.26498], [17.34627, 50.26755], [17.34472, 50.27371], [17.34323, 50.27481], [17.3438, 50.27937], [17.34263, 50.28104], [17.33774, 50.28347], [17.3482, 50.28744], [17.34472, 50.2913], [17.34599, 50.29783], [17.3505, 50.30213], [17.35135, 50.30642], [17.3533, 50.30682], [17.35368, 50.30804], [17.34862, 50.31179], [17.34533, 50.31227], [17.34326, 50.31172], [17.33751, 50.31306], [17.34049, 50.32268], [17.34823, 50.3228], [17.35003, 50.32534], [17.34866, 50.32835], [17.3278, 50.3271], [17.31067, 50.32016], [17.30345, 50.32014], [17.29156, 50.31756], [17.28205, 50.31901], [17.27402, 50.32183], [17.2643, 50.32802], [17.25713, 50.32896], [17.24733, 50.33207], [17.24704, 50.33386], [17.24209, 50.33728], [17.23878, 50.3381], [17.2355, 50.34107], [17.23207, 50.34178], [17.22463, 50.34521], [17.21307, 50.35629], [17.21305, 50.35754], [17.20114, 50.36402], [17.19912, 50.37508], [17.20268, 50.3816], [17.20197, 50.38296], [17.20303, 50.38348], [17.20327, 50.38636], [17.18404, 50.38996], [17.18304, 50.38792], [17.17948, 50.38616], [17.16252, 50.38366], [17.15722, 50.38007], [17.1521, 50.38155], [17.14333, 50.38042], [17.12958, 50.39118], [17.12572, 50.39239], [17.12353, 50.39408], [17.11111, 50.39369], [17.11075, 50.40496], [17.102, 50.4062], [17.08514, 50.40579], [17.08346, 50.40549], [17.08234, 50.402], [17.07555, 50.40434], [17.06839, 50.4057], [17.05253, 50.40696], [17.04157, 50.41187], [17.03792, 50.41485], [17.02976, 50.41538], [17.02427, 50.42147], [17.01834, 50.42141], [17.01353, 50.41858], [17.00616, 50.42449], [16.99829, 50.42775], [16.98338, 50.42008], [16.97401, 50.41776], [16.97123, 50.42137], [16.96338, 50.42603], [16.95614, 50.42868], [16.94607, 50.43397], [16.92701, 50.43843], [16.92194, 50.4405], [16.91758, 50.44459], [16.9079, 50.44945], [16.91444, 50.44973], [16.91845, 50.45286], [16.94056, 50.46129], [16.94499, 50.46804], [16.94176, 50.46807], [16.94675, 50.47918], [16.94922, 50.48224], [16.95397, 50.48434], [16.95897, 50.48792], [16.9618, 50.4871], [16.96253, 50.48782], [16.96554, 50.48794], [16.9676, 50.48637], [16.96684, 50.48529], [16.96884, 50.48444], [16.97091, 50.48494], [16.96963, 50.48701], [16.97027, 50.48834], [16.97326, 50.48918], [16.97474, 50.48869], [16.97495, 50.48556], [16.97744, 50.48407], [16.97635, 50.48203], [16.97863, 50.48335], [16.98047, 50.48237], [16.98007, 50.48097], [16.97717, 50.48008], [16.97888, 50.47925], [16.976, 50.47561], [16.98231, 50.47375], [16.98491, 50.47487], [16.98293, 50.47551], [16.98586, 50.47654], [16.99275, 50.47486], [16.99313, 50.47603], [16.99685, 50.47827], [17.00068, 50.47563], [17.0021, 50.47611], [17.00414, 50.47449], [17.00595, 50.4744], [17.00728, 50.47943], [17.01243, 50.47898], [17.01676, 50.4806], [17.02009, 50.48032], [17.02072, 50.47999], [17.01726, 50.47353], [17.0251, 50.47075], [17.01658, 50.46854], [17.01919, 50.46514], [17.02175, 50.46499], [17.02632, 50.46628], [17.03018, 50.46459], [17.03987, 50.46319], [17.04921, 50.46433], [17.0516, 50.46541], [17.05499, 50.46922], [17.05357, 50.46953], [17.05358, 50.47122], [17.05086, 50.47147], [17.05322, 50.47244], [17.05463, 50.47568], [17.05838, 50.47496], [17.06105, 50.4752], [17.06241, 50.47608], [17.06265, 50.4797], [17.06069, 50.47964], [17.06024, 50.4808], [17.06235, 50.48113], [17.06155, 50.48342], [17.06227, 50.48387], [17.05868, 50.48496], [17.05916, 50.48591], [17.06228, 50.48602], [17.06434, 50.48891], [17.06101, 50.48981], [17.06172, 50.49097], [17.05884, 50.49169], [17.06264, 50.49692], [17.05772, 50.49997], [17.05675, 50.50504], [17.06245, 50.50995], [17.06484, 50.5103], [17.06578, 50.51223], [17.06793, 50.51358], [17.07115, 50.51472], [17.07429, 50.51485], [17.07353, 50.51594], [17.07478, 50.51713], [17.07343, 50.52078], [17.07432, 50.52256], [17.06871, 50.52449], [17.06249, 50.53079], [17.06131, 50.53695], [17.06297, 50.53839], [17.06359, 50.54209], [17.06458, 50.54321], [17.06866, 50.54448], [17.07546, 50.55573], [17.08584, 50.55992], [17.09409, 50.56436], [17.09914, 50.57226], [17.09925, 50.57592], [17.11214, 50.58603], [17.11135, 50.58678], [17.11492, 50.58745], [17.11645, 50.59195], [17.11643, 50.59584], [17.12117, 50.60317], [17.12187, 50.6075], [17.12397, 50.60844], [17.13353, 50.60885], [17.14008, 50.61023], [17.15132, 50.61039], [17.15548, 50.61226], [17.1864, 50.61634], [17.21875, 50.61585], [17.22379, 50.61464], [17.22964, 50.61435], [17.2306, 50.61489], [17.23602, 50.61322], [17.24423, 50.61883], [17.24477, 50.61972], [17.24187, 50.62418], [17.24273, 50.62805], [17.23399, 50.63222], [17.23186, 50.63477], [17.23022, 50.64051], [17.23099, 50.64227], [17.2351, 50.64568], [17.23537, 50.64961], [17.23893, 50.6508], [17.23624, 50.65404], [17.2335, 50.65424], [17.23248, 50.6551], [17.23366, 50.65636], [17.23586, 50.65632], [17.23811, 50.65814], [17.23896, 50.66075], [17.23752, 50.66452], [17.23832, 50.67007], [17.23957, 50.67165], [17.23478, 50.68109], [17.24723, 50.68211], [17.25198, 50.6867], [17.25383, 50.68719], [17.25594, 50.68672], [17.25908, 50.69047], [17.22018, 50.70137], [17.22225, 50.70673], [17.22079, 50.7137], [17.2231, 50.71369], [17.22572, 50.7156], [17.22911, 50.71471], [17.22881, 50.7173], [17.23424, 50.71551], [17.23887, 50.71538], [17.2405, 50.71836], [17.2478, 50.71941], [17.25212, 50.71773], [17.25712, 50.72467], [17.2587, 50.72499], [17.26188, 50.73049], [17.26321, 50.72994], [17.26427, 50.73434], [17.26254, 50.73911], [17.27058, 50.74061], [17.27555, 50.7446], [17.27966, 50.74461], [17.28551, 50.7431], [17.29046, 50.73924], [17.29428, 50.73757], [17.30116, 50.74303], [17.29139, 50.74647], [17.29544, 50.75068], [17.29532, 50.7518], [17.29754, 50.75332], [17.29273, 50.75435], [17.28666, 50.75813], [17.27954, 50.76089], [17.27702, 50.76347], [17.2684, 50.76787], [17.26952, 50.77051], [17.26663, 50.77172], [17.26244, 50.77221], [17.25391, 50.77204], [17.25622, 50.77459], [17.2642, 50.7769], [17.27117, 50.78053], [17.27069, 50.7849], [17.27218, 50.78687], [17.27376, 50.78811], [17.27765, 50.7887], [17.28489, 50.79233], [17.28586, 50.79492], [17.29084, 50.79254], [17.30627, 50.78818], [17.32529, 50.78646], [17.33307, 50.78696], [17.34515, 50.78428], [17.34617, 50.78788], [17.34902, 50.78808], [17.35197, 50.79042], [17.3526, 50.79317], [17.35466, 50.7948], [17.35309, 50.79571], [17.35259, 50.7981], [17.3502, 50.79971], [17.34908, 50.80506], [17.35023, 50.8076], [17.34284, 50.80741], [17.33981, 50.80818], [17.32824, 50.81813], [17.32362, 50.82041], [17.31852, 50.82128], [17.33714, 50.82561], [17.34265, 50.82753], [17.34324, 50.82874], [17.3428, 50.83177], [17.34037, 50.8353], [17.3304, 50.84458], [17.32815, 50.85058], [17.33515, 50.85221], [17.34671, 50.85183], [17.35441, 50.85458], [17.35542, 50.8561], [17.35831, 50.85751], [17.3658, 50.85972], [17.37555, 50.85997], [17.38429, 50.86207], [17.3851, 50.87557], [17.39178, 50.87616], [17.39511, 50.87553], [17.39579, 50.88044], [17.3938, 50.88454], [17.39391, 50.88775], [17.39787, 50.88925], [17.37313, 50.89586], [17.36761, 50.89811], [17.35499, 50.89965], [17.35242, 50.90065], [17.35992, 50.90613], [17.35787, 50.90705], [17.36716, 50.91372], [17.36584, 50.91447], [17.37051, 50.91827], [17.36858, 50.92161], [17.36935, 50.92574], [17.38036, 50.92493], [17.38869, 50.92213], [17.40022, 50.92008], [17.40256, 50.91868], [17.40429, 50.91284], [17.40805, 50.91055], [17.41099, 50.9107], [17.41726, 50.9126], [17.42156, 50.91244], [17.42724, 50.91057], [17.42907, 50.91466], [17.43061, 50.9143], [17.43247, 50.91621], [17.43367, 50.91596], [17.43638, 50.91698], [17.43146, 50.91832], [17.43169, 50.9211], [17.42968, 50.92368], [17.43066, 50.92615], [17.43465, 50.92805], [17.43754, 50.93283], [17.43787, 50.93614], [17.43958, 50.93697], [17.43536, 50.94317], [17.43384, 50.94248], [17.43194, 50.94355], [17.43094, 50.94595], [17.43243, 50.94723], [17.43161, 50.94917], [17.4338, 50.95431], [17.4314, 50.96709], [17.45003, 50.97174], [17.46401, 50.9783], [17.46909, 50.97185], [17.47639, 50.97313], [17.4802, 50.97255], [17.4814, 50.97405], [17.50155, 50.97559], [17.50464, 50.97314], [17.50285, 50.97198], [17.50486, 50.96972], [17.50937, 50.96945], [17.51312, 50.97239], [17.51485, 50.97969], [17.50474, 50.98496], [17.5015, 50.98444], [17.4996, 50.98537], [17.49538, 50.98499], [17.49066, 50.98819], [17.49915, 50.99275], [17.50431, 50.98864], [17.51808, 50.98723], [17.53487, 50.99007], [17.53539, 50.98883], [17.53698, 50.98899], [17.54254, 50.99119], [17.54071, 50.99207], [17.54366, 50.99979], [17.5424, 51.00057], [17.54187, 51.00263], [17.52828, 51.00253], [17.52134, 51.00575], [17.52203, 51.0091], [17.51428, 51.01163], [17.51853, 51.01745], [17.51889, 51.02545], [17.52702, 51.03137], [17.53485, 51.04316], [17.53353, 51.04296], [17.52551, 51.0491], [17.52116, 51.04843], [17.51914, 51.05028], [17.5184, 51.05153], [17.52126, 51.05355], [17.52389, 51.05339], [17.5245, 51.0585], [17.5187, 51.05881], [17.52432, 51.06516], [17.52732, 51.067], [17.53429, 51.06924], [17.55247, 51.06723], [17.55821, 51.06783], [17.56439, 51.07312], [17.58213, 51.08184], [17.57862, 51.08514], [17.56773, 51.08842], [17.56243, 51.0926], [17.56774, 51.09798], [17.57193, 51.1062], [17.57822, 51.11083], [17.57506, 51.11471], [17.57196, 51.116], [17.57329, 51.11678], [17.57146, 51.11762], [17.57552, 51.12364], [17.57638, 51.12942], [17.56555, 51.13348], [17.56772, 51.13783], [17.54547, 51.14357], [17.54475, 51.15449], [17.54901, 51.15493], [17.55427, 51.15682], [17.55861, 51.15678], [17.5618, 51.15965], [17.56636, 51.16144], [17.56795, 51.16589], [17.57824, 51.16224], [17.58745, 51.16902], [17.58921, 51.17133], [17.59467, 51.16878], [17.59889, 51.16783], [17.59708, 51.17109], [17.6027, 51.17591], [17.59661, 51.17854], [17.60659, 51.1896], [17.6115, 51.19052], [17.61306, 51.18732], [17.6195, 51.18441], [17.61912, 51.18112], [17.62061, 51.17542], [17.63293, 51.17472], [17.64037, 51.17314], [17.63872, 51.17055], [17.63944, 51.16815], [17.6507, 51.16759], [17.65591, 51.16662], [17.65885, 51.16349], [17.66542, 51.16262], [17.66927, 51.16082], [17.67418, 51.16413], [17.6828, 51.16569], [17.6822, 51.16706], [17.69178, 51.16502], [17.69654, 51.16484], [17.69708, 51.16407], [17.69683, 51.16472], [17.70025, 51.16327], [17.69819, 51.17166], [17.69845, 51.17219], [17.70141, 51.17201], [17.70438, 51.1739], [17.70642, 51.17316], [17.71463, 51.17495], [17.72461, 51.17421], [17.72921, 51.17485], [17.73905, 51.17429], [17.75025, 51.17968], [17.75382, 51.18679], [17.77983, 51.18324], [17.78296, 51.18825], [17.7891, 51.18792], [17.79514, 51.18977], [17.79527, 51.19415], [17.7965, 51.19455], [17.79838, 51.19231], [17.80208, 51.19225], [17.81065, 51.19013], [17.81209, 51.1867], [17.81323, 51.18699], [17.81421, 51.18907], [17.81846, 51.19007], [17.82577, 51.19461], [17.82781, 51.19326], [17.83684, 51.19136], [17.8422, 51.18891], [17.84798, 51.1835], [17.85118, 51.17244], [17.84194, 51.15962], [17.83864, 51.15326], [17.83752, 51.15012], [17.83823, 51.14953], [17.83279, 51.14299], [17.8323, 51.13806], [17.83151, 51.13744], [17.82384, 51.14011], [17.81768, 51.13949], [17.81313, 51.13801], [17.81218, 51.13245], [17.81701, 51.13236], [17.81913, 51.12225], [17.82348, 51.11789], [17.82914, 51.11927], [17.83912, 51.11655], [17.84869, 51.11692], [17.85173, 51.11279], [17.85486, 51.11341], [17.85514, 51.1142], [17.86126, 51.11509], [17.86346, 51.11463], [17.86872, 51.11061], [17.87171, 51.11052], [17.87529, 51.11185], [17.87926, 51.10776], [17.88009, 51.10535], [17.88207, 51.10455], [17.88315, 51.10498], [17.88585, 51.10365], [17.89659, 51.10639], [17.89864, 51.10608], [17.90858, 51.10766], [17.91685, 51.11244], [17.92233, 51.11398], [17.92496, 51.11151], [17.93155, 51.1134], [17.93946, 51.10887], [17.99292, 51.12107], [18.00367, 51.12187], [18.01512, 51.12712], [18.03935, 51.13104], [18.05029, 51.13508], [18.05544, 51.13952], [18.05957, 51.14163], [18.07327, 51.14483], [18.07549, 51.14694], [18.06788, 51.14951], [18.0734, 51.15117], [18.07285, 51.15271], [18.07969, 51.15288], [18.08011, 51.15415], [18.08176, 51.15453], [18.07722, 51.157], [18.07619, 51.15559], [18.0745, 51.15603], [18.0735, 51.15457], [18.06996, 51.15642], [18.07049, 51.1593], [18.07279, 51.15878], [18.07554, 51.16273], [18.07474, 51.16363], [18.07816, 51.16618], [18.08186, 51.16607], [18.08567, 51.16362], [18.08894, 51.15941], [18.09377, 51.15662], [18.10208, 51.15874], [18.10448, 51.1534], [18.12433, 51.16855], [18.13698, 51.17196], [18.13763, 51.17128], [18.14055, 51.1711], [18.15141, 51.17127], [18.15333, 51.17217], [18.15342, 51.17313], [18.16108, 51.17468], [18.16439, 51.17152], [18.16249, 51.1699], [18.16375, 51.16963], [18.16346, 51.1678], [18.16617, 51.16735], [18.16558, 51.1652], [18.16672, 51.16525], [18.16748, 51.16387], [18.17089, 51.16319], [18.17445, 51.16127], [18.17588, 51.16161], [18.17909, 51.16033], [18.18333, 51.16061], [18.18489, 51.15936], [18.18486, 51.15798], [18.18702, 51.15715], [18.18765, 51.15768], [18.18882, 51.15723], [18.18951, 51.15797], [18.19638, 51.15805], [18.1975, 51.15714], [18.20112, 51.15725], [18.20298, 51.15631], [18.20805, 51.15564], [18.20956, 51.15611], [18.21545, 51.15524], [18.2191, 51.1558], [18.2215, 51.15452], [18.22213, 51.1566], [18.22361, 51.157], [18.23093, 51.15574], [18.23266, 51.15767], [18.23765, 51.15879], [18.2399, 51.15875], [18.24234, 51.15694], [18.24371, 51.15683], [18.24359, 51.15607], [18.24577, 51.1562], [18.24639, 51.15757], [18.25245, 51.15576], [18.25951, 51.15767], [18.26495, 51.15589], [18.26899, 51.15272], [18.27024, 51.1505], [18.27515, 51.14954], [18.27759, 51.1477], [18.28565, 51.14627], [18.28909, 51.14644], [18.29247, 51.14348], [18.2952, 51.14226], [18.2972, 51.14246], [18.29889, 51.14007], [18.30226, 51.13959], [18.30313, 51.14019], [18.30432, 51.13878], [18.3029, 51.13826], [18.30304, 51.13717], [18.30436, 51.13703], [18.3051, 51.13535], [18.30689, 51.135], [18.30859, 51.13569], [18.30996, 51.13466], [18.31495, 51.13395], [18.3168, 51.13606], [18.31979, 51.13648], [18.32327, 51.13826], [18.32805, 51.13881], [18.3299, 51.13826], [18.33264, 51.13919], [18.33607, 51.138], [18.33757, 51.1387], [18.33972, 51.13836], [18.34038, 51.13741], [18.34231, 51.13813], [18.34459, 51.13702], [18.3468, 51.1373], [18.34755, 51.13812], [18.353, 51.13616], [18.35547, 51.13718], [18.35736, 51.13604], [18.36064, 51.13749], [18.36318, 51.13627], [18.36327, 51.13768], [18.36702, 51.13881], [18.36799, 51.13678], [18.36973, 51.13702], [18.37032, 51.13518], [18.37194, 51.13527], [18.37176, 51.13453], [18.37348, 51.13389], [18.3751, 51.13429], [18.37556, 51.13111], [18.37863, 51.13089], [18.38168, 51.1282], [18.38476, 51.12978], [18.38773, 51.12998], [18.3927, 51.12642], [18.39974, 51.12589], [18.40231, 51.12445], [18.40547, 51.1249], [18.40648, 51.12414], [18.41892, 51.12586], [18.42194, 51.11708], [18.42905, 51.11761], [18.42982, 51.11575], [18.4369, 51.11407], [18.44301, 51.11491], [18.4542, 51.11509], [18.46448, 51.12015], [18.46801, 51.11239], [18.46707, 51.1113], [18.46972, 51.10439], [18.48142, 51.09972], [18.47831, 51.09233], [18.48945, 51.09071], [18.49653, 51.0952], [18.49643, 51.09778], [18.49872, 51.09961], [18.50364, 51.10016], [18.50573, 51.1018], [18.51069, 51.10328], [18.51293, 51.10321], [18.51448, 51.10452], [18.51569, 51.1044], [18.51968, 51.10805], [18.51661, 51.11117], [18.518, 51.11442], [18.52014, 51.11625], [18.51648, 51.12082], [18.51547, 51.13274], [18.51741, 51.13679], [18.52083, 51.14025], [18.52364, 51.14045], [18.53332, 51.13799], [18.53671, 51.13787], [18.53952, 51.13831], [18.54301, 51.1411], [18.5481, 51.14107], [18.5537, 51.13883], [18.55721, 51.13429], [18.55701, 51.13297], [18.55986, 51.13132], [18.56337, 51.12642], [18.56353, 51.1246], [18.56765, 51.11905], [18.56411, 51.11226], [18.56137, 51.11115], [18.5623, 51.10654], [18.56789, 51.1024], [18.57091, 51.09858], [18.57885, 51.0935], [18.58077, 51.08983], [18.57736, 51.08437], [18.57761, 51.08203], [18.58074, 51.08234], [18.59235, 51.08091], [18.59502, 51.08193], [18.5998, 51.08226], [18.60828, 51.08172], [18.60992, 51.08036], [18.61676, 51.07939], [18.61998, 51.07766], [18.62357, 51.07721], [18.62308, 51.07561], [18.62552, 51.07267], [18.62502, 51.07174], [18.63746, 51.06339], [18.64836, 51.06107], [18.66068, 51.05465], [18.66473, 51.05448], [18.66881, 51.05645], [18.67295, 51.0569], [18.67542, 51.05334], [18.67196, 51.04906], [18.68679, 51.02643], [18.69549, 51.01578], [18.68584, 51.01043], [18.67978, 51.00829], [18.66703, 51.00777], [18.65616, 51.00498], [18.66819, 50.98899], [18.66357, 50.98207], [18.66279, 50.97804], [18.66357, 50.97047], [18.66123, 50.96969], [18.65807, 50.9706], [18.65497, 50.96993], [18.65348, 50.97042], [18.64837, 50.96888], [18.64456, 50.96905], [18.64286, 50.96549], [18.6382, 50.96449], [18.63015, 50.96378], [18.62524, 50.96583], [18.62222, 50.96565], [18.61965, 50.96128], [18.61239, 50.95514], [18.63031, 50.93117], [18.64102, 50.93173], [18.64926, 50.93116], [18.64912, 50.92685], [18.65056, 50.92406], [18.65165, 50.92389], [18.65417, 50.92064], [18.65469, 50.91921], [18.65375, 50.91865], [18.65495, 50.91658], [18.64967, 50.90766], [18.65037, 50.90602], [18.6487, 50.90555], [18.64774, 50.90409], [18.64657, 50.90419], [18.64637, 50.90235], [18.64233, 50.89951], [18.64232, 50.89566], [18.63706, 50.89282], [18.63586, 50.88882], [18.6339, 50.88789], [18.6349, 50.88696], [18.63338, 50.88592], [18.63429, 50.88543], [18.63398, 50.88342], [18.63214, 50.88317], [18.63273, 50.88157], [18.62936, 50.87931], [18.62784, 50.87428], [18.62855, 50.87244], [18.62349, 50.87018], [18.6245, 50.86944], [18.623, 50.8653], [18.61912, 50.86259], [18.61753, 50.85936], [18.61647, 50.85567], [18.61796, 50.85487], [18.61626, 50.85352], [18.60297, 50.85405], [18.58819, 50.85163], [18.57855, 50.84434], [18.55797, 50.83408], [18.55747, 50.83019], [18.56293, 50.81975], [18.5611, 50.81557], [18.56244, 50.80909], [18.5606, 50.80807], [18.54769, 50.80697], [18.53853, 50.8048], [18.52189, 50.80236], [18.51303, 50.80344], [18.50458, 50.80101], [18.50364, 50.79696], [18.51244, 50.79804], [18.51606, 50.79739], [18.51588, 50.79598], [18.52088, 50.79686], [18.52213, 50.79164], [18.51679, 50.792], [18.51617, 50.78887], [18.52605, 50.78639], [18.52505, 50.78622], [18.5272, 50.78011], [18.52507, 50.77639], [18.53433, 50.77879], [18.53673, 50.77454], [18.53803, 50.77415], [18.53479, 50.77134], [18.55006, 50.75959], [18.55466, 50.75866], [18.55711, 50.75685], [18.56777, 50.75708], [18.57234, 50.75627], [18.57655, 50.75353], [18.58191, 50.75282], [18.5817, 50.75238], [18.57767, 50.74801], [18.57216, 50.74896], [18.57049, 50.74471], [18.56354, 50.7461], [18.55486, 50.74896], [18.55545, 50.75097], [18.55177, 50.75224], [18.55199, 50.74957], [18.54911, 50.74901], [18.54956, 50.74735], [18.54757, 50.74193], [18.5483, 50.73202], [18.54345, 50.73026], [18.5309, 50.72854], [18.52334, 50.72668], [18.50895, 50.72606], [18.50677, 50.72098], [18.50762, 50.71721], [18.50689, 50.71319], [18.5012, 50.71096], [18.50047, 50.70978], [18.49567, 50.71053], [18.48934, 50.70858], [18.48388, 50.70826], [18.48411, 50.70303], [18.48061, 50.70416], [18.47826, 50.7031], [18.4794, 50.703], [18.4795, 50.70227], [18.48813, 50.70179], [18.49359, 50.70048], [18.49254, 50.69672], [18.50091, 50.69381], [18.4993, 50.68946], [18.49478, 50.69063], [18.49338, 50.68699], [18.48735, 50.687], [18.48749, 50.6862], [18.48384, 50.68559], [18.48519, 50.68343], [18.48641, 50.68377], [18.48772, 50.6815], [18.48553, 50.68047], [18.48702, 50.67864], [18.48822, 50.67918], [18.48942, 50.67762], [18.49182, 50.67896], [18.49242, 50.67782], [18.49755, 50.67897], [18.49958, 50.67593], [18.50253, 50.67637], [18.5039, 50.67365], [18.50844, 50.67437], [18.5089, 50.67371], [18.49671, 50.67063], [18.49416, 50.66429], [18.52273, 50.65956], [18.5224, 50.65829], [18.51306, 50.65793], [18.50643, 50.64137], [18.5168, 50.63961], [18.51319, 50.63073], [18.51747, 50.62546], [18.58725, 50.61382], [18.59013, 50.60639], [18.60173, 50.60445], [18.5908, 50.57779], [18.59546, 50.5776], [18.59089, 50.57583], [18.59289, 50.57511], [18.59177, 50.57415], [18.59539, 50.5727], [18.60045, 50.57442], [18.59803, 50.56862], [18.60344, 50.56763], [18.61619, 50.56918], [18.60538, 50.55274], [18.60744, 50.54994], [18.60412, 50.54904], [18.59782, 50.55062], [18.58824, 50.54714], [18.58355, 50.54862], [18.58315, 50.54808], [18.58145, 50.54843], [18.57986, 50.5456], [18.57503, 50.5478], [18.57268, 50.5481], [18.56376, 50.54365], [18.55923, 50.54028], [18.55688, 50.53976], [18.55297, 50.54004], [18.54994, 50.54124], [18.53406, 50.54243], [18.52097, 50.5461], [18.50599, 50.54919], [18.47786, 50.55271], [18.47537, 50.5519], [18.47221, 50.55194], [18.45973, 50.54865], [18.45177, 50.54749], [18.44378, 50.54789], [18.43705, 50.54593], [18.43565, 50.54466], [18.43558, 50.54171], [18.43137, 50.53704], [18.42989, 50.5316], [18.43823, 50.52715], [18.43985, 50.51948], [18.44289, 50.51297], [18.44539, 50.51158], [18.44647, 50.50956], [18.44749, 50.4989], [18.46654, 50.4995], [18.46724, 50.48867], [18.46872, 50.48843], [18.46834, 50.48649], [18.46986, 50.48383], [18.47036, 50.4796], [18.47437, 50.47928], [18.4733, 50.47701], [18.47414, 50.4767], [18.47359, 50.47536], [18.47569, 50.47487], [18.47493, 50.47303], [18.47946, 50.4735], [18.47933, 50.47153], [18.48155, 50.47132], [18.48154, 50.4704], [18.48599, 50.46987], [18.48514, 50.46768], [18.48406, 50.46753], [18.4845, 50.4663], [18.48322, 50.46662], [18.48132, 50.45827], [18.46847, 50.46164], [18.45856, 50.46168], [18.45196, 50.46264], [18.45158, 50.468], [18.45328, 50.47102], [18.45045, 50.47396], [18.4527, 50.47693], [18.44004, 50.48073], [18.43477, 50.47842], [18.40995, 50.47461], [18.40484, 50.47534], [18.39368, 50.48033], [18.38375, 50.48356], [18.38181, 50.4813], [18.37961, 50.48174], [18.37963, 50.47883], [18.38289, 50.46992], [18.38383, 50.4612], [18.38583, 50.46061], [18.38689, 50.45875], [18.38566, 50.4577], [18.38297, 50.45723], [18.38293, 50.45643], [18.38581, 50.45451], [18.38615, 50.45169], [18.38248, 50.45243], [18.38165, 50.44914], [18.38753, 50.44519], [18.38908, 50.43959], [18.38613, 50.43392], [18.38725, 50.43228], [18.38563, 50.4313], [18.38041, 50.4294], [18.37983, 50.42822], [18.37596, 50.42647], [18.37192, 50.42577], [18.36688, 50.42683], [18.36556, 50.42434], [18.36715, 50.42026], [18.36488, 50.41912], [18.37054, 50.41542], [18.37807, 50.41355], [18.37999, 50.41002], [18.38075, 50.41031], [18.38245, 50.40875], [18.38215, 50.40711], [18.38555, 50.40425], [18.38591, 50.40293], [18.38478, 50.40255], [18.38585, 50.40179], [18.38471, 50.40017], [18.38735, 50.39846], [18.38703, 50.3974], [18.39137, 50.39243], [18.39366, 50.39145], [18.39358, 50.38957], [18.39632, 50.38896], [18.3961, 50.38834], [18.39421, 50.38854], [18.39115, 50.38544], [18.38493, 50.38465], [18.38405, 50.38326], [18.38554, 50.38315], [18.38502, 50.38017], [18.38231, 50.38145], [18.38101, 50.38061], [18.37718, 50.38103], [18.377, 50.37906], [18.37385, 50.37991], [18.37651, 50.3761], [18.38822, 50.37451], [18.38856, 50.37036], [18.37247, 50.37158], [18.37355, 50.36602], [18.37276, 50.36109], [18.36314, 50.35714], [18.36066, 50.35746], [18.35774, 50.35657], [18.3716, 50.34703], [18.38123, 50.34463], [18.39389, 50.33846], [18.40014, 50.33129], [18.40101, 50.32724], [18.39811, 50.32319], [18.39923, 50.32273], [18.40572, 50.32431], [18.40672, 50.3228], [18.40905, 50.31717], [18.40524, 50.31676], [18.39987, 50.3146], [18.39779, 50.31518], [18.39307, 50.31368], [18.39199, 50.31396], [18.394, 50.30921], [18.39323, 50.30536], [18.39916, 50.29956], [18.4043, 50.29629], [18.40559, 50.29231], [18.40764, 50.28991], [18.40613, 50.28659], [18.40021, 50.28411], [18.39643, 50.28044], [18.39369, 50.27592], [18.39389, 50.27539], [18.40094, 50.27721], [18.40611, 50.2771], [18.42018, 50.27387], [18.42209, 50.27283], [18.42765, 50.26731], [18.42655, 50.26139], [18.42023, 50.26154], [18.42587, 50.24897], [18.42081, 50.24912], [18.41216, 50.25182], [18.40587, 50.25476], [18.39985, 50.25376], [18.38374, 50.25553], [18.3766, 50.25391], [18.36876, 50.25453], [18.35339, 50.25824], [18.35506, 50.25508], [18.36211, 50.24727], [18.35927, 50.24789], [18.35431, 50.24711], [18.34685, 50.24725], [18.33393, 50.24526], [18.32493, 50.24088], [18.313, 50.24067], [18.31325, 50.23579], [18.30844, 50.23076], [18.30516, 50.23023], [18.30529, 50.23179], [18.29644, 50.23026], [18.29761, 50.22901], [18.28702, 50.22753], [18.27527, 50.22486], [18.27124, 50.22036], [18.26702, 50.22172], [18.2644, 50.22164], [18.2645, 50.22222], [18.25241, 50.22262], [18.24938, 50.21777], [18.23947, 50.21554], [18.23668, 50.21421], [18.23585, 50.21275], [18.23787, 50.20822], [18.23534, 50.20284], [18.23562, 50.20097], [18.24166, 50.19717], [18.24941, 50.19776], [18.25059, 50.19436], [18.24898, 50.19256], [18.22925, 50.19091], [18.20531, 50.19032], [18.19385, 50.18771], [18.1853, 50.18689], [18.18599, 50.18096], [18.18273, 50.18104], [18.17713, 50.18357], [18.17493, 50.18555], [18.17337, 50.18554], [18.17264, 50.18678], [18.16233, 50.18921], [18.15066, 50.1834], [18.14558, 50.17945], [18.14398, 50.18082], [18.14204, 50.18086], [18.13796, 50.17945], [18.13537, 50.18378], [18.1336, 50.18442], [18.12452, 50.17996], [18.1238, 50.18044], [18.12054, 50.17921], [18.12286, 50.17479], [18.11816, 50.17259], [18.11053, 50.16732], [18.10573, 50.16886], [18.10375, 50.17078], [18.10095, 50.17564], [18.1011, 50.17765], [18.10348, 50.17864], [18.10153, 50.18088], [18.10065, 50.1807], [18.10085, 50.17761], [18.08327, 50.17571], [18.08333, 50.17464], [18.07843, 50.17436], [18.07104, 50.17062], [18.067, 50.17276], [18.06487, 50.17184], [18.06359, 50.17397], [18.06223, 50.17345], [18.06179, 50.17412], [18.0631, 50.17468], [18.0619, 50.1757], [18.0598, 50.17466], [18.05789, 50.17333], [18.06298, 50.16982], [18.06142, 50.16834], [18.06409, 50.16782], [18.06124, 50.16497], [18.05861, 50.16535], [18.05637, 50.16379], [18.05876, 50.16292], [18.05645, 50.16063], [18.06602, 50.15699], [18.05571, 50.14497], [18.05342, 50.14565], [18.05016, 50.13809], [18.05177, 50.13752], [18.05227, 50.13501], [18.05469, 50.1336], [18.06522, 50.12996], [18.06817, 50.12974], [18.06711, 50.12397], [18.06186, 50.11918], [18.06075, 50.11603], [18.06495, 50.11466], [18.06468, 50.11367], [18.07156, 50.11062], [18.07257, 50.10939], [18.06645, 50.10655], [18.05951, 50.09683], [18.0572, 50.0872], [18.05195, 50.08363], [18.04247, 50.07393], [18.04102, 50.06961], [18.03448, 50.06587], [18.02086, 50.06092], [18.012, 50.05472], [18.00516, 50.05349], [18.005, 50.05295], [18.00665, 50.04471], [18.00592, 50.04043], [18.00407, 50.03899], [18.00882, 50.03128], [18.0131, 50.03024], [18.01736, 50.03117], [18.02221, 50.03614], [18.0246, 50.03657], [18.02474, 50.03876], [18.02857, 50.03873], [18.0385, 50.03637], [18.04438, 50.03661], [18.04902, 50.02743], [18.04669, 50.02681], [18.04754, 50.02473], [18.04293, 50.02204], [18.04417, 50.02009], [18.047, 50.01938], [18.04589, 50.01917], [18.04631, 50.01589], [18.04247, 50.01572], [18.04229, 50.01389], [18.04091, 50.0136], [18.0445, 50.01035], [18.04571, 50.01029], [18.04546, 50.00513], [18.04354, 50.00499], [18.04348, 50.00622], [18.0371, 50.0086], [18.0353, 50.01101], [18.02416, 50.0103], [18.01447, 50.01111], [18.00746, 50.0107], [18.00464, 50.01836]]]}}, {"type": "Feature", "properties": {"kod": "18", "nazwa": "podkarpackie"}, "geometry": {"type": "Polygon", "coordinates": [[[22.15826, 50.78023], [22.15231, 50.77179], [22.17695, 50.76591], [22.17976, 50.76738], [22.18614, 50.76625], [22.18575, 50.76422], [22.19085, 50.76316], [22.19163, 50.7618], [22.19749, 50.76089], [22.19761, 50.75879], [22.20001, 50.75842], [22.19994, 50.75771], [22.20122, 50.75739], [22.20091, 50.75623], [22.20395, 50.75553], [22.20559, 50.75401], [22.20356, 50.75067], [22.20078, 50.75244], [22.19877, 50.7493], [22.20105, 50.74877], [22.19999, 50.74738], [22.19789, 50.74798], [22.17037, 50.70619], [22.1733, 50.70295], [22.17531, 50.70251], [22.1763, 50.7007], [22.17035, 50.69644], [22.17091, 50.69515], [22.16963, 50.69434], [22.17038, 50.69285], [22.16832, 50.6896], [22.16908, 50.68888], [22.1665, 50.68789], [22.16464, 50.6859], [22.1626, 50.68576], [22.16239, 50.68514], [22.16118, 50.68556], [22.15882, 50.68434], [22.1588, 50.6816], [22.15459, 50.67914], [22.14995, 50.67927], [22.14803, 50.67817], [22.14628, 50.67812], [22.14725, 50.6762], [22.146, 50.67461], [22.14704, 50.674], [22.14658, 50.67223], [22.14476, 50.6711], [22.14302, 50.67118], [22.1414, 50.66988], [22.14945, 50.66894], [22.15485, 50.66911], [22.16302, 50.66719], [22.17023, 50.66648], [22.18515, 50.66631], [22.18937, 50.66442], [22.19405, 50.66487], [22.19802, 50.66671], [22.20629, 50.6662], [22.21157, 50.66271], [22.22318, 50.65976], [22.2325, 50.65266], [22.23363, 50.64676], [22.24639, 50.635], [22.24719, 50.63225], [22.24633, 50.62319], [22.2492, 50.62068], [22.25338, 50.62117], [22.25708, 50.62027], [22.26492, 50.62225], [22.26812, 50.62095], [22.27243, 50.62058], [22.27373, 50.62261], [22.27649, 50.62186], [22.28179, 50.62264], [22.28666, 50.62126], [22.28798, 50.6229], [22.28926, 50.62304], [22.29147, 50.62214], [22.28982, 50.61905], [22.29443, 50.61803], [22.29816, 50.6198], [22.29975, 50.61689], [22.30385, 50.6186], [22.30679, 50.61686], [22.30901, 50.6166], [22.31215, 50.61909], [22.31554, 50.61949], [22.31618, 50.61887], [22.3188, 50.61857], [22.31951, 50.6191], [22.32642, 50.61738], [22.329, 50.6155], [22.33207, 50.61664], [22.3339, 50.6156], [22.33586, 50.61562], [22.33502, 50.61477], [22.33861, 50.61383], [22.33871, 50.61519], [22.34018, 50.61434], [22.33931, 50.61396], [22.34076, 50.61427], [22.3432, 50.6133], [22.34243, 50.61252], [22.34319, 50.61218], [22.34599, 50.61197], [22.34664, 50.61389], [22.34836, 50.61449], [22.35174, 50.61101], [22.35394, 50.61179], [22.35687, 50.61154], [22.35676, 50.60903], [22.36466, 50.60755], [22.36575, 50.60642], [22.36721, 50.60721], [22.37074, 50.60499], [22.37364, 50.60497], [22.37421, 50.6039], [22.37867, 50.60421], [22.38093, 50.60242], [22.38061, 50.60105], [22.38266, 50.59794], [22.39589, 50.59526], [22.39958, 50.59378], [22.40732, 50.58553], [22.42012, 50.58063], [22.42658, 50.58428], [22.45526, 50.58902], [22.45497, 50.58986], [22.46079, 50.59103], [22.46266, 50.59059], [22.46226, 50.59131], [22.46528, 50.59194], [22.46841, 50.58603], [22.46481, 50.5852], [22.46535, 50.58441], [22.47079, 50.58522], [22.48323, 50.5812], [22.48883, 50.58015], [22.48939, 50.57935], [22.4868, 50.57767], [22.48839, 50.57685], [22.48476, 50.57684], [22.48362, 50.57574], [22.49085, 50.57646], [22.48934, 50.57735], [22.48953, 50.57826], [22.49122, 50.57817], [22.49232, 50.57969], [22.49171, 50.5828], [22.50647, 50.58423], [22.5065, 50.57759], [22.50905, 50.57742], [22.5065, 50.57728], [22.50578, 50.57561], [22.51502, 50.5755], [22.51545, 50.57779], [22.51153, 50.57748], [22.51228, 50.57851], [22.51042, 50.57891], [22.50962, 50.58009], [22.51974, 50.58323], [22.52773, 50.57599], [22.53359, 50.57261], [22.53624, 50.57206], [22.53547, 50.55324], [22.53849, 50.54985], [22.52017, 50.54882], [22.51989, 50.54321], [22.52306, 50.54321], [22.52365, 50.5423], [22.51814, 50.54232], [22.51172, 50.53906], [22.52022, 50.5342], [22.53446, 50.53758], [22.53328, 50.53305], [22.53176, 50.53183], [22.53221, 50.5314], [22.53438, 50.53247], [22.53402, 50.52579], [22.53539, 50.52411], [22.52761, 50.52199], [22.5367, 50.51669], [22.52883, 50.51277], [22.54088, 50.50586], [22.54851, 50.50793], [22.55117, 50.5078], [22.55516, 50.50555], [22.57113, 50.50978], [22.57699, 50.5043], [22.56712, 50.49838], [22.57167, 50.49655], [22.57087, 50.49531], [22.57166, 50.49496], [22.5688, 50.4946], [22.54773, 50.48707], [22.54604, 50.48573], [22.54541, 50.48642], [22.53952, 50.48411], [22.53391, 50.48317], [22.51227, 50.48669], [22.51095, 50.48605], [22.51228, 50.48455], [22.51108, 50.48339], [22.50564, 50.48371], [22.5115, 50.4816], [22.51384, 50.47921], [22.51508, 50.47941], [22.51614, 50.47735], [22.518, 50.47693], [22.51949, 50.47841], [22.52358, 50.47719], [22.5249, 50.47984], [22.52593, 50.4805], [22.52698, 50.48012], [22.52545, 50.47514], [22.56723, 50.48323], [22.56715, 50.48047], [22.58157, 50.48179], [22.5824, 50.4832], [22.5864, 50.48305], [22.58725, 50.48085], [22.5862, 50.47735], [22.5716, 50.47208], [22.56009, 50.46915], [22.55922, 50.46823], [22.55768, 50.46832], [22.55569, 50.46575], [22.5538, 50.4655], [22.55733, 50.46098], [22.56183, 50.4638], [22.56628, 50.46339], [22.56809, 50.46166], [22.56598, 50.45947], [22.55572, 50.46027], [22.55109, 50.46215], [22.54883, 50.46029], [22.5455, 50.45198], [22.53034, 50.44707], [22.52985, 50.44963], [22.52586, 50.45255], [22.52532, 50.45431], [22.52319, 50.45373], [22.52104, 50.45544], [22.52392, 50.45643], [22.52416, 50.45759], [22.52284, 50.46022], [22.52003, 50.4622], [22.52071, 50.46409], [22.50729, 50.46754], [22.51069, 50.46022], [22.50994, 50.45661], [22.50581, 50.45638], [22.50427, 50.45519], [22.49719, 50.4552], [22.47083, 50.45928], [22.46815, 50.46051], [22.4659, 50.46007], [22.46393, 50.46221], [22.46225, 50.4624], [22.46333, 50.4657], [22.44445, 50.46211], [22.44416, 50.4607], [22.44723, 50.45625], [22.4522, 50.45327], [22.45634, 50.45219], [22.45665, 50.44929], [22.44959, 50.44861], [22.44994, 50.44691], [22.44695, 50.44666], [22.44745, 50.44493], [22.45639, 50.4458], [22.45951, 50.43409], [22.45007, 50.43297], [22.44622, 50.41895], [22.41194, 50.42341], [22.40503, 50.39822], [22.40294, 50.39524], [22.40545, 50.39444], [22.40782, 50.39761], [22.41941, 50.39688], [22.42057, 50.40017], [22.43721, 50.39967], [22.4352, 50.39247], [22.43841, 50.39157], [22.4389, 50.3924], [22.44464, 50.39152], [22.44584, 50.39013], [22.45291, 50.38859], [22.45141, 50.3708], [22.45519, 50.36678], [22.45737, 50.36789], [22.48227, 50.35509], [22.48038, 50.35312], [22.50373, 50.35286], [22.50142, 50.35118], [22.50322, 50.34839], [22.50123, 50.34743], [22.50114, 50.34621], [22.50663, 50.34544], [22.507, 50.34361], [22.5101, 50.34444], [22.51004, 50.34514], [22.51145, 50.34471], [22.51125, 50.34552], [22.51252, 50.34591], [22.51519, 50.34576], [22.51653, 50.34731], [22.51564, 50.34839], [22.51894, 50.34853], [22.51864, 50.34903], [22.52098, 50.34965], [22.52107, 50.35075], [22.5227, 50.35159], [22.52578, 50.35076], [22.52607, 50.35167], [22.53034, 50.35199], [22.52971, 50.35334], [22.53163, 50.35374], [22.53048, 50.35431], [22.53154, 50.35493], [22.53211, 50.35451], [22.53386, 50.35517], [22.53443, 50.35381], [22.53479, 50.35467], [22.53832, 50.35454], [22.54019, 50.35567], [22.54088, 50.35509], [22.54097, 50.35596], [22.54246, 50.35572], [22.5459, 50.35727], [22.55488, 50.3563], [22.5558, 50.35715], [22.55708, 50.35746], [22.55786, 50.35691], [22.56518, 50.35906], [22.57142, 50.35667], [22.57176, 50.35742], [22.57324, 50.35754], [22.57399, 50.35678], [22.58343, 50.35551], [22.59132, 50.35203], [22.59551, 50.34874], [22.60213, 50.34909], [22.60788, 50.35178], [22.6102, 50.35137], [22.61294, 50.35281], [22.61883, 50.35387], [22.62457, 50.3575], [22.62862, 50.35678], [22.63182, 50.35788], [22.63504, 50.35751], [22.63655, 50.35855], [22.63986, 50.35785], [22.64136, 50.35855], [22.64217, 50.35789], [22.64286, 50.35873], [22.64377, 50.35814], [22.64722, 50.35849], [22.64785, 50.35757], [22.65088, 50.35766], [22.65561, 50.35537], [22.65818, 50.35572], [22.65974, 50.35512], [22.6628, 50.35576], [22.66361, 50.35472], [22.66587, 50.35458], [22.66673, 50.35373], [22.66781, 50.35446], [22.67037, 50.35429], [22.67173, 50.3552], [22.67233, 50.35468], [22.67243, 50.35537], [22.6777, 50.35537], [22.68211, 50.35652], [22.68796, 50.35692], [22.6876, 50.35246], [22.68611, 50.34935], [22.68693, 50.34507], [22.67394, 50.34413], [22.66993, 50.34], [22.66062, 50.33785], [22.65261, 50.33642], [22.64087, 50.3364], [22.61971, 50.33304], [22.61034, 50.33], [22.60658, 50.32545], [22.60691, 50.31107], [22.60806, 50.31137], [22.60765, 50.31078], [22.61271, 50.30987], [22.61398, 50.3089], [22.61576, 50.30945], [22.61641, 50.30742], [22.6187, 50.30859], [22.62116, 50.30761], [22.62363, 50.30789], [22.6261, 50.3061], [22.63227, 50.3055], [22.63605, 50.3036], [22.63841, 50.30362], [22.63822, 50.30308], [22.64453, 50.30593], [22.65693, 50.30087], [22.65918, 50.30108], [22.66137, 50.30257], [22.66354, 50.30182], [22.67163, 50.30154], [22.67355, 50.29795], [22.68184, 50.29833], [22.68181, 50.29916], [22.68329, 50.29872], [22.68523, 50.29952], [22.68793, 50.29771], [22.69526, 50.29643], [22.69759, 50.29459], [22.70177, 50.29464], [22.70319, 50.29243], [22.70732, 50.29117], [22.71312, 50.29408], [22.71605, 50.29398], [22.71724, 50.29512], [22.72206, 50.29614], [22.72215, 50.29684], [22.72616, 50.29743], [22.7277, 50.29942], [22.73147, 50.29989], [22.73668, 50.30198], [22.74035, 50.30092], [22.7514, 50.3033], [22.75386, 50.30259], [22.75719, 50.30323], [22.761, 50.30221], [22.77139, 50.30241], [22.77646, 50.30134], [22.7916, 50.30234], [22.8214, 50.30196], [22.85529, 50.29446], [22.8759, 50.29987], [22.88849, 50.30156], [22.90424, 50.29804], [22.92369, 50.29527], [22.93707, 50.29242], [22.9441, 50.2922], [22.94834, 50.29331], [22.95672, 50.29322], [22.97252, 50.29477], [22.98515, 50.2943], [22.98508, 50.29306], [22.99329, 50.29292], [23.00836, 50.29017], [23.00815, 50.28772], [23.01719, 50.28694], [23.01896, 50.28715], [23.01949, 50.28864], [23.02483, 50.28806], [23.0281, 50.28886], [23.02786, 50.29008], [23.02966, 50.29107], [23.03021, 50.29304], [23.03209, 50.29325], [23.0538, 50.30557], [23.06082, 50.31621], [23.06692, 50.32052], [23.06728, 50.32348], [23.07058, 50.32491], [23.0734, 50.32445], [23.07483, 50.32507], [23.07625, 50.32737], [23.08939, 50.32995], [23.17761, 50.39206], [23.1787, 50.39541], [23.18067, 50.39428], [23.18234, 50.39542], [23.18197, 50.39617], [23.18708, 50.39466], [23.18733, 50.39551], [23.19109, 50.39468], [23.19072, 50.39546], [23.19224, 50.39533], [23.19406, 50.39312], [23.19389, 50.39091], [23.19931, 50.39119], [23.20359, 50.39009], [23.20308, 50.38791], [23.20466, 50.38754], [23.20627, 50.38893], [23.20916, 50.38895], [23.20996, 50.38829], [23.21019, 50.38882], [23.21189, 50.38832], [23.21216, 50.38891], [23.21476, 50.38794], [23.2155, 50.38891], [23.21866, 50.3883], [23.2196, 50.38753], [23.21833, 50.38589], [23.21933, 50.38598], [23.21951, 50.38534], [23.21798, 50.38373], [23.22171, 50.38299], [23.22302, 50.38053], [23.22515, 50.37994], [23.22633, 50.38065], [23.22767, 50.37995], [23.22752, 50.37734], [23.22919, 50.3772], [23.22862, 50.37661], [23.22965, 50.37597], [23.23272, 50.3758], [23.23255, 50.37433], [23.23866, 50.37139], [23.23854, 50.37075], [23.24446, 50.36888], [23.25312, 50.36471], [23.2516, 50.36209], [23.25248, 50.36166], [23.25138, 50.36151], [23.25034, 50.35911], [23.26705, 50.37064], [23.27909, 50.37616], [23.29441, 50.37705], [23.30528, 50.38001], [23.30965, 50.38584], [23.31757, 50.39267], [23.32801, 50.39507], [23.33866, 50.3992], [23.34447, 50.39916], [23.35353, 50.40186], [23.35815, 50.41054], [23.37544, 50.407], [23.38031, 50.40699], [23.38757, 50.40539], [23.38494, 50.40131], [23.38472, 50.3985], [23.38081, 50.39904], [23.3808, 50.40015], [23.3773, 50.40177], [23.37601, 50.40105], [23.37401, 50.40162], [23.37358, 50.40003], [23.37019, 50.39953], [23.36806, 50.39721], [23.3697, 50.39594], [23.36633, 50.39373], [23.36723, 50.39277], [23.36616, 50.38878], [23.37497, 50.38747], [23.37971, 50.38367], [23.38276, 50.38327], [23.38034, 50.38041], [23.38171, 50.38022], [23.3739, 50.377], [23.37822, 50.36888], [23.3915, 50.36709], [23.39291, 50.36503], [23.39844, 50.36603], [23.40055, 50.36294], [23.4053, 50.36477], [23.40437, 50.3607], [23.40538, 50.36037], [23.40531, 50.35909], [23.40439, 50.3583], [23.40568, 50.35836], [23.40566, 50.35726], [23.4096, 50.35707], [23.40906, 50.35446], [23.41204, 50.35298], [23.41247, 50.35152], [23.41822, 50.35011], [23.42201, 50.35014], [23.42168, 50.34917], [23.42557, 50.34804], [23.42816, 50.34761], [23.43162, 50.34819], [23.43505, 50.34781], [23.4358, 50.34699], [23.43533, 50.3432], [23.40334, 50.30138], [23.41285, 50.30765], [23.42849, 50.3023], [23.45705, 50.30316], [23.47004, 50.29363], [23.49383, 50.29972], [23.50017, 50.29956], [23.50566, 50.29754], [23.50527, 50.29678], [23.50808, 50.29516], [23.5079, 50.29441], [23.50956, 50.29471], [23.51294, 50.29737], [23.51746, 50.2955], [23.51995, 50.29546], [23.51834, 50.28988], [23.50589, 50.2872], [23.50114, 50.28516], [23.50374, 50.2804], [23.50656, 50.2807], [23.51395, 50.27879], [23.51254, 50.27497], [23.51459, 50.27084], [23.5088, 50.2613], [23.51347, 50.26059], [23.52784, 50.26234], [23.53137, 50.262], [23.53206, 50.25941], [23.54279, 50.25849], [23.54265, 50.25687], [23.54395, 50.2567], [23.5439, 50.25304], [23.54791, 50.25181], [23.53035, 50.24334], [23.50633, 50.23032], [23.47013, 50.21788], [23.42944, 50.18421], [23.38033, 50.15936], [23.34214, 50.13361], [23.31395, 50.11197], [23.30847, 50.11095], [23.29851, 50.10706], [23.29685, 50.10291], [23.28392, 50.09904], [23.28009, 50.10055], [23.27918, 50.09981], [23.27933, 50.08629], [23.2646, 50.07887], [23.23933, 50.05446], [23.216, 50.04747], [23.21302, 50.0311], [23.14263, 49.97123], [23.11492, 49.95654], [23.10749, 49.94196], [23.08849, 49.92484], [23.06522, 49.90837], [23.03328, 49.88134], [22.99547, 49.84216], [22.9707, 49.83865], [22.95667, 49.81113], [22.96193, 49.8047], [22.95444, 49.80331], [22.94195, 49.79664], [22.93282, 49.79329], [22.91049, 49.77437], [22.9016, 49.76826], [22.89795, 49.76446], [22.89678, 49.75176], [22.88513, 49.74463], [22.87343, 49.74063], [22.8521, 49.72036], [22.84779, 49.71008], [22.82193, 49.69453], [22.80556, 49.6934], [22.80301, 49.69111], [22.78723, 49.67646], [22.78332, 49.65724], [22.75625, 49.63524], [22.74945, 49.63126], [22.71626, 49.60033], [22.70658, 49.59329], [22.69359, 49.58069], [22.68473, 49.57171], [22.67817, 49.5607], [22.67469, 49.54916], [22.66316, 49.53883], [22.64082, 49.52999], [22.64471, 49.52384], [22.65122, 49.50838], [22.67041, 49.49752], [22.69669, 49.49513], [22.70045, 49.48842], [22.70142, 49.48088], [22.71287, 49.43755], [22.72555, 49.40983], [22.73247, 49.3986], [22.7442, 49.3698], [22.74684, 49.3599], [22.74317, 49.33586], [22.75094, 49.3166], [22.7441, 49.29883], [22.74025, 49.26319], [22.73962, 49.24735], [22.72131, 49.24134], [22.71668, 49.23579], [22.71488, 49.22649], [22.72012, 49.22114], [22.72506, 49.22054], [22.7292, 49.22115], [22.73591, 49.21819], [22.74207, 49.21868], [22.74302, 49.21715], [22.74707, 49.21678], [22.74762, 49.21534], [22.74446, 49.21435], [22.74058, 49.21165], [22.73401, 49.21156], [22.73322, 49.20998], [22.73436, 49.20704], [22.73053, 49.20514], [22.72931, 49.20348], [22.72885, 49.2005], [22.73082, 49.1985], [22.72887, 49.197], [22.72271, 49.196], [22.72238, 49.19377], [22.71982, 49.19178], [22.71991, 49.18859], [22.71783, 49.18698], [22.71616, 49.1836], [22.70837, 49.18099], [22.70771, 49.17428], [22.71029, 49.17191], [22.71455, 49.17056], [22.71524, 49.16631], [22.71815, 49.16489], [22.7208, 49.16566], [22.72471, 49.16829], [22.72407, 49.17442], [22.72485, 49.1751], [22.72725, 49.17455], [22.72998, 49.1753], [22.73323, 49.17962], [22.73276, 49.18219], [22.73813, 49.18233], [22.74047, 49.18364], [22.74297, 49.1827], [22.74747, 49.18445], [22.74975, 49.18396], [22.75252, 49.18126], [22.75586, 49.18267], [22.75642, 49.18072], [22.74975, 49.17665], [22.74913, 49.17291], [22.74229, 49.16864], [22.74142, 49.16467], [22.73845, 49.15993], [22.73946, 49.15767], [22.74475, 49.15802], [22.7456, 49.15605], [22.74942, 49.15611], [22.75019, 49.15366], [22.75179, 49.15288], [22.75522, 49.15402], [22.76025, 49.15251], [22.76327, 49.15418], [22.7671, 49.15378], [22.77408, 49.15583], [22.7731, 49.15249], [22.78478, 49.15749], [22.78916, 49.15762], [22.79005, 49.15622], [22.79178, 49.15581], [22.79246, 49.15419], [22.78902, 49.14969], [22.79269, 49.1464], [22.79214, 49.14484], [22.79386, 49.14293], [22.79186, 49.14081], [22.79318, 49.13823], [22.79985, 49.13592], [22.80131, 49.1339], [22.8055, 49.13378], [22.80808, 49.1324], [22.80711, 49.13102], [22.80741, 49.12874], [22.81272, 49.13035], [22.81639, 49.12976], [22.81642, 49.12802], [22.81259, 49.12612], [22.81218, 49.12512], [22.81503, 49.12334], [22.81888, 49.12622], [22.82011, 49.12272], [22.82227, 49.1228], [22.82666, 49.11992], [22.82921, 49.11922], [22.83085, 49.11769], [22.83055, 49.11684], [22.82936, 49.11679], [22.82927, 49.11265], [22.83151, 49.11102], [22.83294, 49.11067], [22.83652, 49.1124], [22.83739, 49.11183], [22.83641, 49.11044], [22.83717, 49.11087], [22.83825, 49.11007], [22.84261, 49.1101], [22.84469, 49.11101], [22.84615, 49.11281], [22.85115, 49.11467], [22.8542, 49.11103], [22.85609, 49.11088], [22.86029, 49.11219], [22.85559, 49.10676], [22.85539, 49.10425], [22.85572, 49.10359], [22.86, 49.10259], [22.86275, 49.1001], [22.86662, 49.10062], [22.86754, 49.09906], [22.87021, 49.09943], [22.876, 49.09675], [22.87982, 49.09862], [22.88087, 49.09724], [22.88567, 49.0988], [22.88496, 49.09654], [22.88911, 49.09746], [22.89266, 49.09467], [22.88847, 49.09065], [22.88569, 49.08578], [22.88146, 49.08482], [22.8807, 49.08401], [22.8812, 49.08271], [22.88186, 49.08434], [22.88326, 49.08428], [22.88372, 49.08121], [22.88065, 49.08001], [22.87583, 49.07972], [22.86813, 49.0772], [22.86665, 49.07468], [22.87163, 49.07175], [22.86943, 49.0698], [22.86856, 49.07064], [22.8683, 49.06991], [22.86656, 49.06961], [22.86587, 49.06874], [22.867, 49.06794], [22.86468, 49.06657], [22.8657, 49.06484], [22.8672, 49.06548], [22.86732, 49.06298], [22.86861, 49.06221], [22.86638, 49.0602], [22.8676, 49.05919], [22.86767, 49.05753], [22.86888, 49.05715], [22.86871, 49.05848], [22.87086, 49.05855], [22.87, 49.05743], [22.87143, 49.05653], [22.87177, 49.05489], [22.87345, 49.05595], [22.87466, 49.05546], [22.87436, 49.05206], [22.8758, 49.05112], [22.8704, 49.04695], [22.87111, 49.04593], [22.86645, 49.03999], [22.86838, 49.03962], [22.869, 49.03873], [22.87281, 49.03885], [22.87382, 49.03655], [22.87785, 49.03988], [22.87918, 49.0395], [22.87962, 49.03796], [22.88112, 49.03825], [22.87985, 49.03663], [22.87425, 49.03328], [22.87411, 49.03049], [22.87763, 49.02785], [22.87884, 49.02472], [22.88316, 49.02147], [22.88592, 49.021], [22.88649, 49.01941], [22.88976, 49.01977], [22.89409, 49.01764], [22.89302, 49.01573], [22.89091, 49.01559], [22.88953, 49.0137], [22.88952, 49.01202], [22.89162, 49.0102], [22.89126, 49.00745], [22.88902, 49.00669], [22.88656, 49.00724], [22.88265, 49.00687], [22.87451, 49.0039], [22.86954, 49.00409], [22.86783, 49.00286], [22.85967, 49.00204], [22.85233, 49.00316], [22.8471, 49.00238], [22.84682, 49.00352], [22.84398, 49.00492], [22.84446, 49.01141], [22.84262, 49.01305], [22.83956, 49.01984], [22.83847, 49.02126], [22.83582, 49.02247], [22.83375, 49.02607], [22.82843, 49.02493], [22.82432, 49.02276], [22.8196, 49.02464], [22.81319, 49.02514], [22.80972, 49.03107], [22.80951, 49.03464], [22.80014, 49.03664], [22.79487, 49.0395], [22.78622, 49.04645], [22.77175, 49.05215], [22.7655, 49.05353], [22.76177, 49.05211], [22.76009, 49.04729], [22.75497, 49.04294], [22.75202, 49.04279], [22.74871, 49.04525], [22.74402, 49.04538], [22.73886, 49.04815], [22.73539, 49.04903], [22.72748, 49.04825], [22.72429, 49.05125], [22.72259, 49.05106], [22.71787, 49.05277], [22.71465, 49.05147], [22.69911, 49.0497], [22.68649, 49.03973], [22.6818, 49.03898], [22.68018, 49.03938], [22.67994, 49.04042], [22.67474, 49.04131], [22.67127, 49.04281], [22.6692, 49.04763], [22.66294, 49.04803], [22.65989, 49.04711], [22.65157, 49.05082], [22.6509, 49.05235], [22.64711, 49.05485], [22.64598, 49.05777], [22.63972, 49.05972], [22.63802, 49.06145], [22.63622, 49.06529], [22.63401, 49.06688], [22.63116, 49.07576], [22.62791, 49.07866], [22.62567, 49.08032], [22.6183, 49.08119], [22.61322, 49.08414], [22.60504, 49.08451], [22.59981, 49.0935], [22.58248, 49.09732], [22.57304, 49.09188], [22.5701, 49.09107], [22.56787, 49.08868], [22.55976, 49.08732], [22.55596, 49.08759], [22.54778, 49.09029], [22.54709, 49.09155], [22.53943, 49.09469], [22.53339, 49.09317], [22.5154, 49.09247], [22.50773, 49.09139], [22.50375, 49.09015], [22.50022, 49.08618], [22.49871, 49.08579], [22.48595, 49.08889], [22.48481, 49.09102], [22.477, 49.09335], [22.46713, 49.1006], [22.46204, 49.10123], [22.45607, 49.10376], [22.45254, 49.10303], [22.44083, 49.10296], [22.43838, 49.10156], [22.43677, 49.10214], [22.43427, 49.10186], [22.43136, 49.10083], [22.42843, 49.09847], [22.42266, 49.09949], [22.41646, 49.10212], [22.41388, 49.10208], [22.41247, 49.1029], [22.40282, 49.11097], [22.40231, 49.11257], [22.39797, 49.11462], [22.39663, 49.11712], [22.39182, 49.11805], [22.38983, 49.12337], [22.39023, 49.12739], [22.37851, 49.13189], [22.37732, 49.1337], [22.37794, 49.13609], [22.37354, 49.13984], [22.36967, 49.14547], [22.36726, 49.14659], [22.3662, 49.14692], [22.36224, 49.14451], [22.35855, 49.14499], [22.35528, 49.14457], [22.35141, 49.14582], [22.33935, 49.14558], [22.33461, 49.14647], [22.32956, 49.14412], [22.32247, 49.13838], [22.32053, 49.13558], [22.31765, 49.13555], [22.31443, 49.13697], [22.30602, 49.13701], [22.30248, 49.13968], [22.29723, 49.14153], [22.28805, 49.14235], [22.28177, 49.14208], [22.27718, 49.14413], [22.26188, 49.14819], [22.25628, 49.15061], [22.25253, 49.15086], [22.24849, 49.15305], [22.24623, 49.15327], [22.23969, 49.15189], [22.23606, 49.15442], [22.22572, 49.15254], [22.2246, 49.15304], [22.22699, 49.15922], [22.22625, 49.16185], [22.22776, 49.16395], [22.22972, 49.16405], [22.23554, 49.16802], [22.2358, 49.17008], [22.23475, 49.17136], [22.2348, 49.17462], [22.23228, 49.17646], [22.23083, 49.18047], [22.22772, 49.18116], [22.22246, 49.18446], [22.2172, 49.18385], [22.2134, 49.18541], [22.21103, 49.18555], [22.20995, 49.18268], [22.20629, 49.18211], [22.20499, 49.17976], [22.19989, 49.17835], [22.19305, 49.17442], [22.18991, 49.17402], [22.18784, 49.17444], [22.18583, 49.17832], [22.17591, 49.1831], [22.17334, 49.18301], [22.16655, 49.18451], [22.16268, 49.18601], [22.16002, 49.18819], [22.15383, 49.18862], [22.14311, 49.19274], [22.14381, 49.20051], [22.12998, 49.20023], [22.12707, 49.20066], [22.12445, 49.20216], [22.11757, 49.20105], [22.11712, 49.20196], [22.11338, 49.20335], [22.10674, 49.20409], [22.10489, 49.20519], [22.09813, 49.20646], [22.09363, 49.20585], [22.08818, 49.20791], [22.07795, 49.20884], [22.06764, 49.21222], [22.06197, 49.21159], [22.06001, 49.21446], [22.05068, 49.21629], [22.04116, 49.22066], [22.03488, 49.22248], [22.03042, 49.22517], [22.03086, 49.22755], [22.03378, 49.23049], [22.03506, 49.23382], [22.03337, 49.24175], [22.03676, 49.24272], [22.03897, 49.24502], [22.03752, 49.24735], [22.03814, 49.25016], [22.04135, 49.25445], [22.04189, 49.25716], [22.04077, 49.2584], [22.03032, 49.26267], [22.03333, 49.26527], [22.03327, 49.26925], [22.035, 49.27563], [22.03402, 49.27854], [22.03001, 49.28218], [22.02338, 49.28613], [22.01069, 49.28953], [22.00145, 49.29717], [22.00073, 49.29933], [21.99149, 49.30431], [21.98887, 49.30851], [21.98318, 49.31037], [21.98158, 49.31463], [21.97854, 49.31692], [21.97784, 49.32554], [21.97234, 49.33476], [21.96527, 49.34169], [21.96609, 49.34512], [21.96278, 49.34791], [21.95988, 49.34938], [21.95239, 49.35007], [21.94937, 49.34776], [21.94482, 49.34867], [21.93403, 49.34612], [21.93034, 49.34693], [21.92378, 49.35176], [21.91803, 49.35419], [21.90789, 49.35328], [21.90573, 49.35243], [21.90377, 49.34996], [21.90037, 49.35409], [21.89522, 49.35617], [21.89183, 49.35863], [21.89139, 49.36047], [21.88933, 49.36226], [21.891, 49.36436], [21.88733, 49.36898], [21.87547, 49.37363], [21.87076, 49.37329], [21.86343, 49.36948], [21.859, 49.36856], [21.84791, 49.37812], [21.84777, 49.38066], [21.84927, 49.38411], [21.84731, 49.38667], [21.84351, 49.38763], [21.84023, 49.39152], [21.82584, 49.39079], [21.82207, 49.38911], [21.81738, 49.38434], [21.80852, 49.38151], [21.803, 49.38217], [21.80207, 49.38042], [21.79696, 49.37846], [21.79512, 49.37399], [21.79177, 49.37273], [21.78785, 49.36772], [21.78768, 49.36602], [21.79084, 49.36056], [21.78851, 49.35824], [21.78922, 49.35549], [21.78752, 49.35514], [21.78431, 49.35622], [21.778, 49.35605], [21.77359, 49.35908], [21.77195, 49.36269], [21.76855, 49.36459], [21.76624, 49.36719], [21.76628, 49.37009], [21.76303, 49.37499], [21.76296, 49.37699], [21.76515, 49.37811], [21.76477, 49.38154], [21.76339, 49.38347], [21.75645, 49.3866], [21.75212, 49.38736], [21.75037, 49.38913], [21.7452, 49.39016], [21.7405, 49.39253], [21.73465, 49.39895], [21.73289, 49.39927], [21.72942, 49.39766], [21.72689, 49.3981], [21.72429, 49.40311], [21.72511, 49.40479], [21.72377, 49.41008], [21.72177, 49.41228], [21.71517, 49.41406], [21.71019, 49.41338], [21.70816, 49.41512], [21.69936, 49.41851], [21.69749, 49.41828], [21.68952, 49.41448], [21.68465, 49.4114], [21.68123, 49.4108], [21.67446, 49.4143], [21.67068, 49.41427], [21.66645, 49.41576], [21.66389, 49.41514], [21.6589, 49.4168], [21.65643, 49.42051], [21.65647, 49.42464], [21.64942, 49.43015], [21.64431, 49.43065], [21.63094, 49.4473], [21.61477, 49.44482], [21.60835, 49.4412], [21.60709, 49.43816], [21.60185, 49.43535], [21.5964, 49.43696], [21.59056, 49.43382], [21.58372, 49.43383], [21.58033, 49.43534], [21.5756, 49.43541], [21.57259, 49.43668], [21.56797, 49.4403], [21.56398, 49.44126], [21.55659, 49.43812], [21.55208, 49.43311], [21.53278, 49.43563], [21.53027, 49.43508], [21.52408, 49.43167], [21.5218, 49.42713], [21.51872, 49.4254], [21.51991, 49.42239], [21.52354, 49.41994], [21.51704, 49.4178], [21.51116, 49.41975], [21.50424, 49.42446], [21.49971, 49.42641], [21.4957, 49.42961], [21.48727, 49.42846], [21.4796, 49.41637], [21.47369, 49.41358], [21.47014, 49.4141], [21.467, 49.4132], [21.45623, 49.4163], [21.4517, 49.41496], [21.44732, 49.41259], [21.4397, 49.4129], [21.43408, 49.41228], [21.4176, 49.41997], [21.41548, 49.4228], [21.40651, 49.42664], [21.40424, 49.43218], [21.39827, 49.43425], [21.39681, 49.44067], [21.39601, 49.44052], [21.39262, 49.44686], [21.3932, 49.45284], [21.39213, 49.4558], [21.40015, 49.45846], [21.40611, 49.46442], [21.41132, 49.46759], [21.40789, 49.46954], [21.40916, 49.47402], [21.40619, 49.47547], [21.40271, 49.47592], [21.39693, 49.48009], [21.39257, 49.48155], [21.38885, 49.48545], [21.39071, 49.48901], [21.39975, 49.49094], [21.40153, 49.49203], [21.40442, 49.49095], [21.42171, 49.49243], [21.41971, 49.49423], [21.41844, 49.4978], [21.41661, 49.49744], [21.41617, 49.4986], [21.41462, 49.49837], [21.41186, 49.50047], [21.41088, 49.50024], [21.40922, 49.50714], [21.40756, 49.50963], [21.39876, 49.50835], [21.39859, 49.51052], [21.39564, 49.51006], [21.3928, 49.51166], [21.38745, 49.51947], [21.38935, 49.52089], [21.38408, 49.52363], [21.38258, 49.52527], [21.38695, 49.52703], [21.39173, 49.52751], [21.38481, 49.53072], [21.38307, 49.53269], [21.38475, 49.53395], [21.38245, 49.53393], [21.38278, 49.53632], [21.38109, 49.53686], [21.38047, 49.53907], [21.37687, 49.53783], [21.37399, 49.54034], [21.36955, 49.54188], [21.36478, 49.54251], [21.36229, 49.54178], [21.35864, 49.54474], [21.35888, 49.54619], [21.36141, 49.54863], [21.36853, 49.54947], [21.36448, 49.5539], [21.36801, 49.55764], [21.37532, 49.56294], [21.37608, 49.56607], [21.38046, 49.56764], [21.38029, 49.56976], [21.37208, 49.57117], [21.36382, 49.57698], [21.36078, 49.57587], [21.34751, 49.57926], [21.34042, 49.58384], [21.33155, 49.58716], [21.32792, 49.58991], [21.32682, 49.59218], [21.32666, 49.59365], [21.33125, 49.6006], [21.3357, 49.603], [21.33967, 49.60641], [21.3451, 49.60824], [21.34399, 49.61174], [21.35082, 49.61768], [21.35161, 49.62027], [21.35554, 49.6243], [21.3558, 49.62608], [21.36279, 49.63414], [21.35561, 49.6457], [21.3577, 49.6497], [21.34553, 49.65613], [21.34198, 49.65834], [21.34173, 49.65932], [21.34344, 49.66397], [21.34352, 49.66908], [21.34207, 49.66899], [21.34656, 49.68957], [21.34868, 49.69268], [21.34779, 49.69289], [21.34759, 49.69188], [21.34438, 49.69249], [21.34348, 49.69159], [21.34193, 49.696], [21.34021, 49.69779], [21.33545, 49.6982], [21.33244, 49.69436], [21.32866, 49.69645], [21.3204, 49.69845], [21.3279, 49.70944], [21.3276, 49.71187], [21.33009, 49.71453], [21.3314, 49.7188], [21.32578, 49.72253], [21.32233, 49.72241], [21.3211, 49.72416], [21.32221, 49.7271], [21.31576, 49.72825], [21.31572, 49.73199], [21.31856, 49.73526], [21.31902, 49.73949], [21.31146, 49.74721], [21.31254, 49.74777], [21.30226, 49.75025], [21.29859, 49.7496], [21.29668, 49.74805], [21.29375, 49.74922], [21.29055, 49.74879], [21.28774, 49.75141], [21.28132, 49.75519], [21.27306, 49.75265], [21.26975, 49.75307], [21.25782, 49.75213], [21.2557, 49.75655], [21.25411, 49.75643], [21.25295, 49.76395], [21.24462, 49.77202], [21.24177, 49.7761], [21.24545, 49.7805], [21.24568, 49.78478], [21.24988, 49.78805], [21.25147, 49.79216], [21.2557, 49.79172], [21.27059, 49.79413], [21.27049, 49.7951], [21.26859, 49.79586], [21.26983, 49.7983], [21.27599, 49.80378], [21.2804, 49.80578], [21.28439, 49.80153], [21.29462, 49.80078], [21.29725, 49.79968], [21.29982, 49.79693], [21.3084, 49.79614], [21.30874, 49.79694], [21.31109, 49.79681], [21.31268, 49.79835], [21.31498, 49.79822], [21.3195, 49.80023], [21.3214, 49.80321], [21.3303, 49.80394], [21.3322, 49.80618], [21.33571, 49.8078], [21.33213, 49.81081], [21.3356, 49.81206], [21.33974, 49.81198], [21.34895, 49.81496], [21.34395, 49.81633], [21.34242, 49.81828], [21.34007, 49.81945], [21.34011, 49.82313], [21.33698, 49.82686], [21.32252, 49.82959], [21.3171, 49.83369], [21.31678, 49.83532], [21.29715, 49.84286], [21.28271, 49.84571], [21.27968, 49.84528], [21.27736, 49.84389], [21.26981, 49.84298], [21.26953, 49.84511], [21.26863, 49.8452], [21.26444, 49.84293], [21.26616, 49.84154], [21.26484, 49.8401], [21.26061, 49.84185], [21.25213, 49.84089], [21.24891, 49.84214], [21.24628, 49.84482], [21.24131, 49.84618], [21.23608, 49.84969], [21.22968, 49.85074], [21.22474, 49.85296], [21.22839, 49.862], [21.22772, 49.86759], [21.22603, 49.87115], [21.22838, 49.87716], [21.22538, 49.88368], [21.2264, 49.88586], [21.2272, 49.88678], [21.23072, 49.88367], [21.23238, 49.88356], [21.24362, 49.88522], [21.24874, 49.88451], [21.25282, 49.88516], [21.26112, 49.88483], [21.26103, 49.88589], [21.26344, 49.88561], [21.26583, 49.88742], [21.2722, 49.88891], [21.2761, 49.89124], [21.28, 49.89228], [21.28624, 49.90356], [21.28818, 49.90943], [21.28742, 49.91592], [21.28391, 49.92503], [21.2777, 49.92816], [21.27065, 49.92658], [21.26015, 49.92699], [21.25796, 49.92741], [21.25757, 49.92919], [21.25356, 49.9298], [21.25283, 49.92871], [21.2485, 49.93097], [21.24803, 49.93036], [21.2308, 49.92872], [21.21541, 49.92902], [21.19253, 49.9316], [21.18582, 49.92705], [21.1797, 49.92833], [21.17645, 49.93286], [21.1718, 49.93677], [21.17219, 49.93967], [21.17102, 49.94392], [21.16554, 49.94544], [21.16516, 49.94929], [21.16329, 49.94965], [21.16347, 49.95074], [21.16104, 49.95091], [21.16205, 49.95476], [21.16052, 49.95779], [21.16069, 49.96646], [21.15888, 49.96743], [21.15614, 49.97224], [21.15044, 49.97648], [21.15099, 49.98191], [21.14911, 49.99331], [21.14966, 49.99586], [21.15245, 49.99573], [21.15307, 49.99629], [21.15416, 50.00256], [21.15568, 50.00447], [21.17156, 50.01003], [21.17878, 50.0118], [21.1814, 50.01673], [21.18868, 50.02425], [21.18934, 50.0266], [21.19291, 50.02926], [21.17375, 50.03521], [21.17298, 50.03918], [21.15148, 50.04531], [21.14779, 50.04999], [21.14462, 50.04925], [21.14501, 50.05305], [21.14607, 50.05425], [21.15871, 50.05725], [21.16302, 50.05958], [21.16394, 50.05891], [21.16636, 50.05971], [21.16819, 50.06119], [21.16767, 50.06394], [21.1694, 50.06535], [21.16534, 50.06719], [21.17097, 50.06742], [21.17147, 50.06966], [21.17464, 50.06977], [21.1746, 50.07127], [21.17709, 50.07144], [21.17606, 50.07415], [21.17835, 50.07602], [21.1797, 50.07612], [21.18027, 50.0795], [21.17902, 50.08066], [21.16901, 50.079], [21.16312, 50.08442], [21.16008, 50.08949], [21.19901, 50.09496], [21.19747, 50.09624], [21.19579, 50.09642], [21.1962, 50.0969], [21.18892, 50.09838], [21.1889, 50.09904], [21.18459, 50.1003], [21.18412, 50.10273], [21.18714, 50.10378], [21.18687, 50.10623], [21.18555, 50.1066], [21.18574, 50.10723], [21.18285, 50.1078], [21.18244, 50.10912], [21.17693, 50.11185], [21.17856, 50.11539], [21.18102, 50.11785], [21.18501, 50.11827], [21.18568, 50.11903], [21.19146, 50.118], [21.19122, 50.1194], [21.19464, 50.11916], [21.195, 50.11983], [21.14847, 50.12641], [21.14814, 50.12783], [21.1504, 50.12889], [21.1508, 50.13007], [21.14616, 50.13004], [21.14596, 50.13446], [21.1516, 50.13581], [21.15252, 50.13543], [21.15595, 50.13722], [21.16425, 50.13596], [21.17349, 50.14066], [21.175, 50.14052], [21.17576, 50.14264], [21.1524, 50.14765], [21.16763, 50.17196], [21.16775, 50.17424], [21.17106, 50.17662], [21.16582, 50.17944], [21.16504, 50.18068], [21.16784, 50.18868], [21.1666, 50.20149], [21.1678, 50.20362], [21.17035, 50.20509], [21.17099, 50.20825], [21.16295, 50.21696], [21.16299, 50.22272], [21.15514, 50.22527], [21.15313, 50.22871], [21.14932, 50.23003], [21.14211, 50.23768], [21.14765, 50.2389], [21.1531, 50.23848], [21.15492, 50.23753], [21.1785, 50.23815], [21.17971, 50.23934], [21.1821, 50.23923], [21.18268, 50.24], [21.1815, 50.24119], [21.17663, 50.24189], [21.16415, 50.24605], [21.15488, 50.2527], [21.14763, 50.25555], [21.14573, 50.25712], [21.14819, 50.25793], [21.14837, 50.25724], [21.14944, 50.25736], [21.15096, 50.25824], [21.15106, 50.26083], [21.15579, 50.26279], [21.15673, 50.2657], [21.15932, 50.26793], [21.17754, 50.27976], [21.18321, 50.28659], [21.18382, 50.29799], [21.18851, 50.2986], [21.18884, 50.29999], [21.19231, 50.30172], [21.19392, 50.30414], [21.20238, 50.30483], [21.21077, 50.30819], [21.22264, 50.31086], [21.21856, 50.31737], [21.21737, 50.32209], [21.21922, 50.32171], [21.21947, 50.32282], [21.21465, 50.32697], [21.21328, 50.33039], [21.21506, 50.33284], [21.2194, 50.33559], [21.21772, 50.33785], [21.21888, 50.34135], [21.21523, 50.34353], [21.20826, 50.35486], [21.21608, 50.35592], [21.22141, 50.35878], [21.22389, 50.36216], [21.22653, 50.36996], [21.23, 50.37353], [21.23624, 50.37573], [21.24547, 50.37614], [21.24977, 50.37759], [21.25269, 50.38116], [21.25316, 50.38798], [21.25768, 50.39134], [21.27564, 50.39046], [21.27857, 50.39096], [21.28125, 50.39483], [21.27887, 50.40197], [21.2789, 50.40551], [21.28024, 50.40763], [21.2819, 50.40871], [21.29918, 50.41346], [21.31123, 50.42173], [21.33605, 50.42923], [21.35175, 50.43584], [21.36714, 50.44101], [21.37194, 50.44107], [21.38799, 50.43889], [21.40131, 50.43922], [21.4088, 50.4416], [21.41565, 50.44575], [21.4435, 50.45641], [21.44932, 50.46045], [21.45135, 50.46328], [21.45081, 50.46883], [21.44273, 50.48469], [21.4452, 50.48983], [21.45014, 50.4929], [21.45409, 50.49411], [21.47422, 50.4951], [21.48297, 50.49663], [21.52937, 50.51345], [21.55526, 50.52082], [21.5655, 50.52044], [21.57666, 50.51771], [21.59013, 50.51704], [21.59781, 50.51831], [21.60402, 50.52124], [21.6133, 50.53103], [21.62516, 50.54643], [21.63196, 50.55245], [21.64977, 50.5646], [21.65651, 50.57181], [21.66317, 50.58486], [21.66707, 50.60008], [21.67006, 50.60574], [21.67515, 50.60945], [21.69926, 50.62221], [21.71049, 50.62979], [21.71573, 50.63448], [21.7226, 50.64535], [21.73338, 50.64159], [21.73897, 50.64378], [21.73867, 50.64774], [21.74118, 50.64768], [21.7451, 50.65091], [21.74735, 50.65483], [21.75019, 50.65525], [21.75643, 50.65452], [21.75976, 50.65494], [21.7618, 50.65002], [21.76123, 50.64798], [21.76772, 50.64617], [21.78012, 50.64506], [21.7813, 50.64971], [21.77862, 50.65696], [21.77885, 50.65885], [21.78198, 50.6637], [21.79382, 50.67569], [21.79072, 50.67592], [21.78628, 50.68005], [21.79553, 50.68183], [21.81442, 50.68783], [21.82089, 50.69159], [21.82544, 50.69804], [21.8278, 50.7165], [21.83076, 50.72158], [21.84172, 50.73411], [21.84316, 50.7372], [21.84018, 50.75466], [21.84062, 50.76007], [21.84363, 50.76555], [21.85423, 50.77522], [21.85848, 50.78095], [21.86117, 50.78668], [21.86207, 50.79879], [21.8643, 50.80271], [21.87472, 50.7982], [21.87834, 50.79198], [21.87797, 50.79094], [21.87919, 50.79022], [21.87898, 50.78714], [21.87547, 50.78406], [21.87539, 50.77964], [21.88281, 50.77832], [21.89835, 50.77973], [21.91131, 50.77625], [21.9206, 50.77462], [21.93021, 50.77388], [21.94038, 50.77184], [21.94946, 50.77142], [21.95631, 50.77812], [21.96403, 50.78206], [21.96663, 50.78464], [21.9724, 50.78784], [21.97794, 50.78508], [21.98176, 50.7846], [21.98221, 50.7874], [21.98665, 50.78605], [21.9897, 50.78379], [21.99484, 50.7834], [22.00584, 50.79052], [22.01206, 50.79256], [22.01334, 50.79594], [22.01688, 50.79781], [22.0201, 50.79828], [22.02657, 50.80275], [22.03985, 50.80879], [22.04689, 50.81795], [22.05196, 50.82055], [22.05955, 50.81831], [22.07073, 50.81642], [22.09455, 50.81404], [22.13118, 50.80231], [22.16292, 50.79732], [22.16227, 50.78942], [22.15826, 50.78023]]]}}, {"type": "Feature", "properties": {"kod": "20", "nazwa": "podlaskie"}, "geometry": {"type": "Polygon", "coordinates": [[[22.81665, 54.3798], [22.8363, 54.40648], [22.84923, 54.40723], [22.85469, 54.4104], [22.86757, 54.40846], [22.88341, 54.40953], [22.888, 54.40909], [22.8875, 54.39994], [22.89813, 54.40041], [22.90189, 54.3992], [22.93469, 54.39621], [22.94852, 54.3928], [22.96499, 54.39058], [22.98385, 54.38957], [22.98478, 54.38454], [22.99555, 54.38436], [23.01022, 54.3828], [22.99391, 54.3619], [23.00938, 54.35572], [23.02672, 54.35227], [23.0477, 54.34919], [23.05812, 54.34535], [23.06316, 54.34096], [23.05092, 54.33353], [23.04636, 54.32722], [23.04212, 54.31597], [23.09217, 54.29845], [23.09968, 54.29914], [23.10703, 54.30414], [23.1404, 54.31595], [23.1488, 54.31436], [23.14992, 54.31311], [23.15976, 54.3096], [23.1542, 54.29702], [23.16962, 54.29495], [23.17643, 54.29086], [23.20242, 54.28863], [23.20552, 54.28335], [23.21148, 54.2782], [23.22378, 54.2719], [23.23389, 54.26091], [23.23906, 54.26017], [23.24888, 54.25682], [23.25934, 54.25937], [23.2818, 54.26067], [23.28875, 54.25706], [23.29662, 54.25553], [23.30051, 54.25595], [23.31488, 54.25451], [23.32607, 54.25247], [23.33752, 54.25172], [23.34841, 54.24568], [23.35824, 54.2336], [23.36172, 54.23102], [23.36622, 54.22993], [23.37367, 54.23045], [23.3766, 54.22898], [23.38128, 54.22894], [23.38396, 54.22612], [23.38679, 54.22484], [23.38556, 54.21963], [23.38671, 54.21829], [23.39421, 54.21685], [23.39667, 54.21375], [23.39671, 54.2096], [23.39795, 54.20724], [23.40384, 54.2022], [23.40638, 54.19634], [23.41171, 54.19333], [23.41916, 54.19112], [23.41989, 54.18705], [23.42244, 54.18344], [23.42448, 54.17753], [23.43899, 54.17757], [23.45102, 54.17579], [23.459, 54.17554], [23.46122, 54.16777], [23.47022, 54.16412], [23.47552, 54.16342], [23.47332, 54.15808], [23.48245, 54.15346], [23.48585, 54.15323], [23.48946, 54.14463], [23.49117, 54.13555], [23.49534, 54.13257], [23.49262, 54.11701], [23.49647, 54.11303], [23.50202, 54.11294], [23.50696, 54.0995], [23.51832, 54.0898], [23.51839, 54.07868], [23.5213, 54.07429], [23.52426, 54.07284], [23.5286, 54.06578], [23.52591, 54.05689], [23.52764, 54.05355], [23.52734, 54.04735], [23.52329, 54.0377], [23.52612, 54.03348], [23.52488, 54.03108], [23.5162, 54.02858], [23.51554, 54.02578], [23.51145, 54.02169], [23.51323, 54.01795], [23.5097, 54.01452], [23.50898, 54.0118], [23.50083, 54.00771], [23.5032, 54.00738], [23.50364, 54.00655], [23.50275, 54.00618], [23.49997, 54.00689], [23.50023, 54.00759], [23.49817, 54.0077], [23.49749, 54.00847], [23.49627, 54.00743], [23.49786, 54.00618], [23.49551, 54.00574], [23.49326, 54.00711], [23.49053, 54.00527], [23.49082, 54.00421], [23.49218, 54.00392], [23.49139, 54.00309], [23.48656, 54.00161], [23.48674, 54.00039], [23.48418, 54.00018], [23.48421, 53.99929], [23.48194, 53.99986], [23.4807, 53.99801], [23.48228, 53.99731], [23.4825, 53.99481], [23.48426, 53.99491], [23.48374, 53.99378], [23.48477, 53.99272], [23.48365, 53.99164], [23.48431, 53.99103], [23.48239, 53.991], [23.48228, 53.98938], [23.48504, 53.98963], [23.48546, 53.98801], [23.48446, 53.98754], [23.48628, 53.9871], [23.48467, 53.98569], [23.48616, 53.98516], [23.48521, 53.98468], [23.48766, 53.98327], [23.48761, 53.98218], [23.48927, 53.9828], [23.48786, 53.98127], [23.48839, 53.9804], [23.48605, 53.9793], [23.48808, 53.97898], [23.48673, 53.97831], [23.48959, 53.97724], [23.48801, 53.97645], [23.48986, 53.97645], [23.48923, 53.97462], [23.49109, 53.97443], [23.49033, 53.97387], [23.49233, 53.97304], [23.49336, 53.97382], [23.49439, 53.97283], [23.49535, 53.97359], [23.49669, 53.97193], [23.49825, 53.97178], [23.49812, 53.97023], [23.49534, 53.96953], [23.49699, 53.96819], [23.50081, 53.969], [23.50211, 53.96785], [23.50029, 53.96758], [23.50063, 53.96714], [23.50335, 53.9666], [23.50362, 53.96749], [23.50444, 53.96588], [23.50749, 53.96606], [23.50548, 53.96477], [23.50926, 53.96406], [23.50889, 53.96303], [23.50993, 53.96251], [23.51271, 53.96225], [23.51118, 53.96116], [23.51536, 53.96019], [23.51576, 53.95916], [23.51435, 53.95869], [23.51652, 53.95753], [23.51469, 53.95637], [23.51302, 53.93128], [23.51165, 53.92881], [23.51203, 53.91032], [23.51327, 53.90895], [23.52445, 53.87147], [23.527, 53.86857], [23.52596, 53.86712], [23.52737, 53.86431], [23.52462, 53.8645], [23.52467, 53.86238], [23.52791, 53.8617], [23.52796, 53.8607], [23.5354, 53.85719], [23.54077, 53.85855], [23.54254, 53.85699], [23.54781, 53.85651], [23.54884, 53.8559], [23.54748, 53.85527], [23.54885, 53.85495], [23.5518, 53.85142], [23.55126, 53.85015], [23.55224, 53.84982], [23.55055, 53.84976], [23.55088, 53.84878], [23.54885, 53.84797], [23.54709, 53.84858], [23.54412, 53.84802], [23.54501, 53.84793], [23.54452, 53.84721], [23.54565, 53.84769], [23.54602, 53.8472], [23.54434, 53.84658], [23.54559, 53.84646], [23.54484, 53.84519], [23.54605, 53.84387], [23.54795, 53.84382], [23.54788, 53.84301], [23.55269, 53.84024], [23.5523, 53.83927], [23.55116, 53.83968], [23.55173, 53.83852], [23.55042, 53.83775], [23.55138, 53.83737], [23.54907, 53.83754], [23.54978, 53.83622], [23.54819, 53.83678], [23.54764, 53.83456], [23.5498, 53.83334], [23.55136, 53.83343], [23.55419, 53.83128], [23.55285, 53.83004], [23.5499, 53.83087], [23.54898, 53.83051], [23.54794, 53.82857], [23.54871, 53.8281], [23.54628, 53.82628], [23.54471, 53.79623], [23.54904, 53.76777], [23.5821, 53.74382], [23.58561, 53.72833], [23.58603, 53.70309], [23.60443, 53.65812], [23.6269, 53.59573], [23.65161, 53.54413], [23.65966, 53.52137], [23.6672, 53.5126], [23.7074, 53.43655], [23.73709, 53.39157], [23.74736, 53.37265], [23.76345, 53.33816], [23.79898, 53.2742], [23.81874, 53.24404], [23.85534, 53.23184], [23.86135, 53.22098], [23.86111, 53.21754], [23.85931, 53.21722], [23.85851, 53.21641], [23.86005, 53.21688], [23.8601, 53.21525], [23.86223, 53.21529], [23.86085, 53.21489], [23.86193, 53.21364], [23.85957, 53.2132], [23.86067, 53.21213], [23.8571, 53.21031], [23.8585, 53.20722], [23.85983, 53.20728], [23.86018, 53.20615], [23.86209, 53.20562], [23.86184, 53.20394], [23.86366, 53.20365], [23.86141, 53.20249], [23.86305, 53.20041], [23.86337, 53.19798], [23.8623, 53.19713], [23.86367, 53.19706], [23.86394, 53.19619], [23.86488, 53.19684], [23.86537, 53.19633], [23.86369, 53.19536], [23.86554, 53.19486], [23.8666, 53.19537], [23.8697, 53.19316], [23.87151, 53.19399], [23.87189, 53.19269], [23.87351, 53.19256], [23.87256, 53.19199], [23.87399, 53.19093], [23.87549, 53.1911], [23.87901, 53.18942], [23.87719, 53.18968], [23.87704, 53.189], [23.8799, 53.18898], [23.87888, 53.18745], [23.88101, 53.18711], [23.88035, 53.18603], [23.88211, 53.18614], [23.88225, 53.18466], [23.88345, 53.18516], [23.88644, 53.18308], [23.8887, 53.18335], [23.88756, 53.18158], [23.89038, 53.18178], [23.88921, 53.18088], [23.8912, 53.18116], [23.89083, 53.18], [23.8921, 53.17951], [23.89141, 53.17869], [23.89423, 53.17795], [23.89454, 53.17655], [23.90241, 53.17608], [23.90761, 53.17229], [23.90885, 53.17007], [23.90809, 53.16917], [23.90973, 53.16855], [23.90985, 53.16701], [23.91419, 53.16665], [23.91212, 53.16656], [23.91298, 53.1649], [23.90999, 53.16379], [23.91118, 53.16343], [23.91239, 53.16442], [23.91476, 53.16272], [23.91378, 53.15706], [23.91479, 53.15704], [23.91507, 53.15834], [23.91609, 53.15751], [23.91754, 53.15801], [23.91823, 53.15742], [23.91704, 53.15533], [23.91426, 53.15492], [23.91606, 53.15308], [23.91429, 53.15299], [23.91353, 53.15146], [23.91182, 53.15212], [23.91183, 53.14987], [23.90967, 53.15006], [23.91232, 53.14708], [23.91127, 53.14647], [23.91333, 53.14617], [23.91294, 53.14497], [23.91586, 53.14389], [23.91539, 53.14208], [23.91355, 53.14169], [23.914, 53.14029], [23.91168, 53.14016], [23.91098, 53.13878], [23.91242, 53.13799], [23.91182, 53.13736], [23.91064, 53.13708], [23.91034, 53.138], [23.90904, 53.13823], [23.90883, 53.13707], [23.90758, 53.1367], [23.9078, 53.13755], [23.90602, 53.13818], [23.90425, 53.1372], [23.90526, 53.13525], [23.90218, 53.13353], [23.90152, 53.13447], [23.90061, 53.13424], [23.90064, 53.13147], [23.89833, 53.13237], [23.89887, 53.13141], [23.89702, 53.13109], [23.89734, 53.12962], [23.89638, 53.12895], [23.89728, 53.12717], [23.89353, 53.12622], [23.89758, 53.12552], [23.89778, 53.12476], [23.89362, 53.12496], [23.88904, 53.11859], [23.88971, 53.11685], [23.88666, 53.1161], [23.88634, 53.11488], [23.88776, 53.114], [23.8852, 53.11428], [23.88624, 53.1131], [23.88567, 53.1119], [23.88734, 53.11131], [23.88929, 53.11173], [23.88682, 53.11031], [23.8882, 53.11], [23.88819, 53.10861], [23.88579, 53.1076], [23.88679, 53.10725], [23.88762, 53.10817], [23.88908, 53.10685], [23.88763, 53.10553], [23.88884, 53.10513], [23.88769, 53.10409], [23.88226, 53.10117], [23.88207, 53.09863], [23.88364, 53.09837], [23.88083, 53.09758], [23.88272, 53.09751], [23.88165, 53.09728], [23.88249, 53.09694], [23.88119, 53.09563], [23.8829, 53.09594], [23.8808, 53.09472], [23.88318, 53.09346], [23.88119, 53.09399], [23.88148, 53.09243], [23.87976, 53.09276], [23.88099, 53.09135], [23.87909, 53.09212], [23.87757, 53.09188], [23.87587, 53.08774], [23.87366, 53.08706], [23.87494, 53.08505], [23.87196, 53.08467], [23.87297, 53.08291], [23.87173, 53.08201], [23.87264, 53.08181], [23.87226, 53.08105], [23.87349, 53.08097], [23.87249, 53.07994], [23.87439, 53.08005], [23.87404, 53.07902], [23.87572, 53.07885], [23.87524, 53.0795], [23.87726, 53.07931], [23.87759, 53.07985], [23.87851, 53.07946], [23.87755, 53.07746], [23.87941, 53.07749], [23.87926, 53.07604], [23.87721, 53.07508], [23.87952, 53.07569], [23.87873, 53.07445], [23.88162, 53.07394], [23.87851, 53.07313], [23.88107, 53.07276], [23.88048, 53.07028], [23.88189, 53.07021], [23.88088, 53.06939], [23.88259, 53.06823], [23.88204, 53.066], [23.88425, 53.06422], [23.88572, 53.0642], [23.88581, 53.06204], [23.8874, 53.06316], [23.88997, 53.062], [23.8915, 53.06287], [23.89166, 53.06186], [23.89246, 53.06261], [23.89338, 53.06182], [23.89302, 53.06276], [23.89453, 53.06178], [23.89561, 53.06235], [23.89735, 53.06077], [23.90002, 53.06047], [23.90293, 53.0579], [23.90142, 53.05675], [23.9017, 53.05495], [23.89993, 53.05445], [23.90108, 53.05377], [23.89972, 53.05365], [23.89991, 53.05069], [23.89826, 53.05003], [23.89865, 53.04938], [23.90078, 53.04964], [23.89954, 53.04813], [23.90018, 53.04767], [23.90109, 53.04842], [23.90328, 53.04821], [23.90582, 53.04623], [23.90444, 53.04517], [23.9066, 53.0443], [23.90776, 53.04506], [23.90945, 53.04514], [23.90978, 53.04436], [23.91101, 53.04472], [23.91059, 53.04355], [23.91156, 53.04305], [23.91043, 53.04217], [23.9129, 53.04198], [23.91402, 53.04063], [23.91541, 53.0411], [23.91616, 53.04012], [23.91632, 53.03762], [23.91348, 53.03584], [23.91133, 53.03594], [23.90988, 53.03275], [23.91124, 53.03193], [23.9117, 53.02995], [23.91447, 53.02819], [23.92086, 53.02654], [23.92168, 53.02507], [23.92368, 53.02502], [23.92454, 53.02422], [23.92538, 53.02466], [23.93334, 52.98843], [23.92937, 52.98254], [23.9311, 52.97623], [23.94626, 52.95873], [23.91646, 52.93885], [23.91625, 52.90474], [23.91974, 52.90453], [23.92324, 52.9007], [23.9258, 52.89957], [23.92366, 52.85452], [23.92491, 52.84211], [23.92459, 52.83067], [23.93955, 52.81319], [23.93862, 52.71292], [23.90009, 52.69118], [23.89255, 52.67971], [23.87941, 52.67971], [23.78083, 52.62714], [23.77585, 52.62261], [23.77414, 52.62306], [23.77193, 52.62255], [23.76963, 52.61979], [23.76804, 52.61967], [23.76595, 52.61783], [23.76211, 52.61734], [23.76133, 52.61606], [23.7568, 52.61564], [23.75705, 52.6149], [23.75349, 52.61357], [23.75028, 52.61432], [23.74903, 52.61286], [23.74668, 52.61303], [23.74496, 52.61177], [23.73925, 52.61194], [23.73688, 52.6105], [23.7377, 52.60957], [23.73569, 52.60881], [23.73397, 52.60669], [23.73331, 52.60879], [23.73031, 52.60873], [23.72587, 52.612], [23.71883, 52.61467], [23.64142, 52.60745], [23.60457, 52.59779], [23.5877, 52.59411], [23.54017, 52.58024], [23.50412, 52.56617], [23.46663, 52.54944], [23.45788, 52.54036], [23.4358, 52.53001], [23.40815, 52.51152], [23.3567, 52.46895], [23.31225, 52.42502], [23.31028, 52.41397], [23.29991, 52.4038], [23.27802, 52.39279], [23.24133, 52.35739], [23.21559, 52.32964], [23.1783, 52.28315], [23.17157, 52.28301], [23.15609, 52.27997], [23.15022, 52.28046], [23.14612, 52.2816], [23.13916, 52.28667], [23.13194, 52.28531], [23.12602, 52.28985], [23.11996, 52.29625], [23.11545, 52.29944], [23.11231, 52.30008], [23.10687, 52.29913], [23.10032, 52.29657], [23.09524, 52.29297], [23.08817, 52.29063], [23.07964, 52.2839], [23.07546, 52.28214], [23.06821, 52.28159], [23.06319, 52.28211], [23.05141, 52.28544], [23.04817, 52.28875], [23.04832, 52.2915], [23.05203, 52.29616], [23.05776, 52.29957], [23.05888, 52.30413], [23.05276, 52.31095], [23.05014, 52.31823], [23.04522, 52.32484], [23.03807, 52.32923], [23.0241, 52.33217], [23.01604, 52.33224], [23.00619, 52.33639], [23.00206, 52.33618], [22.999, 52.3345], [22.99799, 52.33188], [22.99558, 52.33189], [22.98608, 52.3393], [22.98935, 52.3454], [22.98517, 52.34647], [22.97992, 52.34546], [22.97727, 52.34625], [22.97077, 52.35822], [22.96428, 52.36483], [22.95716, 52.36824], [22.9292, 52.37359], [22.91972, 52.37448], [22.90703, 52.37059], [22.8917, 52.3647], [22.8706, 52.36217], [22.8655, 52.36418], [22.8616, 52.36448], [22.85779, 52.36355], [22.85126, 52.35879], [22.84952, 52.35858], [22.83936, 52.36052], [22.82564, 52.36633], [22.8158, 52.36715], [22.81113, 52.36827], [22.80588, 52.37075], [22.79318, 52.37407], [22.78903, 52.3737], [22.77604, 52.37046], [22.7705, 52.37135], [22.76492, 52.37537], [22.76231, 52.38163], [22.75979, 52.38289], [22.7526, 52.38398], [22.73949, 52.3815], [22.73284, 52.37461], [22.73382, 52.3703], [22.73314, 52.36818], [22.7308, 52.36657], [22.72793, 52.36634], [22.72513, 52.36707], [22.72327, 52.3718], [22.72086, 52.37341], [22.72115, 52.37472], [22.72397, 52.37708], [22.72213, 52.37971], [22.72283, 52.38326], [22.71383, 52.38494], [22.70671, 52.39224], [22.68685, 52.39296], [22.67732, 52.39101], [22.66633, 52.38574], [22.66474, 52.38567], [22.66112, 52.38719], [22.65981, 52.38864], [22.66009, 52.39211], [22.65836, 52.39325], [22.65302, 52.39227], [22.64325, 52.38831], [22.63038, 52.39265], [22.62515, 52.39276], [22.62232, 52.39208], [22.61882, 52.38783], [22.61471, 52.3877], [22.61201, 52.38945], [22.61264, 52.39276], [22.61167, 52.39489], [22.60579, 52.39895], [22.60025, 52.39816], [22.59192, 52.39859], [22.58902, 52.39736], [22.58389, 52.39326], [22.5804, 52.39315], [22.57923, 52.39378], [22.57833, 52.39529], [22.57969, 52.40077], [22.5783, 52.40267], [22.57302, 52.40395], [22.56778, 52.40284], [22.56626, 52.40343], [22.56346, 52.40652], [22.56285, 52.41053], [22.55776, 52.41641], [22.55248, 52.41883], [22.54572, 52.42056], [22.54214, 52.42304], [22.54401, 52.43509], [22.54127, 52.4381], [22.54144, 52.43935], [22.54475, 52.44525], [22.54529, 52.45079], [22.54709, 52.45468], [22.55336, 52.45986], [22.55423, 52.46317], [22.55303, 52.46479], [22.55017, 52.4674], [22.5462, 52.46765], [22.53734, 52.46493], [22.53115, 52.46165], [22.52973, 52.46159], [22.52501, 52.47206], [22.51644, 52.47701], [22.51203, 52.48126], [22.51011, 52.49024], [22.51996, 52.50625], [22.52021, 52.51522], [22.52741, 52.51903], [22.52668, 52.52118], [22.51479, 52.5308], [22.50364, 52.53738], [22.50025, 52.54342], [22.49016, 52.54707], [22.48912, 52.54852], [22.48849, 52.55574], [22.48367, 52.56069], [22.4693, 52.56518], [22.46688, 52.56725], [22.4627, 52.57209], [22.46212, 52.57516], [22.45788, 52.58139], [22.45752, 52.58662], [22.44792, 52.58684], [22.44539, 52.58756], [22.43752, 52.59294], [22.42248, 52.59719], [22.41741, 52.59945], [22.40859, 52.60969], [22.41911, 52.60939], [22.42122, 52.61177], [22.41945, 52.61403], [22.41985, 52.61492], [22.42534, 52.61521], [22.43208, 52.61741], [22.43224, 52.62061], [22.43411, 52.62111], [22.43858, 52.62072], [22.44115, 52.62358], [22.44265, 52.62373], [22.44606, 52.62234], [22.45086, 52.62435], [22.45117, 52.62859], [22.44915, 52.63205], [22.45036, 52.63311], [22.44892, 52.6378], [22.44951, 52.63996], [22.45441, 52.63936], [22.45667, 52.63988], [22.4593, 52.6389], [22.46191, 52.63897], [22.46529, 52.64134], [22.46188, 52.64281], [22.46233, 52.64543], [22.46618, 52.64614], [22.46777, 52.64459], [22.47055, 52.64365], [22.47357, 52.64625], [22.47378, 52.64861], [22.47148, 52.64987], [22.46771, 52.64899], [22.45574, 52.65278], [22.45453, 52.65144], [22.45035, 52.6527], [22.4501, 52.65432], [22.44257, 52.66466], [22.44403, 52.67167], [22.44582, 52.67457], [22.44472, 52.6821], [22.4394, 52.6879], [22.43511, 52.69622], [22.43561, 52.70107], [22.43925, 52.70947], [22.4392, 52.71344], [22.44221, 52.71743], [22.44158, 52.71868], [22.44721, 52.72819], [22.44743, 52.73823], [22.44421, 52.74178], [22.44595, 52.74609], [22.4504, 52.75043], [22.45106, 52.76045], [22.45323, 52.76529], [22.45538, 52.76859], [22.46073, 52.77067], [22.46005, 52.77313], [22.4532, 52.78256], [22.45382, 52.78823], [22.43346, 52.79218], [22.42208, 52.79222], [22.40777, 52.79359], [22.408, 52.79484], [22.40133, 52.79317], [22.39846, 52.79334], [22.39911, 52.79498], [22.3983, 52.79504], [22.38966, 52.79546], [22.37863, 52.79443], [22.38806, 52.78429], [22.38559, 52.78432], [22.38262, 52.77763], [22.37614, 52.77837], [22.35391, 52.77534], [22.34463, 52.77778], [22.34333, 52.77232], [22.34138, 52.7696], [22.34096, 52.76496], [22.34355, 52.76276], [22.34695, 52.75739], [22.34254, 52.75449], [22.33736, 52.75417], [22.33709, 52.75154], [22.33851, 52.751], [22.33441, 52.74046], [22.32421, 52.74212], [22.32374, 52.74828], [22.31819, 52.74764], [22.31418, 52.74593], [22.3143, 52.74705], [22.30366, 52.74798], [22.31102, 52.75518], [22.2999, 52.75408], [22.30201, 52.76509], [22.29637, 52.76483], [22.29651, 52.76571], [22.29663, 52.76644], [22.30382, 52.76684], [22.30366, 52.76955], [22.29957, 52.76947], [22.29998, 52.77212], [22.30751, 52.77182], [22.30801, 52.77443], [22.30123, 52.77473], [22.30142, 52.78327], [22.29766, 52.78136], [22.29288, 52.78053], [22.2905, 52.779], [22.28416, 52.77805], [22.28086, 52.78361], [22.27915, 52.78288], [22.2766, 52.78364], [22.27986, 52.78516], [22.27836, 52.78932], [22.27495, 52.79236], [22.26236, 52.81536], [22.25827, 52.81747], [22.25764, 52.82007], [22.256, 52.82021], [22.25595, 52.82127], [22.25106, 52.82578], [22.25007, 52.82807], [22.25174, 52.8314], [22.24894, 52.83227], [22.24245, 52.83276], [22.24369, 52.83448], [22.25229, 52.83385], [22.25258, 52.83507], [22.25389, 52.83548], [22.26253, 52.83649], [22.26115, 52.84425], [22.26608, 52.8441], [22.26942, 52.84252], [22.27655, 52.84179], [22.2752, 52.84094], [22.27541, 52.8399], [22.27677, 52.83964], [22.27154, 52.83934], [22.27472, 52.8318], [22.28806, 52.83547], [22.29369, 52.83629], [22.29352, 52.83692], [22.29954, 52.83711], [22.30082, 52.83986], [22.30512, 52.83943], [22.30912, 52.84878], [22.30741, 52.85774], [22.30313, 52.85601], [22.30115, 52.85681], [22.30224, 52.85747], [22.30133, 52.85812], [22.29863, 52.85767], [22.2928, 52.85444], [22.29124, 52.85528], [22.28871, 52.85331], [22.2871, 52.85395], [22.28498, 52.84874], [22.28221, 52.84614], [22.28161, 52.84775], [22.28282, 52.85083], [22.28129, 52.85035], [22.28032, 52.84789], [22.27826, 52.84813], [22.27911, 52.85539], [22.28143, 52.85538], [22.28455, 52.86432], [22.29318, 52.87111], [22.29172, 52.87117], [22.28363, 52.87903], [22.27936, 52.88613], [22.26899, 52.88488], [22.26567, 52.88336], [22.26602, 52.88284], [22.26371, 52.88292], [22.26441, 52.88185], [22.2588, 52.88114], [22.25527, 52.87985], [22.25528, 52.8769], [22.25087, 52.87637], [22.24273, 52.87956], [22.24165, 52.87748], [22.23219, 52.88069], [22.22835, 52.88042], [22.21929, 52.88457], [22.21787, 52.88289], [22.20717, 52.88302], [22.20969, 52.8545], [22.17417, 52.85807], [22.1498, 52.84661], [22.14237, 52.8513], [22.12419, 52.8427], [22.11312, 52.84897], [22.10138, 52.86197], [22.08399, 52.84575], [22.084, 52.84176], [22.05921, 52.85014], [22.03798, 52.85082], [22.03944, 52.86032], [22.02662, 52.86484], [22.02936, 52.86657], [22.03391, 52.87201], [22.03396, 52.87748], [22.03858, 52.88221], [22.03496, 52.88514], [22.02739, 52.88432], [22.02519, 52.88593], [22.00766, 52.87628], [22.00393, 52.87787], [22.00536, 52.88037], [22.00372, 52.88313], [22.00547, 52.89055], [22.00475, 52.89259], [22.00657, 52.89336], [22.00635, 52.89667], [22.00828, 52.89786], [22.00773, 52.89854], [22.01041, 52.89956], [22.00832, 52.90299], [22.00913, 52.90517], [22.0063, 52.90721], [22.00029, 52.90872], [21.9996, 52.91109], [21.99436, 52.91108], [21.99172, 52.91965], [22.01248, 52.92389], [22.01124, 52.92762], [22.01987, 52.92949], [22.02364, 52.93141], [22.02785, 52.93428], [22.02879, 52.93848], [22.01119, 52.94184], [22.01565, 52.94469], [22.01601, 52.94986], [22.01224, 52.95097], [22.00461, 52.95707], [21.98838, 52.95743], [21.98951, 52.96279], [21.99922, 52.96214], [22.00176, 52.97233], [21.99807, 52.97167], [21.98957, 52.97347], [21.98579, 52.97761], [21.97947, 52.97898], [21.97597, 52.97884], [21.97396, 52.97948], [21.96657, 52.97878], [21.96153, 52.97912], [21.96043, 52.97981], [21.95987, 52.98504], [21.95748, 52.98424], [21.95351, 52.98666], [21.94088, 52.98514], [21.93001, 52.98559], [21.92861, 52.98576], [21.92759, 52.98721], [21.91944, 52.98858], [21.91588, 52.99272], [21.90653, 52.99512], [21.90992, 52.9985], [21.89318, 53.00041], [21.88362, 53.00722], [21.88225, 53.00945], [21.88312, 53.01057], [21.87971, 53.01421], [21.87852, 53.01411], [21.87843, 53.01577], [21.8757, 53.01631], [21.87555, 53.01849], [21.87624, 53.01819], [21.87571, 53.01869], [21.87756, 53.02024], [21.87689, 53.02168], [21.8856, 53.02425], [21.88647, 53.02521], [21.89111, 53.02553], [21.89334, 53.02764], [21.89774, 53.0458], [21.90373, 53.04467], [21.90684, 53.04073], [21.91131, 53.03881], [21.92253, 53.03766], [21.92801, 53.03965], [21.94066, 53.03796], [21.939, 53.04308], [21.94004, 53.04289], [21.93968, 53.04593], [21.92845, 53.04399], [21.92778, 53.04508], [21.92264, 53.04625], [21.92231, 53.05039], [21.92456, 53.05923], [21.93787, 53.06823], [21.94111, 53.07151], [21.93877, 53.07449], [21.92305, 53.07922], [21.91851, 53.07892], [21.9126, 53.07591], [21.91255, 53.07433], [21.91526, 53.07224], [21.91388, 53.06926], [21.91034, 53.06684], [21.90308, 53.06504], [21.89793, 53.06047], [21.89664, 53.06074], [21.89428, 53.05934], [21.88919, 53.05862], [21.88741, 53.05941], [21.88576, 53.05876], [21.88369, 53.06028], [21.88114, 53.06042], [21.87795, 53.06012], [21.8777, 53.05883], [21.8718, 53.05896], [21.86212, 53.06169], [21.85882, 53.06413], [21.86038, 53.07167], [21.85738, 53.07182], [21.85749, 53.07273], [21.85363, 53.07265], [21.84751, 53.07612], [21.84346, 53.07585], [21.84201, 53.07704], [21.84329, 53.07811], [21.84278, 53.07898], [21.83873, 53.07979], [21.84022, 53.0809], [21.83847, 53.08228], [21.83892, 53.08306], [21.83758, 53.08391], [21.83869, 53.08422], [21.83766, 53.08485], [21.83939, 53.08621], [21.83686, 53.08758], [21.83458, 53.08732], [21.82957, 53.09152], [21.82712, 53.0961], [21.81817, 53.10169], [21.8171, 53.10292], [21.81848, 53.10355], [21.81851, 53.10469], [21.81304, 53.10916], [21.80873, 53.11519], [21.80418, 53.11282], [21.79898, 53.11298], [21.79162, 53.11436], [21.79006, 53.11322], [21.78442, 53.11199], [21.77871, 53.11233], [21.77539, 53.10898], [21.77229, 53.11282], [21.753, 53.11404], [21.75328, 53.11221], [21.73615, 53.1092], [21.72587, 53.11513], [21.69439, 53.13808], [21.69859, 53.13819], [21.70032, 53.14047], [21.6975, 53.14545], [21.69323, 53.14846], [21.69337, 53.14958], [21.69739, 53.15049], [21.69957, 53.15232], [21.7008, 53.15668], [21.70678, 53.16108], [21.70713, 53.16587], [21.69708, 53.16992], [21.6953, 53.17389], [21.69149, 53.17448], [21.68618, 53.17818], [21.68762, 53.17924], [21.68524, 53.18113], [21.68667, 53.18099], [21.68728, 53.18224], [21.68411, 53.18303], [21.68479, 53.18378], [21.68269, 53.18466], [21.68412, 53.18534], [21.68205, 53.18619], [21.68264, 53.18674], [21.67952, 53.18904], [21.68091, 53.18975], [21.67926, 53.19013], [21.6807, 53.1912], [21.67893, 53.19137], [21.67941, 53.19311], [21.67776, 53.19398], [21.67997, 53.19372], [21.68123, 53.19462], [21.67907, 53.19729], [21.67564, 53.19943], [21.67577, 53.2046], [21.67354, 53.20581], [21.67182, 53.20542], [21.66873, 53.20731], [21.66938, 53.20829], [21.67833, 53.21156], [21.68105, 53.209], [21.68911, 53.21499], [21.68463, 53.21643], [21.68008, 53.21488], [21.67838, 53.21569], [21.66326, 53.22894], [21.66287, 53.23685], [21.65852, 53.24315], [21.65012, 53.24867], [21.64474, 53.24633], [21.64395, 53.24694], [21.64184, 53.24581], [21.64016, 53.24642], [21.63946, 53.2501], [21.64285, 53.25016], [21.64224, 53.25264], [21.63382, 53.25699], [21.6296, 53.26277], [21.62257, 53.26501], [21.62272, 53.26644], [21.62673, 53.26618], [21.65826, 53.26182], [21.66014, 53.27785], [21.65703, 53.27963], [21.65559, 53.27943], [21.65034, 53.28145], [21.64886, 53.28273], [21.64824, 53.28226], [21.64508, 53.28348], [21.64683, 53.28448], [21.64724, 53.29046], [21.64896, 53.29217], [21.65895, 53.29386], [21.66112, 53.29498], [21.66015, 53.2973], [21.65697, 53.29937], [21.65944, 53.30236], [21.66257, 53.30212], [21.66441, 53.30398], [21.65782, 53.30806], [21.65681, 53.31357], [21.65811, 53.31613], [21.66876, 53.31603], [21.66623, 53.31107], [21.67754, 53.31246], [21.6801, 53.31103], [21.6799, 53.30956], [21.68135, 53.30946], [21.68076, 53.30583], [21.68332, 53.30521], [21.6892, 53.30648], [21.69101, 53.30802], [21.68816, 53.31176], [21.6931, 53.31383], [21.70049, 53.31317], [21.70069, 53.31074], [21.70216, 53.3093], [21.70121, 53.30759], [21.71281, 53.30461], [21.71601, 53.30713], [21.72472, 53.30918], [21.73384, 53.3082], [21.73543, 53.31273], [21.73081, 53.31405], [21.72018, 53.31945], [21.70931, 53.31971], [21.70551, 53.32449], [21.70191, 53.32689], [21.69351, 53.32807], [21.69086, 53.32707], [21.68891, 53.32716], [21.68585, 53.32955], [21.68849, 53.33141], [21.69177, 53.33131], [21.69281, 53.33576], [21.68446, 53.3373], [21.66972, 53.32989], [21.65229, 53.33126], [21.65367, 53.33618], [21.66945, 53.33612], [21.66848, 53.34014], [21.66199, 53.34177], [21.65424, 53.3495], [21.65597, 53.35282], [21.66085, 53.35558], [21.66276, 53.3556], [21.66223, 53.35608], [21.66806, 53.35824], [21.67183, 53.35849], [21.675, 53.35957], [21.68141, 53.36266], [21.68412, 53.36539], [21.68396, 53.36813], [21.67153, 53.37054], [21.65932, 53.37115], [21.6582, 53.37213], [21.65438, 53.37224], [21.65378, 53.37365], [21.65477, 53.375], [21.65897, 53.37526], [21.65889, 53.37733], [21.66169, 53.37797], [21.65646, 53.38416], [21.66014, 53.38407], [21.66141, 53.38644], [21.65755, 53.38732], [21.65302, 53.39139], [21.65026, 53.39041], [21.65238, 53.39724], [21.63995, 53.40073], [21.63886, 53.40232], [21.63604, 53.40337], [21.63668, 53.4062], [21.63462, 53.4084], [21.63247, 53.40642], [21.62974, 53.40685], [21.632, 53.40878], [21.63113, 53.40908], [21.62868, 53.40709], [21.62674, 53.40735], [21.62506, 53.40625], [21.62411, 53.40696], [21.62763, 53.40897], [21.62431, 53.40978], [21.62519, 53.41066], [21.62332, 53.4114], [21.62353, 53.4127], [21.62192, 53.4128], [21.62253, 53.41405], [21.62923, 53.41384], [21.62923, 53.41454], [21.62655, 53.41476], [21.629, 53.41602], [21.62716, 53.41752], [21.62527, 53.41752], [21.62621, 53.41825], [21.62497, 53.42081], [21.62115, 53.42216], [21.62233, 53.42589], [21.62504, 53.42857], [21.60733, 53.43572], [21.60867, 53.43918], [21.6069, 53.44031], [21.60702, 53.44516], [21.60894, 53.44993], [21.60363, 53.45338], [21.60345, 53.45673], [21.60239, 53.45726], [21.60479, 53.4582], [21.60235, 53.45923], [21.59979, 53.45929], [21.59938, 53.45858], [21.59844, 53.45954], [21.59289, 53.46077], [21.59303, 53.46144], [21.59586, 53.46163], [21.60044, 53.46023], [21.60296, 53.46312], [21.60408, 53.46232], [21.60474, 53.46316], [21.60626, 53.46297], [21.60629, 53.46152], [21.60764, 53.46118], [21.60874, 53.4619], [21.60739, 53.46268], [21.60876, 53.46287], [21.61451, 53.46136], [21.61489, 53.46465], [21.60635, 53.46478], [21.6049, 53.46576], [21.603, 53.4642], [21.60378, 53.46761], [21.59817, 53.46893], [21.60063, 53.47049], [21.60401, 53.46981], [21.6058, 53.47512], [21.60575, 53.47634], [21.59843, 53.47664], [21.59821, 53.48022], [21.60471, 53.48077], [21.60537, 53.47948], [21.60657, 53.4802], [21.61292, 53.48012], [21.61295, 53.48083], [21.64789, 53.48118], [21.66582, 53.48636], [21.67941, 53.49121], [21.68673, 53.49276], [21.69467, 53.49214], [21.71415, 53.48905], [21.73078, 53.4888], [21.75211, 53.48316], [21.77629, 53.48165], [21.79061, 53.47927], [21.80271, 53.47509], [21.8206, 53.46681], [21.8287, 53.46404], [21.84109, 53.46131], [21.86089, 53.45897], [21.86684, 53.45978], [21.87316, 53.4619], [21.88113, 53.46134], [21.89104, 53.46653], [21.89764, 53.4739], [21.8982, 53.47666], [21.90236, 53.48258], [21.9033, 53.48606], [21.90129, 53.48905], [21.90198, 53.49316], [21.90691, 53.49709], [21.91455, 53.49948], [21.92015, 53.50304], [21.92203, 53.50776], [21.93395, 53.51115], [21.95257, 53.50944], [21.96598, 53.51459], [21.9758, 53.51537], [21.97824, 53.51822], [21.98181, 53.51823], [21.98993, 53.52211], [21.99305, 53.52114], [21.99495, 53.51928], [22.0009, 53.51631], [22.00776, 53.51467], [22.00966, 53.51355], [22.01417, 53.50778], [22.01572, 53.50135], [22.01982, 53.49739], [22.02427, 53.4957], [22.03012, 53.49686], [22.04198, 53.50844], [22.0417, 53.51093], [22.0444, 53.51407], [22.04823, 53.51543], [22.04774, 53.51868], [22.05143, 53.52253], [22.05049, 53.52512], [22.05418, 53.52757], [22.05846, 53.52948], [22.06634, 53.5308], [22.0757, 53.53582], [22.0852, 53.53544], [22.09525, 53.53226], [22.101, 53.5333], [22.1279, 53.54147], [22.15704, 53.55287], [22.16166, 53.55542], [22.1747, 53.55783], [22.19437, 53.56621], [22.19942, 53.5692], [22.20955, 53.57767], [22.21617, 53.58144], [22.22792, 53.58585], [22.23433, 53.59158], [22.23261, 53.59236], [22.23916, 53.59608], [22.272, 53.61054], [22.27776, 53.61929], [22.28084, 53.62171], [22.28511, 53.62324], [22.29843, 53.62425], [22.32485, 53.63408], [22.32659, 53.63179], [22.3529, 53.64721], [22.34995, 53.64837], [22.35319, 53.65188], [22.35583, 53.65271], [22.35991, 53.65584], [22.36241, 53.65504], [22.38619, 53.66357], [22.39062, 53.66613], [22.39628, 53.66809], [22.39771, 53.66711], [22.4007, 53.66708], [22.41446, 53.67588], [22.41484, 53.67781], [22.42304, 53.68154], [22.42818, 53.6796], [22.43299, 53.6764], [22.436, 53.67776], [22.43777, 53.67581], [22.4364, 53.67524], [22.43691, 53.67482], [22.43834, 53.67509], [22.44039, 53.67436], [22.44059, 53.67322], [22.44483, 53.67233], [22.4423, 53.66794], [22.43764, 53.66739], [22.44109, 53.66456], [22.44682, 53.66426], [22.45095, 53.66288], [22.45934, 53.66512], [22.4593, 53.66451], [22.47325, 53.66304], [22.47482, 53.66369], [22.47553, 53.66316], [22.4749, 53.66409], [22.4685, 53.66757], [22.46978, 53.67006], [22.46712, 53.67205], [22.46697, 53.67429], [22.47027, 53.67583], [22.47167, 53.67825], [22.46847, 53.68197], [22.46958, 53.68447], [22.46896, 53.68667], [22.46623, 53.68753], [22.46544, 53.69006], [22.46668, 53.69163], [22.47104, 53.69336], [22.47392, 53.6933], [22.47559, 53.69197], [22.4759, 53.69273], [22.47437, 53.69466], [22.47471, 53.69608], [22.47317, 53.69617], [22.47234, 53.6974], [22.46848, 53.69779], [22.46757, 53.69895], [22.47938, 53.70004], [22.49163, 53.7002], [22.50446, 53.69634], [22.51393, 53.69768], [22.51507, 53.69829], [22.51408, 53.69912], [22.56637, 53.72142], [22.56468, 53.72209], [22.5847, 53.73432], [22.58488, 53.72689], [22.59703, 53.71833], [22.60674, 53.71705], [22.61075, 53.71921], [22.6124, 53.72546], [22.61652, 53.7325], [22.62092, 53.73513], [22.62116, 53.73784], [22.62641, 53.74161], [22.62237, 53.74348], [22.62224, 53.74438], [22.62258, 53.74562], [22.62453, 53.74585], [22.6265, 53.74728], [22.62394, 53.74981], [22.62384, 53.7513], [22.62904, 53.75741], [22.62906, 53.75649], [22.63621, 53.75651], [22.64068, 53.75475], [22.64081, 53.75171], [22.63849, 53.74971], [22.64147, 53.74754], [22.64436, 53.74919], [22.65172, 53.75025], [22.65916, 53.75439], [22.66297, 53.75455], [22.66768, 53.7566], [22.67402, 53.75682], [22.67587, 53.75748], [22.68025, 53.75641], [22.68718, 53.75806], [22.69243, 53.76066], [22.6968, 53.76159], [22.7035, 53.76736], [22.70364, 53.76966], [22.70948, 53.78033], [22.71436, 53.78612], [22.71648, 53.78691], [22.71617, 53.78904], [22.71862, 53.79145], [22.71894, 53.79369], [22.72356, 53.79762], [22.72335, 53.80019], [22.72674, 53.80354], [22.72662, 53.8065], [22.72522, 53.80856], [22.72574, 53.8176], [22.7244, 53.82273], [22.72485, 53.82525], [22.72739, 53.82739], [22.72564, 53.83086], [22.72671, 53.83317], [22.73399, 53.83648], [22.7354, 53.83815], [22.74603, 53.84223], [22.75499, 53.84725], [22.7581, 53.84974], [22.75941, 53.85406], [22.77903, 53.86559], [22.78543, 53.88342], [22.78099, 53.88634], [22.7815, 53.8902], [22.78069, 53.89135], [22.77736, 53.89197], [22.77498, 53.89635], [22.77957, 53.89891], [22.78031, 53.90101], [22.77599, 53.9035], [22.77537, 53.90538], [22.7774, 53.91027], [22.7828, 53.91549], [22.78161, 53.91974], [22.77832, 53.92285], [22.77488, 53.92398], [22.77238, 53.92717], [22.76671, 53.9302], [22.75879, 53.93682], [22.75256, 53.94001], [22.75204, 53.9424], [22.74576, 53.9463], [22.73693, 53.94958], [22.73092, 53.94987], [22.72917, 53.9507], [22.7287, 53.95286], [22.72374, 53.95257], [22.718, 53.95596], [22.71461, 53.95689], [22.70914, 53.96248], [22.70949, 53.96466], [22.70803, 53.96797], [22.70398, 53.96931], [22.70369, 53.97139], [22.69653, 53.97351], [22.6936, 53.97855], [22.69373, 53.98263], [22.69587, 53.98438], [22.69575, 53.98535], [22.69381, 53.99031], [22.69425, 53.99244], [22.69023, 53.99745], [22.69096, 54.0004], [22.68478, 54.00415], [22.68216, 54.00426], [22.67992, 54.00535], [22.67099, 54.0207], [22.67194, 54.0233], [22.67034, 54.02931], [22.65699, 54.0353], [22.65104, 54.03675], [22.6484, 54.0387], [22.64134, 54.04128], [22.6373, 54.04422], [22.63272, 54.0461], [22.62857, 54.04748], [22.62304, 54.0477], [22.62147, 54.04915], [22.61711, 54.05059], [22.60989, 54.05017], [22.60083, 54.05194], [22.59986, 54.05279], [22.59687, 54.06655], [22.60163, 54.06817], [22.60192, 54.07093], [22.60472, 54.07381], [22.60384, 54.08194], [22.61105, 54.08558], [22.61557, 54.08561], [22.62338, 54.08695], [22.62463, 54.0884], [22.62396, 54.09115], [22.62501, 54.09188], [22.63049, 54.09276], [22.63235, 54.09221], [22.63546, 54.09302], [22.63516, 54.09605], [22.63727, 54.0972], [22.63678, 54.10659], [22.6361, 54.1079], [22.62051, 54.11289], [22.62011, 54.11485], [22.61285, 54.12013], [22.60817, 54.12504], [22.60193, 54.13652], [22.59373, 54.14118], [22.59141, 54.15065], [22.57824, 54.14647], [22.57899, 54.14366], [22.58083, 54.142], [22.54713, 54.13773], [22.5447, 54.14384], [22.54617, 54.14534], [22.54613, 54.14764], [22.54536, 54.14847], [22.5389, 54.14782], [22.53543, 54.15292], [22.53772, 54.15496], [22.53377, 54.15524], [22.53565, 54.15632], [22.53666, 54.15882], [22.53795, 54.15904], [22.53686, 54.1604], [22.53435, 54.16002], [22.53337, 54.16106], [22.52745, 54.15969], [22.52589, 54.16007], [22.52663, 54.16179], [22.5191, 54.16126], [22.51802, 54.1638], [22.51907, 54.16772], [22.51595, 54.17193], [22.51318, 54.17404], [22.50784, 54.1756], [22.50378, 54.18047], [22.50062, 54.18645], [22.503, 54.18711], [22.50994, 54.1872], [22.5091, 54.18903], [22.51034, 54.19082], [22.50769, 54.19118], [22.50448, 54.18969], [22.50344, 54.19334], [22.48936, 54.1943], [22.48821, 54.19368], [22.48422, 54.19962], [22.4784, 54.19942], [22.47656, 54.20131], [22.48032, 54.20229], [22.48132, 54.2017], [22.48153, 54.20244], [22.48387, 54.20281], [22.48296, 54.2054], [22.4839, 54.20807], [22.48818, 54.20653], [22.4949, 54.20883], [22.49424, 54.20923], [22.49737, 54.21051], [22.49235, 54.2144], [22.50593, 54.21786], [22.51014, 54.22023], [22.51454, 54.21682], [22.51613, 54.2166], [22.51831, 54.2175], [22.51901, 54.2186], [22.51717, 54.21936], [22.51719, 54.22171], [22.5149, 54.22426], [22.52401, 54.22979], [22.52779, 54.22935], [22.52744, 54.2346], [22.53208, 54.24912], [22.55273, 54.2514], [22.55231, 54.24927], [22.55712, 54.2498], [22.55897, 54.24741], [22.56602, 54.24984], [22.5627, 54.25195], [22.56875, 54.25844], [22.57936, 54.25828], [22.57603, 54.26715], [22.57978, 54.26515], [22.6107, 54.25992], [22.615, 54.2621], [22.61533, 54.26399], [22.62544, 54.26951], [22.63472, 54.28011], [22.63757, 54.28149], [22.64051, 54.28571], [22.64469, 54.28785], [22.6518, 54.2856], [22.66159, 54.28371], [22.66396, 54.28185], [22.6665, 54.28167], [22.6685, 54.28056], [22.67952, 54.27927], [22.69445, 54.27545], [22.69839, 54.27784], [22.70043, 54.27716], [22.7036, 54.27933], [22.72775, 54.28438], [22.74566, 54.29121], [22.7513, 54.29816], [22.75607, 54.29736], [22.76143, 54.29459], [22.768, 54.28944], [22.77723, 54.29485], [22.77914, 54.29357], [22.79, 54.29989], [22.78924, 54.30191], [22.78695, 54.30172], [22.78624, 54.30484], [22.784, 54.30583], [22.78509, 54.31094], [22.7888, 54.31111], [22.79229, 54.32339], [22.7949, 54.32372], [22.79534, 54.32493], [22.79154, 54.32652], [22.79028, 54.32594], [22.78888, 54.32687], [22.78836, 54.32584], [22.78707, 54.32596], [22.78565, 54.32725], [22.78602, 54.3282], [22.7765, 54.32802], [22.78179, 54.33337], [22.79697, 54.33963], [22.80299, 54.34099], [22.80614, 54.34962], [22.80132, 54.35191], [22.792, 54.36332], [22.81143, 54.37098], [22.81665, 54.3798]]]}}, {"type": "Feature", "properties": {"kod": "22", "nazwa": "pomorskie"}, "geometry": {"type": "Polygon", "coordinates": [[[19.55598, 53.92578], [19.56074, 53.91942], [19.55739, 53.91026], [19.55913, 53.90991], [19.55818, 53.90581], [19.55486, 53.89836], [19.55707, 53.89777], [19.55394, 53.89638], [19.552, 53.89364], [19.5443, 53.88894], [19.54317, 53.88688], [19.54392, 53.88572], [19.54217, 53.88403], [19.53975, 53.88503], [19.53431, 53.88141], [19.5335, 53.8801], [19.53988, 53.87886], [19.53715, 53.87838], [19.53795, 53.87524], [19.53043, 53.8743], [19.53062, 53.87161], [19.52746, 53.87099], [19.52646, 53.86993], [19.5296, 53.86916], [19.52877, 53.86683], [19.5275, 53.86693], [19.52587, 53.86461], [19.5244, 53.86008], [19.52035, 53.86082], [19.51763, 53.85626], [19.51418, 53.85668], [19.51227, 53.84721], [19.51347, 53.84711], [19.51351, 53.84625], [19.51805, 53.84657], [19.51823, 53.84725], [19.51858, 53.84664], [19.47962, 53.81684], [19.50037, 53.80665], [19.47188, 53.78486], [19.4747, 53.78443], [19.4748, 53.78244], [19.47755, 53.78282], [19.48206, 53.78069], [19.4806, 53.77715], [19.48152, 53.77559], [19.48057, 53.77519], [19.47769, 53.77735], [19.47566, 53.77709], [19.47462, 53.77975], [19.47081, 53.77853], [19.46958, 53.7802], [19.46046, 53.78318], [19.46017, 53.78448], [19.46185, 53.78555], [19.45981, 53.78536], [19.45885, 53.78637], [19.45679, 53.78658], [19.45489, 53.78975], [19.45679, 53.79099], [19.45489, 53.79411], [19.45634, 53.79657], [19.45421, 53.79755], [19.4403, 53.79965], [19.43408, 53.80144], [19.37053, 53.8142], [19.36847, 53.8136], [19.36743, 53.81424], [19.36436, 53.81289], [19.35719, 53.81312], [19.35407, 53.81531], [19.35134, 53.81549], [19.34961, 53.81419], [19.34642, 53.81377], [19.33506, 53.81466], [19.32298, 53.81394], [19.32076, 53.81207], [19.32108, 53.8104], [19.31115, 53.80448], [19.30972, 53.80138], [19.31233, 53.80091], [19.30886, 53.79455], [19.31405, 53.79401], [19.31595, 53.7909], [19.30987, 53.79153], [19.30886, 53.78807], [19.30486, 53.78845], [19.30405, 53.7835], [19.3019, 53.78371], [19.30156, 53.78246], [19.30023, 53.78258], [19.29871, 53.7789], [19.30298, 53.77818], [19.29919, 53.77377], [19.29864, 53.7709], [19.29968, 53.76876], [19.30407, 53.76735], [19.29944, 53.76225], [19.30092, 53.76091], [19.30035, 53.75562], [19.30353, 53.75514], [19.30417, 53.75404], [19.30214, 53.75355], [19.29828, 53.74921], [19.29685, 53.74924], [19.29632, 53.74626], [19.29174, 53.74145], [19.28854, 53.74069], [19.28931, 53.73951], [19.28647, 53.74018], [19.28427, 53.73766], [19.28114, 53.737], [19.27783, 53.73238], [19.27381, 53.73281], [19.27087, 53.73081], [19.26754, 53.73065], [19.2667, 53.72973], [19.26503, 53.73048], [19.26388, 53.72994], [19.24465, 53.71532], [19.23785, 53.71137], [19.23847, 53.70992], [19.23734, 53.70774], [19.23367, 53.70688], [19.23025, 53.70486], [19.22811, 53.70602], [19.22621, 53.7052], [19.22444, 53.70381], [19.22351, 53.6998], [19.21296, 53.69137], [19.22366, 53.66874], [19.22232, 53.66793], [19.21802, 53.66956], [19.21369, 53.66971], [19.21305, 53.65337], [19.21521, 53.64839], [19.21048, 53.6504], [19.21172, 53.64827], [19.21026, 53.64629], [19.21234, 53.64337], [19.20653, 53.63781], [19.20343, 53.63647], [19.2027, 53.63496], [19.20018, 53.63597], [19.20116, 53.63817], [19.19344, 53.64113], [19.18994, 53.64031], [19.18447, 53.63712], [19.1791, 53.64032], [19.16286, 53.62433], [19.15411, 53.61938], [19.15246, 53.62031], [19.13869, 53.61004], [19.13036, 53.60828], [19.12931, 53.60375], [19.12764, 53.60219], [19.13044, 53.5997], [19.12928, 53.58826], [19.09664, 53.59672], [19.08724, 53.59728], [19.08556, 53.59821], [19.08151, 53.59708], [19.04977, 53.59668], [19.04261, 53.59547], [19.04043, 53.59418], [19.02457, 53.59315], [19.02645, 53.5915], [19.02467, 53.5906], [19.02205, 53.59199], [19.01874, 53.59097], [19.01223, 53.59238], [19.00897, 53.59203], [18.99343, 53.59544], [18.98883, 53.59505], [18.98727, 53.58989], [18.97681, 53.58737], [18.97396, 53.58904], [18.94205, 53.58815], [18.92675, 53.59168], [18.92449, 53.5908], [18.91421, 53.57898], [18.90932, 53.57763], [18.90312, 53.57792], [18.90452, 53.58255], [18.90831, 53.58808], [18.90855, 53.59152], [18.9063, 53.59418], [18.90093, 53.59542], [18.89531, 53.59565], [18.89014, 53.5995], [18.88637, 53.59892], [18.87594, 53.59953], [18.86269, 53.60084], [18.85835, 53.60213], [18.85722, 53.60095], [18.84627, 53.60258], [18.84327, 53.60197], [18.84144, 53.60342], [18.82988, 53.6048], [18.77351, 53.60705], [18.76794, 53.60583], [18.76757, 53.60745], [18.76638, 53.60738], [18.76725, 53.60808], [18.76581, 53.61012], [18.76357, 53.61091], [18.76243, 53.61031], [18.76494, 53.60539], [18.76066, 53.60473], [18.75329, 53.61747], [18.74053, 53.63226], [18.73927, 53.63611], [18.73932, 53.64455], [18.74126, 53.65034], [18.74655, 53.65745], [18.75493, 53.66499], [18.76991, 53.6754], [18.77438, 53.68051], [18.78237, 53.69524], [18.78897, 53.70211], [18.78237, 53.70399], [18.77873, 53.70079], [18.77796, 53.7015], [18.77268, 53.69959], [18.7713, 53.69973], [18.77153, 53.70085], [18.76976, 53.70054], [18.77056, 53.70007], [18.76953, 53.699], [18.76823, 53.69998], [18.76708, 53.69938], [18.76399, 53.69947], [18.76279, 53.69894], [18.7649, 53.69807], [18.76186, 53.69637], [18.75776, 53.69627], [18.75259, 53.69335], [18.75298, 53.69271], [18.75066, 53.69261], [18.75121, 53.69079], [18.75317, 53.69036], [18.75084, 53.6881], [18.74981, 53.68848], [18.74821, 53.68724], [18.74884, 53.68569], [18.74483, 53.68689], [18.74345, 53.68882], [18.74419, 53.69218], [18.74101, 53.69277], [18.73399, 53.686], [18.73108, 53.68446], [18.7255, 53.68376], [18.72525, 53.68545], [18.71904, 53.68851], [18.71147, 53.68604], [18.70843, 53.68655], [18.69593, 53.69232], [18.69519, 53.69437], [18.69655, 53.69995], [18.68785, 53.69914], [18.67811, 53.69075], [18.67023, 53.693], [18.66869, 53.69473], [18.6634, 53.69655], [18.65356, 53.69483], [18.65518, 53.69364], [18.64291, 53.68299], [18.63862, 53.68065], [18.63733, 53.67738], [18.63454, 53.67741], [18.62998, 53.67443], [18.61951, 53.6734], [18.6095, 53.67061], [18.59888, 53.67262], [18.59218, 53.67249], [18.58559, 53.67358], [18.57872, 53.67741], [18.57546, 53.67718], [18.5709, 53.6754], [18.56709, 53.67334], [18.56914, 53.67174], [18.578, 53.66899], [18.58242, 53.66624], [18.5843, 53.66111], [18.58339, 53.65935], [18.5802, 53.65786], [18.56259, 53.65811], [18.55818, 53.6558], [18.55343, 53.65511], [18.55063, 53.65592], [18.54594, 53.65969], [18.54391, 53.66209], [18.54518, 53.66446], [18.54342, 53.6664], [18.54006, 53.66635], [18.53616, 53.66925], [18.53387, 53.66647], [18.5283, 53.66833], [18.53007, 53.66981], [18.53117, 53.66896], [18.53226, 53.66941], [18.53062, 53.67122], [18.53116, 53.67202], [18.52886, 53.67299], [18.52911, 53.67494], [18.5303, 53.67451], [18.53298, 53.67543], [18.52977, 53.67916], [18.5253, 53.67892], [18.51447, 53.68096], [18.51246, 53.68896], [18.51897, 53.68928], [18.52323, 53.69148], [18.51583, 53.70403], [18.50811, 53.69991], [18.50469, 53.70091], [18.4942, 53.69921], [18.49238, 53.70165], [18.49021, 53.70207], [18.48103, 53.7022], [18.47582, 53.70372], [18.47195, 53.70286], [18.47038, 53.70369], [18.4681, 53.70183], [18.47166, 53.70109], [18.46768, 53.69528], [18.46926, 53.69514], [18.46845, 53.68974], [18.46494, 53.68743], [18.46021, 53.68638], [18.45506, 53.68652], [18.45566, 53.69366], [18.41852, 53.68722], [18.42021, 53.69196], [18.37973, 53.68852], [18.36434, 53.68964], [18.36107, 53.68762], [18.35855, 53.68818], [18.35701, 53.68767], [18.35847, 53.68878], [18.35734, 53.68919], [18.354, 53.6874], [18.35201, 53.68863], [18.35187, 53.6898], [18.35006, 53.68906], [18.34896, 53.68956], [18.35191, 53.69068], [18.35171, 53.69138], [18.34874, 53.69085], [18.3483, 53.69202], [18.34296, 53.69225], [18.34123, 53.69326], [18.33854, 53.69302], [18.32535, 53.69468], [18.31628, 53.69653], [18.30617, 53.69699], [18.29186, 53.69937], [18.26376, 53.70098], [18.25714, 53.70749], [18.25836, 53.70755], [18.25468, 53.70971], [18.2542, 53.71131], [18.27412, 53.71677], [18.27325, 53.71852], [18.27668, 53.72069], [18.27639, 53.72284], [18.27293, 53.7232], [18.27052, 53.72477], [18.26789, 53.72422], [18.26709, 53.72507], [18.26592, 53.72487], [18.26786, 53.72782], [18.27388, 53.73179], [18.27273, 53.73316], [18.26971, 53.73437], [18.26488, 53.74099], [18.26809, 53.7414], [18.26758, 53.74234], [18.2596, 53.74252], [18.25738, 53.74426], [18.25819, 53.74511], [18.25614, 53.74616], [18.25078, 53.74324], [18.24758, 53.74407], [18.24984, 53.74478], [18.21903, 53.73984], [18.22126, 53.75171], [18.21688, 53.75178], [18.21414, 53.75086], [18.21552, 53.74768], [18.21298, 53.74709], [18.21157, 53.74502], [18.20822, 53.74513], [18.2087, 53.7439], [18.20717, 53.74347], [18.20491, 53.74021], [18.1981, 53.73848], [18.19619, 53.73885], [18.19413, 53.74002], [18.19523, 53.74269], [18.19794, 53.74144], [18.20062, 53.74474], [18.19968, 53.75209], [18.2012, 53.75316], [18.20152, 53.75619], [18.19394, 53.75638], [18.19344, 53.75546], [18.19083, 53.75531], [18.1884, 53.7558], [18.18731, 53.75563], [18.18763, 53.75463], [18.18136, 53.7533], [18.18089, 53.7472], [18.1789, 53.74355], [18.17704, 53.74335], [18.17493, 53.74367], [18.17805, 53.74415], [18.17775, 53.74596], [18.17343, 53.74583], [18.17194, 53.74684], [18.17057, 53.74526], [18.16666, 53.7466], [18.15816, 53.75202], [18.15488, 53.75324], [18.15477, 53.75772], [18.15181, 53.76826], [18.14814, 53.76753], [18.14432, 53.76813], [18.13807, 53.76753], [18.1337, 53.76928], [18.13053, 53.76938], [18.12558, 53.76427], [18.11772, 53.76283], [18.11683, 53.75937], [18.1108, 53.75822], [18.10736, 53.76137], [18.11036, 53.76431], [18.10924, 53.76578], [18.11056, 53.76702], [18.10902, 53.76912], [18.10796, 53.76962], [18.10468, 53.76811], [18.09942, 53.76745], [18.09694, 53.77175], [18.09479, 53.77269], [18.09375, 53.7724], [18.09423, 53.77491], [18.07204, 53.78108], [18.07039, 53.77322], [18.0659, 53.76762], [18.05768, 53.76047], [18.04995, 53.74123], [18.044, 53.74091], [18.04158, 53.73978], [18.04261, 53.73707], [18.04542, 53.73766], [18.04694, 53.73617], [18.0442, 53.73297], [18.03193, 53.72495], [18.02773, 53.72901], [18.01619, 53.72528], [18.01483, 53.72419], [18.0036, 53.72393], [17.99937, 53.72566], [17.99124, 53.72451], [17.98613, 53.72863], [17.98641, 53.73147], [17.97336, 53.73688], [17.96436, 53.73923], [17.95362, 53.7381], [17.95034, 53.74589], [17.9482, 53.74617], [17.94907, 53.74774], [17.94819, 53.74876], [17.94698, 53.74853], [17.94805, 53.74751], [17.94718, 53.74712], [17.94204, 53.74736], [17.93809, 53.74394], [17.93518, 53.74347], [17.9326, 53.74487], [17.93183, 53.74928], [17.92872, 53.74996], [17.92257, 53.74973], [17.91534, 53.74804], [17.90086, 53.74791], [17.89263, 53.75217], [17.87555, 53.75776], [17.86863, 53.75963], [17.86356, 53.75819], [17.8601, 53.75496], [17.86695, 53.74552], [17.87101, 53.74653], [17.87605, 53.74599], [17.88382, 53.73487], [17.88609, 53.73466], [17.88939, 53.72768], [17.89512, 53.72681], [17.9041, 53.72188], [17.90158, 53.72003], [17.89917, 53.72036], [17.89677, 53.71849], [17.8924, 53.71715], [17.89587, 53.71161], [17.89832, 53.71159], [17.89854, 53.71057], [17.89, 53.70737], [17.88156, 53.70627], [17.87839, 53.7074], [17.87334, 53.7003], [17.86441, 53.69333], [17.85171, 53.68775], [17.85187, 53.68826], [17.85031, 53.68792], [17.84863, 53.68891], [17.84754, 53.69097], [17.83896, 53.69035], [17.83348, 53.69236], [17.82416, 53.6917], [17.82326, 53.68904], [17.81947, 53.68697], [17.82018, 53.68625], [17.81752, 53.68486], [17.81697, 53.6852], [17.80724, 53.67903], [17.80575, 53.68016], [17.79811, 53.6788], [17.77219, 53.6999], [17.76812, 53.69649], [17.76315, 53.69486], [17.76433, 53.69201], [17.76208, 53.69094], [17.76261, 53.6897], [17.76509, 53.69018], [17.76688, 53.68909], [17.76441, 53.68674], [17.76391, 53.68367], [17.76192, 53.68404], [17.7613, 53.6851], [17.76085, 53.68397], [17.75954, 53.68408], [17.75979, 53.68624], [17.7587, 53.68666], [17.75773, 53.68233], [17.75427, 53.68036], [17.75391, 53.67933], [17.75154, 53.67892], [17.74671, 53.68111], [17.74069, 53.67798], [17.74018, 53.67402], [17.74412, 53.67161], [17.74422, 53.67001], [17.74356, 53.66839], [17.7375, 53.66446], [17.73352, 53.66291], [17.73834, 53.65604], [17.73627, 53.65478], [17.73332, 53.65506], [17.73158, 53.64943], [17.73297, 53.64798], [17.72733, 53.64523], [17.72735, 53.64369], [17.72379, 53.64299], [17.72291, 53.64176], [17.72363, 53.64042], [17.72022, 53.63978], [17.71942, 53.63889], [17.71414, 53.63822], [17.71193, 53.63622], [17.71178, 53.62932], [17.7143, 53.62777], [17.7151, 53.62544], [17.71934, 53.62374], [17.71472, 53.6213], [17.71502, 53.6199], [17.71702, 53.61785], [17.71969, 53.61701], [17.71839, 53.61358], [17.71153, 53.61067], [17.71096, 53.60904], [17.72607, 53.60974], [17.72876, 53.61364], [17.73355, 53.6145], [17.73506, 53.61372], [17.73469, 53.60463], [17.73568, 53.60126], [17.73382, 53.59965], [17.73186, 53.60049], [17.73, 53.59726], [17.73045, 53.5929], [17.70475, 53.59524], [17.70071, 53.59174], [17.69281, 53.59492], [17.69026, 53.59447], [17.68718, 53.59272], [17.68044, 53.59517], [17.67468, 53.59986], [17.66864, 53.60185], [17.66779, 53.60058], [17.65697, 53.59399], [17.65504, 53.58871], [17.65553, 53.58782], [17.65754, 53.58756], [17.65712, 53.58637], [17.65819, 53.58587], [17.67251, 53.58493], [17.67424, 53.58358], [17.67486, 53.572], [17.67197, 53.5702], [17.6567, 53.57115], [17.65074, 53.58164], [17.62672, 53.58781], [17.60443, 53.59689], [17.58432, 53.58351], [17.57929, 53.57845], [17.56409, 53.57808], [17.54408, 53.58027], [17.5369, 53.58753], [17.52929, 53.59293], [17.52391, 53.60555], [17.51021, 53.61318], [17.51519, 53.61616], [17.51459, 53.61775], [17.50863, 53.61716], [17.49947, 53.6093], [17.49973, 53.60766], [17.49541, 53.60716], [17.49036, 53.60515], [17.48716, 53.605], [17.48358, 53.60388], [17.48103, 53.60202], [17.47964, 53.60176], [17.47449, 53.60308], [17.47194, 53.60227], [17.46844, 53.60241], [17.46662, 53.60098], [17.4639, 53.60206], [17.45634, 53.59979], [17.4508, 53.60218], [17.44633, 53.60121], [17.4452, 53.59962], [17.44137, 53.59863], [17.43891, 53.59459], [17.43461, 53.59261], [17.43159, 53.59249], [17.4315, 53.59061], [17.42829, 53.58922], [17.42658, 53.58579], [17.42205, 53.58416], [17.42175, 53.58209], [17.42493, 53.5788], [17.42315, 53.57637], [17.4197, 53.57427], [17.42013, 53.57122], [17.41868, 53.57075], [17.41922, 53.56943], [17.41714, 53.56841], [17.41807, 53.56573], [17.42011, 53.56469], [17.41848, 53.56462], [17.41783, 53.56323], [17.41326, 53.56077], [17.41546, 53.55937], [17.41533, 53.55802], [17.41902, 53.55802], [17.41938, 53.55702], [17.41757, 53.55616], [17.41777, 53.55538], [17.42162, 53.55491], [17.41783, 53.55265], [17.41904, 53.55169], [17.42101, 53.55189], [17.42271, 53.55001], [17.42076, 53.54862], [17.42144, 53.54771], [17.42043, 53.54572], [17.42087, 53.5438], [17.42213, 53.54338], [17.41991, 53.54224], [17.42274, 53.53753], [17.42208, 53.53598], [17.41834, 53.53337], [17.41646, 53.53284], [17.41097, 53.53347], [17.40485, 53.52558], [17.40138, 53.51697], [17.4027, 53.51389], [17.40203, 53.51212], [17.40047, 53.51195], [17.39383, 53.50781], [17.39551, 53.49713], [17.39385, 53.49339], [17.39065, 53.49097], [17.38925, 53.49172], [17.38704, 53.4911], [17.38637, 53.49671], [17.37731, 53.49639], [17.37568, 53.49513], [17.3733, 53.49472], [17.36876, 53.49651], [17.36754, 53.49572], [17.36312, 53.49725], [17.35078, 53.49348], [17.34949, 53.49553], [17.34128, 53.49535], [17.33653, 53.49771], [17.34044, 53.50162], [17.33859, 53.50186], [17.33879, 53.50251], [17.3351, 53.50349], [17.32665, 53.50265], [17.32447, 53.51297], [17.30506, 53.51292], [17.30546, 53.51504], [17.30872, 53.51719], [17.30824, 53.52111], [17.31003, 53.52425], [17.305, 53.52845], [17.30257, 53.52906], [17.29584, 53.52458], [17.29086, 53.52861], [17.28162, 53.534], [17.27807, 53.5351], [17.27221, 53.5346], [17.272, 53.53596], [17.26849, 53.53727], [17.26715, 53.53639], [17.26564, 53.53699], [17.26279, 53.53551], [17.25968, 53.53546], [17.25483, 53.53288], [17.25329, 53.53335], [17.24454, 53.53123], [17.24012, 53.53181], [17.24006, 53.53328], [17.23824, 53.5325], [17.23684, 53.53318], [17.23256, 53.53329], [17.2312, 53.53428], [17.22645, 53.53388], [17.22533, 53.53312], [17.21657, 53.53375], [17.21429, 53.53507], [17.20841, 53.53636], [17.20599, 53.53481], [17.20263, 53.53444], [17.20146, 53.53333], [17.19709, 53.53232], [17.18884, 53.53445], [17.18644, 53.53395], [17.18346, 53.53449], [17.1794, 53.53322], [17.17367, 53.53301], [17.16784, 53.53044], [17.16454, 53.53067], [17.16355, 53.52976], [17.1646, 53.52954], [17.16393, 53.52821], [17.16106, 53.52783], [17.14976, 53.52927], [17.14516, 53.53085], [17.14403, 53.53308], [17.14183, 53.53334], [17.1407, 53.53239], [17.13761, 53.53445], [17.13194, 53.53633], [17.12864, 53.53583], [17.12367, 53.53701], [17.12123, 53.53623], [17.11781, 53.53645], [17.10615, 53.54126], [17.10119, 53.5425], [17.09533, 53.54244], [17.09342, 53.54171], [17.08978, 53.54273], [17.08416, 53.53888], [17.08399, 53.53661], [17.0805, 53.53583], [17.07919, 53.53452], [17.07318, 53.53243], [17.06792, 53.52732], [17.06523, 53.52654], [17.06462, 53.52325], [17.05851, 53.52043], [17.04922, 53.52024], [17.04533, 53.51851], [17.03247, 53.51554], [17.02625, 53.51791], [17.02252, 53.51731], [17.01232, 53.52022], [17.0069, 53.51818], [16.99965, 53.51806], [16.99856, 53.52067], [17.00008, 53.52169], [17.00076, 53.52506], [16.99714, 53.52591], [16.99232, 53.5256], [16.99275, 53.52813], [16.99136, 53.52899], [16.99321, 53.53006], [16.99307, 53.53159], [16.99689, 53.5312], [16.99936, 53.5333], [17.00276, 53.53372], [17.00388, 53.53313], [17.00656, 53.53467], [17.00539, 53.53544], [17.00571, 53.53803], [17.00139, 53.54961], [17.00046, 53.54945], [16.99963, 53.55102], [17.00027, 53.5517], [17.00014, 53.55201], [16.99613, 53.55146], [16.99386, 53.55198], [16.99319, 53.55442], [16.99177, 53.55542], [16.98832, 53.55387], [16.9854, 53.55486], [16.98499, 53.55618], [16.98226, 53.5558], [16.98144, 53.55691], [16.97883, 53.55554], [16.97796, 53.55382], [16.97684, 53.55444], [16.97588, 53.55399], [16.97687, 53.55261], [16.9755, 53.55284], [16.97516, 53.55183], [16.97389, 53.55225], [16.97272, 53.55088], [16.97017, 53.55051], [16.97023, 53.54853], [16.96905, 53.5488], [16.96767, 53.54787], [16.9658, 53.54867], [16.96489, 53.54809], [16.95711, 53.54766], [16.95355, 53.54404], [16.95317, 53.54191], [16.94878, 53.54838], [16.95002, 53.5545], [16.94905, 53.55878], [16.94394, 53.56305], [16.94371, 53.56969], [16.93957, 53.57098], [16.93836, 53.57227], [16.9384, 53.57467], [16.93993, 53.57602], [16.93733, 53.57913], [16.94104, 53.58165], [16.94036, 53.5842], [16.93907, 53.58507], [16.93592, 53.58414], [16.93436, 53.58448], [16.93389, 53.58674], [16.93072, 53.58753], [16.93226, 53.5887], [16.93036, 53.58987], [16.92956, 53.59177], [16.92396, 53.59295], [16.9258, 53.59408], [16.9259, 53.59574], [16.92535, 53.59724], [16.92312, 53.59754], [16.92297, 53.59964], [16.91629, 53.6005], [16.91432, 53.60147], [16.91917, 53.60397], [16.91878, 53.60525], [16.91395, 53.60597], [16.91212, 53.60695], [16.91002, 53.61285], [16.90601, 53.61318], [16.90313, 53.61543], [16.90284, 53.6178], [16.89618, 53.62113], [16.90213, 53.62655], [16.90022, 53.62793], [16.89632, 53.62725], [16.89336, 53.62848], [16.89683, 53.63137], [16.8962, 53.63243], [16.89767, 53.63248], [16.89935, 53.63371], [16.89573, 53.63623], [16.89876, 53.63796], [16.89984, 53.64088], [16.89224, 53.65587], [16.88623, 53.67619], [16.88025, 53.68845], [16.87927, 53.70119], [16.87571, 53.71507], [16.87728, 53.71905], [16.86799, 53.73065], [16.85765, 53.7471], [16.88072, 53.75566], [16.90066, 53.76105], [16.90318, 53.76524], [16.91618, 53.77229], [16.92063, 53.77463], [16.93066, 53.77724], [16.93306, 53.77946], [16.9341, 53.78399], [16.9366, 53.78417], [16.93629, 53.78656], [16.93778, 53.78951], [16.93982, 53.7905], [16.94343, 53.79853], [16.94506, 53.79977], [16.94453, 53.80092], [16.94816, 53.80508], [16.94807, 53.80572], [16.94561, 53.80619], [16.94516, 53.80541], [16.94173, 53.80567], [16.94035, 53.80671], [16.93759, 53.80185], [16.92974, 53.80102], [16.92936, 53.80039], [16.92063, 53.7992], [16.91805, 53.79807], [16.91646, 53.79946], [16.90951, 53.80178], [16.90864, 53.80366], [16.90979, 53.80425], [16.90923, 53.80687], [16.91041, 53.80837], [16.90749, 53.81116], [16.90691, 53.81314], [16.90742, 53.81537], [16.91011, 53.81528], [16.91161, 53.81749], [16.90858, 53.82136], [16.90574, 53.82221], [16.90271, 53.82164], [16.89909, 53.82379], [16.8945, 53.8233], [16.88546, 53.82913], [16.87622, 53.83177], [16.87396, 53.83182], [16.87278, 53.82962], [16.86847, 53.83406], [16.86996, 53.8349], [16.87284, 53.83436], [16.87404, 53.83617], [16.87359, 53.83746], [16.87166, 53.83766], [16.87246, 53.84497], [16.87011, 53.84713], [16.87018, 53.85013], [16.86848, 53.85123], [16.86072, 53.85224], [16.86468, 53.85334], [16.86516, 53.85481], [16.86832, 53.85438], [16.87113, 53.85751], [16.87248, 53.8686], [16.89003, 53.87158], [16.89031, 53.87262], [16.89355, 53.87159], [16.89597, 53.87258], [16.89219, 53.8781], [16.89364, 53.87911], [16.89593, 53.87807], [16.89744, 53.87531], [16.90167, 53.87423], [16.90174, 53.87704], [16.90727, 53.87578], [16.9099, 53.87601], [16.90961, 53.87661], [16.91164, 53.87741], [16.91462, 53.87565], [16.92465, 53.87468], [16.95469, 53.87468], [16.9505, 53.87923], [16.9707, 53.87797], [16.97055, 53.88058], [16.97634, 53.87975], [16.98206, 53.90491], [16.96584, 53.90471], [16.96453, 53.90484], [16.962, 53.90757], [16.95516, 53.90685], [16.9506, 53.90943], [16.95062, 53.91226], [16.9414, 53.91209], [16.93582, 53.91463], [16.93486, 53.91425], [16.92325, 53.92096], [16.92451, 53.92247], [16.92196, 53.92539], [16.9171, 53.92465], [16.91185, 53.92582], [16.90871, 53.92533], [16.88065, 53.94134], [16.87654, 53.94022], [16.87616, 53.94407], [16.87201, 53.9464], [16.86807, 53.9478], [16.86271, 53.94619], [16.85822, 53.94706], [16.86181, 53.94784], [16.8623, 53.95088], [16.86667, 53.9519], [16.87283, 53.9511], [16.87597, 53.95212], [16.87732, 53.95477], [16.87957, 53.95644], [16.87849, 53.95673], [16.87779, 53.96062], [16.88, 53.96361], [16.87465, 53.96916], [16.87435, 53.97045], [16.87638, 53.97072], [16.87682, 53.97151], [16.87426, 53.97721], [16.86118, 53.98005], [16.85452, 53.98362], [16.84687, 53.98387], [16.84383, 53.9908], [16.84421, 53.99248], [16.84232, 53.99381], [16.84324, 53.99514], [16.84225, 53.99785], [16.82856, 53.99517], [16.82645, 53.99812], [16.82772, 53.99973], [16.82504, 54.00436], [16.82156, 54.00365], [16.81448, 54.00503], [16.81799, 54.00382], [16.81796, 54.00096], [16.81612, 54.00051], [16.81505, 54.00168], [16.81321, 54.00147], [16.81289, 54.00098], [16.81506, 54.00026], [16.81348, 53.99893], [16.81487, 53.99852], [16.81459, 53.99674], [16.81296, 53.99548], [16.80817, 53.99455], [16.80636, 53.99341], [16.80529, 53.99428], [16.80334, 53.99423], [16.80424, 53.99097], [16.80574, 53.99031], [16.80717, 53.98749], [16.80465, 53.9876], [16.80391, 53.98938], [16.80233, 53.98692], [16.80251, 53.98577], [16.80482, 53.98537], [16.80668, 53.98603], [16.8107, 53.98574], [16.81053, 53.98461], [16.81329, 53.98363], [16.81399, 53.9796], [16.80725, 53.97958], [16.80628, 53.97923], [16.80755, 53.97814], [16.80574, 53.97753], [16.80433, 53.97906], [16.8065, 53.98002], [16.80535, 53.98112], [16.80042, 53.97982], [16.79138, 53.98048], [16.78897, 53.97954], [16.78779, 53.98019], [16.78999, 53.98145], [16.79058, 53.98505], [16.79516, 53.9855], [16.79879, 53.98678], [16.79722, 53.98863], [16.79585, 53.9888], [16.7971, 53.98945], [16.79586, 53.99225], [16.79679, 53.99478], [16.79573, 53.99536], [16.80109, 53.9997], [16.79951, 54.00293], [16.80135, 54.00399], [16.80071, 54.00539], [16.79893, 54.00571], [16.79892, 54.00754], [16.7977, 54.00597], [16.79775, 54.00707], [16.79516, 54.00649], [16.79426, 54.00694], [16.79486, 54.00823], [16.79143, 54.00819], [16.78955, 54.0108], [16.79068, 54.01124], [16.79287, 54.01096], [16.79353, 54.01001], [16.79904, 54.01026], [16.79985, 54.01102], [16.79568, 54.01072], [16.7943, 54.01172], [16.796, 54.01259], [16.79257, 54.01195], [16.79067, 54.01299], [16.78963, 54.01596], [16.78869, 54.01515], [16.79008, 54.01297], [16.78859, 54.01311], [16.78744, 54.0178], [16.78485, 54.0201], [16.78423, 54.02203], [16.78285, 54.02253], [16.78311, 54.02412], [16.78591, 54.02845], [16.79258, 54.03124], [16.794, 54.03408], [16.79496, 54.03374], [16.79757, 54.03532], [16.79808, 54.03832], [16.79431, 54.04531], [16.79618, 54.05361], [16.79843, 54.05561], [16.80654, 54.0565], [16.81181, 54.06108], [16.80849, 54.0663], [16.809, 54.07057], [16.81265, 54.07311], [16.80844, 54.07537], [16.8047, 54.07589], [16.80354, 54.07892], [16.79832, 54.0755], [16.79338, 54.07516], [16.79395, 54.07793], [16.79775, 54.07884], [16.79822, 54.0799], [16.79502, 54.07884], [16.79227, 54.0792], [16.79485, 54.09013], [16.7935, 54.10089], [16.79927, 54.10136], [16.79879, 54.10507], [16.7995, 54.1057], [16.80098, 54.1055], [16.80233, 54.11314], [16.80382, 54.11339], [16.80305, 54.11527], [16.80461, 54.11607], [16.79648, 54.12065], [16.79334, 54.12129], [16.77901, 54.11924], [16.77826, 54.12064], [16.77974, 54.12411], [16.77878, 54.12393], [16.77694, 54.12567], [16.77836, 54.12635], [16.77731, 54.12731], [16.77806, 54.12832], [16.78142, 54.12781], [16.7841, 54.1312], [16.78006, 54.13215], [16.77996, 54.13404], [16.77796, 54.1333], [16.77471, 54.13362], [16.77747, 54.13599], [16.77491, 54.14425], [16.77658, 54.14534], [16.77526, 54.14686], [16.77639, 54.14799], [16.77618, 54.15044], [16.77394, 54.15201], [16.77363, 54.15346], [16.77519, 54.15551], [16.77187, 54.15533], [16.76822, 54.15652], [16.76436, 54.15533], [16.76104, 54.15639], [16.76059, 54.15767], [16.7596, 54.15761], [16.7602, 54.15667], [16.75682, 54.15783], [16.75726, 54.161], [16.74885, 54.17273], [16.74554, 54.17419], [16.73524, 54.17636], [16.73104, 54.17837], [16.72869, 54.18415], [16.7351, 54.18461], [16.73567, 54.18863], [16.73488, 54.18999], [16.73564, 54.19404], [16.73409, 54.19536], [16.73274, 54.20365], [16.71976, 54.20239], [16.71958, 54.20935], [16.71594, 54.20975], [16.71722, 54.21214], [16.71271, 54.21256], [16.71189, 54.21413], [16.71678, 54.21652], [16.71496, 54.21701], [16.7165, 54.2196], [16.71811, 54.21938], [16.7188, 54.22117], [16.71983, 54.22054], [16.72093, 54.22143], [16.72239, 54.22121], [16.72207, 54.22221], [16.72405, 54.22393], [16.725, 54.22291], [16.72632, 54.22449], [16.72726, 54.22356], [16.7282, 54.22522], [16.73002, 54.225], [16.72856, 54.22655], [16.72959, 54.22782], [16.72874, 54.2286], [16.73014, 54.2298], [16.72926, 54.23052], [16.73021, 54.23162], [16.73143, 54.23111], [16.7337, 54.2328], [16.74062, 54.23034], [16.74724, 54.23126], [16.75008, 54.2328], [16.75098, 54.23449], [16.75443, 54.23577], [16.76102, 54.23403], [16.76362, 54.23664], [16.76571, 54.23696], [16.76637, 54.23845], [16.7685, 54.23927], [16.77028, 54.2388], [16.77238, 54.24052], [16.77436, 54.24067], [16.77787, 54.23933], [16.78162, 54.2393], [16.78967, 54.24162], [16.79343, 54.24172], [16.79714, 54.2429], [16.79655, 54.24363], [16.80163, 54.24412], [16.80947, 54.24299], [16.81355, 54.24425], [16.81611, 54.24622], [16.8204, 54.24687], [16.82528, 54.24662], [16.82597, 54.24723], [16.8313, 54.24578], [16.84278, 54.25002], [16.84845, 54.25408], [16.86509, 54.26102], [16.862, 54.26597], [16.86442, 54.27048], [16.8654, 54.27592], [16.86417, 54.28556], [16.85716, 54.29793], [16.85453, 54.29972], [16.85433, 54.30759], [16.85012, 54.30975], [16.84477, 54.31078], [16.84331, 54.31237], [16.83804, 54.31388], [16.8395, 54.31472], [16.83873, 54.31625], [16.82548, 54.31626], [16.82466, 54.31673], [16.82588, 54.31774], [16.824, 54.31834], [16.82158, 54.31663], [16.81382, 54.31841], [16.81977, 54.32482], [16.82412, 54.33164], [16.82282, 54.33795], [16.82407, 54.33807], [16.82513, 54.34187], [16.82816, 54.34603], [16.81946, 54.35472], [16.81555, 54.3602], [16.80975, 54.35955], [16.80779, 54.37046], [16.82151, 54.36833], [16.8375, 54.37046], [16.83817, 54.37582], [16.84437, 54.37541], [16.84371, 54.37221], [16.85073, 54.37413], [16.85747, 54.37823], [16.85862, 54.38258], [16.8522, 54.38611], [16.85362, 54.38758], [16.85315, 54.389], [16.85112, 54.38898], [16.84977, 54.38992], [16.84724, 54.39357], [16.84042, 54.39873], [16.84013, 54.40527], [16.83346, 54.41144], [16.82439, 54.41572], [16.83037, 54.42429], [16.83962, 54.432], [16.84112, 54.43843], [16.82697, 54.44894], [16.82212, 54.45371], [16.82386, 54.45436], [16.82106, 54.45631], [16.82825, 54.45875], [16.82711, 54.46125], [16.82525, 54.46076], [16.82386, 54.46386], [16.82749, 54.4648], [16.81976, 54.47297], [16.81803, 54.47274], [16.8191, 54.47062], [16.81747, 54.46918], [16.81804, 54.46867], [16.81715, 54.46874], [16.81166, 54.47431], [16.81005, 54.4802], [16.81164, 54.48312], [16.81074, 54.48185], [16.80066, 54.48066], [16.79946, 54.48432], [16.79316, 54.48439], [16.79331, 54.48744], [16.77895, 54.4846], [16.7705, 54.48603], [16.76763, 54.4875], [16.76113, 54.48578], [16.76275, 54.48771], [16.75899, 54.49058], [16.75684, 54.49445], [16.75474, 54.49476], [16.75466, 54.49681], [16.75271, 54.49683], [16.73929, 54.51782], [16.7408, 54.52473], [16.74325, 54.52501], [16.74569, 54.52706], [16.74814, 54.52757], [16.7475, 54.53041], [16.73918, 54.53836], [16.71216, 54.55457], [16.69852, 54.57013], [16.76619, 54.56994], [16.78058, 54.57311], [16.79411, 54.57836], [16.82379, 54.58385], [16.85095, 54.59206], [16.86368, 54.59128], [16.89839, 54.59419], [16.91272, 54.59861], [16.95842, 54.61583], [17.034, 54.65972], [17.03509, 54.66232], [17.04412, 54.66891], [17.0498, 54.66999], [17.07708, 54.67883], [17.11847, 54.69092], [17.14706, 54.69819], [17.18128, 54.70883], [17.24814, 54.73236], [17.29339, 54.73964], [17.31603, 54.7415], [17.352, 54.74997], [17.38286, 54.75317], [17.47561, 54.75775], [17.51275, 54.7645], [17.54333, 54.76786], [17.55077, 54.77012], [17.62683, 54.77731], [17.64894, 54.78167], [17.66483, 54.78297], [17.72081, 54.79497], [17.75578, 54.80367], [17.82683, 54.81192], [17.91164, 54.82711], [17.96778, 54.83231], [18.08033, 54.83522], [18.12894, 54.83361], [18.17319, 54.83494], [18.23378, 54.83383], [18.30047, 54.83642], [18.32937, 54.83533], [18.33567, 54.83383], [18.34892, 54.82731], [18.35103, 54.8235], [18.36972, 54.81389], [18.42142, 54.79804], [18.43417, 54.78908], [18.54444, 54.75006], [18.66156, 54.71111], [18.73319, 54.68186], [18.79442, 54.64806], [18.81533, 54.63367], [18.82619, 54.62326], [19.34733, 54.37009], [19.40717, 54.38086], [19.47809, 54.39781], [19.54614, 54.4185], [19.59708, 54.43847], [19.63765, 54.45915], [19.64694, 54.45339], [19.64874, 54.45327], [19.63571, 54.39224], [19.49567, 54.34567], [19.415, 54.32012], [19.29083, 54.29917], [19.25833, 54.28167], [19.25343, 54.27028], [19.25893, 54.26699], [19.2653, 54.26546], [19.27227, 54.26243], [19.27608, 54.25859], [19.28106, 54.25638], [19.28877, 54.25484], [19.29235, 54.25015], [19.29667, 54.24857], [19.29978, 54.24639], [19.30473, 54.23481], [19.31746, 54.22573], [19.31427, 54.22145], [19.31412, 54.21902], [19.32471, 54.21006], [19.32645, 54.20623], [19.32588, 54.19999], [19.32275, 54.19369], [19.318, 54.19036], [19.31357, 54.18913], [19.29883, 54.18887], [19.29378, 54.1875], [19.28529, 54.18648], [19.27402, 54.17992], [19.25873, 54.17541], [19.254, 54.17207], [19.25608, 54.17184], [19.25389, 54.16989], [19.24714, 54.16729], [19.24675, 54.1614], [19.2489, 54.15999], [19.25505, 54.15883], [19.25552, 54.15823], [19.25387, 54.15821], [19.25608, 54.15744], [19.25813, 54.1552], [19.25702, 54.15487], [19.25781, 54.15123], [19.24712, 54.14072], [19.24256, 54.13236], [19.23798, 54.12689], [19.22252, 54.11993], [19.21772, 54.11682], [19.21728, 54.11557], [19.22683, 54.11474], [19.23162, 54.11208], [19.25562, 54.08578], [19.25354, 54.08373], [19.23846, 54.08074], [19.22537, 54.07709], [19.22072, 54.06952], [19.22973, 54.06586], [19.22895, 54.06528], [19.23294, 54.06407], [19.23767, 54.06485], [19.26677, 54.05084], [19.27457, 54.05321], [19.27855, 54.04864], [19.28221, 54.04172], [19.2714, 54.04189], [19.26589, 54.03689], [19.25804, 54.03518], [19.26233, 54.02945], [19.2665, 54.02749], [19.26848, 54.02409], [19.27146, 54.02377], [19.27108, 54.0175], [19.27238, 54.01757], [19.27285, 54.01644], [19.27519, 54.01569], [19.27775, 54.01343], [19.27903, 54.01288], [19.28509, 54.01384], [19.28858, 54.01613], [19.29295, 54.02476], [19.32007, 54.02714], [19.3249, 54.02013], [19.3602, 54.00452], [19.36671, 54.00596], [19.36824, 54.00385], [19.37201, 54.00193], [19.38905, 54.00067], [19.39005, 54.00189], [19.39324, 54.00083], [19.39569, 54.00289], [19.40223, 54.00079], [19.40457, 54.00247], [19.41073, 53.9994], [19.38508, 53.99074], [19.3778, 53.98487], [19.37283, 53.97265], [19.36587, 53.96079], [19.37083, 53.9545], [19.37232, 53.94911], [19.37237, 53.94617], [19.36888, 53.9382], [19.37007, 53.93734], [19.37396, 53.93541], [19.4017, 53.93426], [19.40051, 53.93021], [19.41455, 53.92738], [19.4168, 53.92628], [19.42376, 53.92899], [19.43986, 53.93275], [19.44362, 53.93457], [19.44437, 53.93694], [19.45257, 53.93918], [19.45868, 53.94205], [19.47579, 53.94424], [19.48425, 53.9427], [19.48543, 53.94473], [19.48918, 53.94663], [19.49688, 53.94504], [19.50566, 53.94488], [19.51275, 53.94738], [19.52781, 53.94597], [19.53127, 53.94463], [19.5353, 53.94437], [19.53932, 53.94505], [19.54187, 53.94642], [19.5466, 53.9461], [19.54837, 53.94738], [19.54931, 53.94689], [19.55661, 53.94803], [19.55907, 53.94728], [19.55771, 53.94423], [19.56472, 53.94429], [19.56671, 53.94343], [19.57412, 53.94669], [19.576, 53.94832], [19.57761, 53.94779], [19.57479, 53.94373], [19.57674, 53.94313], [19.57985, 53.94005], [19.58207, 53.93958], [19.58134, 53.92706], [19.57355, 53.92833], [19.5676, 53.92802], [19.56799, 53.92698], [19.56547, 53.92691], [19.56557, 53.92588], [19.55598, 53.92578]]]}}, {"type": "Feature", "properties": {"kod": "24", "nazwa": "śląskie"}, "geometry": {"type": "MultiPolygon", "coordinates": [[[[19.79239, 50.81027], [19.79196, 50.81111], [19.79429, 50.81102], [19.79388, 50.81063], [19.79239, 50.81027]]], [[[19.79581, 50.81552], [19.794, 50.81577], [19.79497, 50.81626], [19.79581, 50.81552]]], [[[19.77716, 50.77567], [19.77647, 50.77642], [19.78176, 50.77928], [19.77837, 50.77596], [19.77716, 50.77567]]], [[[19.37752, 49.5705], [19.37136, 49.56744], [19.3714, 49.56433], [19.37346, 49.55785], [19.37142, 49.5557], [19.36659, 49.5537], [19.3688, 49.54735], [19.36857, 49.54503], [19.36614, 49.53894], [19.36236, 49.53607], [19.35781, 49.53553], [19.34697, 49.53588], [19.33963, 49.53406], [19.33303, 49.53355], [19.33126, 49.53206], [19.32941, 49.53173], [19.31879, 49.53108], [19.31867, 49.53419], [19.31557, 49.53658], [19.31035, 49.53702], [19.30668, 49.53638], [19.29966, 49.53361], [19.2929, 49.53317], [19.28549, 49.5352], [19.28152, 49.53532], [19.27472, 49.53189], [19.2643, 49.53237], [19.26069, 49.53122], [19.26182, 49.5288], [19.26103, 49.52728], [19.25529, 49.52493], [19.25103, 49.52072], [19.24509, 49.51872], [19.24062, 49.51486], [19.23365, 49.51086], [19.23482, 49.50771], [19.23404, 49.50372], [19.23703, 49.5017], [19.23551, 49.49566], [19.22783, 49.49193], [19.23154, 49.48683], [19.22725, 49.48413], [19.22508, 49.47855], [19.22146, 49.47574], [19.22047, 49.47349], [19.21999, 49.46931], [19.22713, 49.46695], [19.22827, 49.46374], [19.22531, 49.45432], [19.2196, 49.45089], [19.21901, 49.44861], [19.20899, 49.45183], [19.19858, 49.44816], [19.19652, 49.44686], [19.1944, 49.44297], [19.1912, 49.44035], [19.18804, 49.43599], [19.18574, 49.43472], [19.18633, 49.43195], [19.19121, 49.42861], [19.19341, 49.42601], [19.19115, 49.42348], [19.191, 49.42104], [19.1974, 49.41456], [19.19717, 49.41371], [19.19161, 49.41109], [19.18745, 49.40967], [19.17839, 49.4137], [19.1756, 49.41375], [19.16969, 49.41176], [19.16259, 49.40756], [19.15339, 49.40377], [19.15066, 49.40364], [19.14711, 49.40523], [19.14504, 49.40797], [19.13752, 49.40995], [19.13256, 49.40807], [19.13311, 49.4068], [19.13108, 49.40512], [19.1272, 49.4036], [19.12035, 49.40266], [19.11281, 49.40416], [19.10728, 49.40369], [19.10301, 49.40979], [19.10022, 49.41102], [19.09435, 49.4103], [19.09364, 49.4108], [19.09371, 49.41273], [19.09147, 49.41598], [19.08004, 49.4166], [19.07273, 49.41798], [19.07019, 49.41239], [19.06436, 49.41446], [19.06197, 49.41396], [19.05391, 49.41516], [19.05185, 49.41041], [19.04431, 49.40473], [19.04606, 49.40191], [19.04469, 49.40045], [19.03502, 49.39572], [19.0259, 49.39401], [19.01481, 49.39643], [19.01006, 49.39478], [19.00452, 49.3958], [19.0017, 49.39766], [18.98964, 49.39838], [18.98731, 49.39696], [18.97985, 49.39522], [18.97889, 49.39683], [18.97118, 49.40207], [18.97296, 49.40433], [18.97315, 49.40694], [18.9696, 49.40933], [18.96874, 49.41333], [18.97794, 49.4172], [18.98572, 49.42185], [18.98693, 49.42406], [18.98726, 49.42894], [18.98897, 49.4313], [18.98375, 49.43347], [18.97779, 49.44053], [18.97894, 49.44278], [18.97571, 49.44539], [18.97624, 49.44738], [18.97387, 49.45166], [18.97163, 49.45276], [18.96551, 49.45301], [18.96078, 49.4547], [18.96301, 49.45743], [18.9634, 49.46153], [18.9662, 49.46796], [18.96459, 49.47244], [18.96589, 49.47457], [18.9702, 49.47681], [18.96045, 49.48275], [18.96315, 49.48458], [18.96623, 49.49309], [18.97333, 49.49681], [18.97176, 49.50083], [18.97283, 49.50241], [18.97165, 49.50434], [18.96823, 49.50635], [18.9659, 49.50561], [18.96502, 49.50596], [18.96261, 49.50882], [18.95873, 49.50997], [18.95471, 49.51258], [18.94918, 49.51262], [18.94706, 49.51506], [18.94658, 49.51737], [18.94166, 49.5189], [18.93552, 49.51844], [18.93085, 49.51995], [18.92791, 49.51872], [18.91279, 49.51757], [18.89716, 49.51442], [18.88673, 49.51669], [18.8755, 49.51587], [18.8733, 49.51719], [18.87142, 49.51692], [18.87, 49.51857], [18.86677, 49.51942], [18.85341, 49.51696], [18.85091, 49.51715], [18.8516, 49.5183], [18.84301, 49.51854], [18.84108, 49.5213], [18.83723, 49.52363], [18.839, 49.52553], [18.8447, 49.52824], [18.84463, 49.52974], [18.84343, 49.53056], [18.8441, 49.53409], [18.84612, 49.53442], [18.84715, 49.53554], [18.84978, 49.53442], [18.85745, 49.53792], [18.85925, 49.55058], [18.85316, 49.55195], [18.84928, 49.55431], [18.84885, 49.5585], [18.84582, 49.55953], [18.84559, 49.56088], [18.84411, 49.56132], [18.83923, 49.56081], [18.83721, 49.56306], [18.83755, 49.56917], [18.83322, 49.57341], [18.83494, 49.57713], [18.83253, 49.5801], [18.8317, 49.58413], [18.83257, 49.5857], [18.83537, 49.58666], [18.83555, 49.58997], [18.83886, 49.59332], [18.83908, 49.59532], [18.82929, 49.59494], [18.8267, 49.59695], [18.8232, 49.60406], [18.82324, 49.60724], [18.82473, 49.60962], [18.82426, 49.61446], [18.8188, 49.61856], [18.82025, 49.6242], [18.81738, 49.62917], [18.81719, 49.63163], [18.81296, 49.63435], [18.81341, 49.63982], [18.80928, 49.64831], [18.80634, 49.65128], [18.80919, 49.65577], [18.80929, 49.65755], [18.80665, 49.66567], [18.81009, 49.67104], [18.80981, 49.6732], [18.80695, 49.67678], [18.80459, 49.67888], [18.79388, 49.67935], [18.78064, 49.68536], [18.77387, 49.68282], [18.77, 49.6834], [18.76676, 49.68226], [18.76416, 49.68463], [18.75117, 49.67689], [18.74618, 49.67752], [18.74349, 49.67652], [18.74098, 49.67654], [18.73931, 49.67724], [18.73972, 49.6783], [18.73813, 49.68084], [18.7355, 49.68241], [18.73148, 49.68282], [18.72979, 49.68419], [18.72329, 49.6827], [18.71919, 49.68381], [18.71707, 49.68351], [18.71795, 49.68765], [18.71755, 49.68975], [18.7146, 49.69171], [18.71487, 49.6961], [18.7132, 49.69568], [18.71189, 49.69628], [18.70925, 49.69543], [18.71149, 49.69969], [18.70767, 49.70229], [18.70956, 49.70449], [18.69366, 49.7066], [18.68709, 49.70583], [18.68096, 49.70376], [18.67826, 49.70495], [18.67801, 49.70583], [18.67255, 49.70368], [18.66823, 49.70344], [18.66689, 49.70966], [18.66411, 49.71005], [18.66416, 49.70953], [18.66231, 49.71091], [18.65861, 49.71083], [18.65258, 49.70762], [18.65232, 49.71099], [18.64897, 49.71089], [18.64518, 49.71222], [18.6417, 49.71229], [18.64073, 49.71355], [18.6362, 49.71497], [18.63633, 49.71713], [18.63372, 49.71735], [18.63382, 49.71797], [18.63031, 49.71969], [18.6291, 49.72054], [18.62949, 49.72185], [18.62522, 49.72238], [18.62886, 49.72613], [18.62623, 49.72982], [18.62789, 49.73441], [18.62714, 49.73746], [18.62865, 49.74064], [18.62921, 49.74709], [18.62574, 49.75038], [18.61622, 49.75278], [18.61338, 49.7551], [18.61277, 49.75744], [18.61446, 49.76133], [18.61093, 49.76645], [18.61046, 49.77068], [18.60476, 49.77476], [18.60256, 49.78088], [18.59729, 49.78434], [18.59731, 49.78621], [18.59996, 49.78936], [18.59282, 49.79773], [18.59295, 49.80174], [18.5853, 49.80486], [18.58245, 49.8099], [18.58235, 49.81798], [18.57748, 49.82064], [18.57595, 49.82399], [18.57106, 49.8262], [18.56892, 49.8292], [18.56943, 49.8344], [18.57563, 49.83807], [18.58268, 49.84074], [18.58962, 49.84577], [18.58371, 49.85231], [18.58543, 49.85305], [18.58898, 49.85287], [18.5891, 49.85405], [18.59152, 49.85485], [18.59185, 49.85604], [18.60388, 49.85711], [18.60573, 49.8616], [18.60243, 49.86466], [18.59912, 49.8663], [18.59673, 49.86595], [18.59036, 49.86761], [18.58618, 49.86673], [18.58024, 49.86679], [18.57998, 49.86808], [18.5788, 49.86828], [18.57962, 49.86936], [18.57594, 49.87028], [18.57314, 49.87275], [18.57192, 49.87217], [18.5703, 49.87391], [18.56959, 49.87344], [18.5698, 49.87504], [18.57142, 49.87597], [18.56567, 49.88067], [18.56603, 49.88315], [18.5686, 49.88455], [18.56998, 49.88429], [18.5697, 49.8852], [18.57349, 49.88794], [18.57375, 49.88952], [18.57087, 49.89167], [18.5731, 49.8954], [18.57761, 49.89998], [18.57783, 49.90353], [18.58006, 49.90555], [18.57801, 49.90694], [18.5737, 49.90779], [18.57571, 49.91042], [18.57382, 49.91119], [18.57374, 49.91247], [18.57618, 49.91328], [18.5745, 49.91467], [18.57518, 49.91862], [18.57371, 49.92116], [18.57164, 49.92162], [18.5597, 49.91789], [18.55216, 49.92082], [18.55037, 49.92295], [18.54489, 49.92584], [18.54205, 49.92637], [18.53938, 49.92569], [18.54303, 49.92245], [18.54045, 49.91977], [18.54124, 49.91846], [18.53988, 49.91205], [18.54708, 49.90915], [18.54188, 49.90493], [18.53952, 49.90448], [18.53849, 49.90261], [18.53507, 49.90198], [18.53437, 49.8996], [18.53266, 49.90027], [18.53184, 49.89949], [18.52987, 49.89969], [18.52895, 49.90103], [18.52828, 49.89955], [18.52795, 49.90068], [18.52654, 49.90111], [18.52447, 49.9006], [18.52366, 49.89949], [18.52306, 49.9004], [18.52153, 49.90009], [18.522, 49.90142], [18.52065, 49.90083], [18.51921, 49.90233], [18.51533, 49.90188], [18.51442, 49.90297], [18.51274, 49.90222], [18.51129, 49.90282], [18.50805, 49.90208], [18.50806, 49.90288], [18.5063, 49.90225], [18.50543, 49.90307], [18.50549, 49.90183], [18.50357, 49.90254], [18.50469, 49.9035], [18.50295, 49.90396], [18.5013, 49.90324], [18.49986, 49.9049], [18.49809, 49.90301], [18.49642, 49.9048], [18.49715, 49.90525], [18.49535, 49.90551], [18.49553, 49.90633], [18.494, 49.9061], [18.49517, 49.90493], [18.49384, 49.90525], [18.49184, 49.90448], [18.49147, 49.90325], [18.49027, 49.90417], [18.49052, 49.90522], [18.48508, 49.90639], [18.48576, 49.90741], [18.48355, 49.90793], [18.48473, 49.90926], [18.483, 49.9108], [18.47773, 49.91169], [18.46703, 49.91609], [18.46327, 49.92232], [18.45507, 49.9225], [18.45092, 49.92358], [18.44546, 49.92302], [18.43764, 49.9283], [18.43287, 49.92817], [18.43075, 49.93816], [18.42143, 49.9386], [18.41785, 49.93738], [18.40056, 49.93563], [18.39766, 49.93426], [18.39169, 49.93405], [18.38664, 49.9352], [18.37698, 49.93561], [18.37388, 49.93724], [18.36965, 49.93659], [18.36674, 49.93717], [18.36433, 49.9403], [18.35978, 49.9408], [18.35602, 49.94407], [18.33745, 49.94599], [18.33296, 49.94939], [18.33487, 49.93997], [18.34066, 49.93837], [18.34396, 49.94028], [18.34642, 49.94021], [18.3487, 49.93678], [18.35167, 49.93538], [18.34981, 49.93382], [18.34554, 49.93491], [18.34195, 49.9347], [18.34055, 49.93319], [18.34084, 49.93211], [18.34728, 49.9309], [18.35002, 49.9296], [18.34485, 49.92983], [18.3401, 49.92566], [18.33761, 49.92682], [18.33375, 49.92722], [18.33352, 49.93025], [18.33038, 49.93059], [18.32981, 49.92959], [18.33111, 49.92635], [18.32987, 49.9233], [18.32238, 49.91631], [18.31795, 49.91568], [18.31493, 49.91735], [18.31496, 49.91879], [18.29912, 49.92381], [18.30067, 49.92524], [18.29903, 49.92873], [18.28969, 49.92873], [18.28824, 49.93155], [18.28171, 49.93716], [18.28264, 49.93914], [18.27921, 49.94006], [18.28183, 49.95055], [18.27841, 49.96246], [18.27631, 49.96464], [18.27163, 49.96621], [18.26292, 49.96616], [18.25347, 49.96902], [18.24786, 49.96868], [18.2364, 49.97105], [18.22627, 49.96956], [18.22163, 49.96766], [18.22064, 49.96887], [18.21429, 49.97201], [18.21538, 49.9757], [18.21384, 49.98613], [18.21184, 49.98827], [18.21139, 49.99227], [18.20657, 49.99794], [18.19322, 49.99452], [18.19009, 49.99877], [18.18312, 49.99962], [18.183, 50.00039], [18.17313, 50.00029], [18.17384, 49.99857], [18.16798, 49.99852], [18.16812, 49.99386], [18.172, 49.99001], [18.17042, 49.98913], [18.16901, 49.98645], [18.16752, 49.98559], [18.16253, 49.98492], [18.15803, 49.98277], [18.15384, 49.98237], [18.14694, 49.99162], [18.13607, 49.99391], [18.13437, 49.99743], [18.13113, 49.99807], [18.12088, 49.99451], [18.11698, 49.99415], [18.1159, 49.99472], [18.11548, 49.99673], [18.10478, 50.00092], [18.0979, 50.00734], [18.09467, 50.0121], [18.09329, 50.015], [18.0963, 50.01649], [18.09988, 50.02058], [18.10315, 50.0226], [18.10069, 50.02494], [18.09832, 50.02614], [18.09662, 50.02598], [18.09101, 50.03011], [18.08562, 50.03197], [18.08492, 50.03414], [18.08747, 50.03608], [18.08847, 50.03828], [18.08936, 50.04412], [18.08593, 50.04595], [18.07736, 50.04565], [18.06593, 50.04809], [18.06759, 50.05313], [18.06378, 50.05274], [18.06172, 50.05918], [18.04983, 50.05837], [18.04756, 50.05976], [18.04607, 50.06259], [18.04084, 50.06296], [18.03448, 50.06587], [18.04102, 50.06961], [18.04247, 50.07393], [18.05195, 50.08363], [18.05694, 50.08686], [18.0592, 50.09611], [18.06116, 50.09955], [18.06702, 50.10721], [18.07259, 50.10944], [18.07156, 50.11062], [18.06468, 50.11367], [18.06495, 50.11466], [18.06075, 50.11603], [18.06186, 50.11918], [18.06711, 50.12397], [18.06817, 50.12974], [18.06522, 50.12996], [18.05469, 50.1336], [18.05227, 50.13501], [18.05177, 50.13752], [18.05016, 50.13809], [18.05342, 50.14565], [18.05571, 50.14497], [18.06602, 50.15699], [18.05645, 50.16063], [18.05876, 50.16292], [18.05637, 50.16379], [18.05861, 50.16535], [18.06124, 50.16497], [18.06409, 50.16782], [18.06142, 50.16834], [18.06298, 50.16982], [18.05789, 50.17333], [18.0619, 50.1757], [18.0631, 50.17468], [18.06179, 50.17412], [18.06223, 50.17345], [18.06359, 50.17397], [18.06487, 50.17184], [18.067, 50.17276], [18.07104, 50.17062], [18.07843, 50.17436], [18.08333, 50.17464], [18.08327, 50.17571], [18.10085, 50.17761], [18.10065, 50.1807], [18.10153, 50.18088], [18.10348, 50.17864], [18.1011, 50.17765], [18.10095, 50.17564], [18.10375, 50.17078], [18.10573, 50.16886], [18.11053, 50.16732], [18.11816, 50.17259], [18.12286, 50.17479], [18.12054, 50.17921], [18.1238, 50.18044], [18.12452, 50.17996], [18.1336, 50.18442], [18.13537, 50.18378], [18.13796, 50.17945], [18.14204, 50.18086], [18.14398, 50.18082], [18.14558, 50.17945], [18.15066, 50.1834], [18.16233, 50.18921], [18.17264, 50.18678], [18.17337, 50.18554], [18.17493, 50.18555], [18.17713, 50.18357], [18.18273, 50.18104], [18.18599, 50.18096], [18.1853, 50.18689], [18.19385, 50.18771], [18.20531, 50.19032], [18.22925, 50.19091], [18.24898, 50.19256], [18.25059, 50.19436], [18.24941, 50.19776], [18.24166, 50.19717], [18.23562, 50.20097], [18.23534, 50.20284], [18.23787, 50.20822], [18.23585, 50.21275], [18.23668, 50.21421], [18.23947, 50.21554], [18.24938, 50.21777], [18.25241, 50.22262], [18.2645, 50.22222], [18.2644, 50.22164], [18.26702, 50.22172], [18.27124, 50.22036], [18.27527, 50.22486], [18.28702, 50.22753], [18.29761, 50.22901], [18.29644, 50.23026], [18.30529, 50.23179], [18.30516, 50.23023], [18.30844, 50.23076], [18.31325, 50.23579], [18.313, 50.24067], [18.32493, 50.24088], [18.33393, 50.24526], [18.34685, 50.24725], [18.35431, 50.24711], [18.35927, 50.24789], [18.36211, 50.24727], [18.35506, 50.25508], [18.35339, 50.25824], [18.36876, 50.25453], [18.3766, 50.25391], [18.38374, 50.25553], [18.39985, 50.25376], [18.40587, 50.25476], [18.41216, 50.25182], [18.42081, 50.24912], [18.42587, 50.24897], [18.42023, 50.26154], [18.42655, 50.26139], [18.42765, 50.26731], [18.42209, 50.27283], [18.42018, 50.27387], [18.40611, 50.2771], [18.40094, 50.27721], [18.39389, 50.27539], [18.39369, 50.27592], [18.39643, 50.28044], [18.40021, 50.28411], [18.40613, 50.28659], [18.40764, 50.28991], [18.40559, 50.29231], [18.4043, 50.29629], [18.39916, 50.29956], [18.39323, 50.30536], [18.394, 50.30921], [18.39199, 50.31396], [18.39307, 50.31368], [18.39779, 50.31518], [18.39987, 50.3146], [18.40524, 50.31676], [18.40905, 50.31717], [18.40672, 50.3228], [18.40572, 50.32431], [18.39923, 50.32273], [18.39811, 50.32319], [18.40101, 50.32724], [18.40014, 50.33129], [18.39389, 50.33846], [18.38123, 50.34463], [18.3716, 50.34703], [18.35774, 50.35657], [18.36066, 50.35746], [18.36314, 50.35714], [18.37276, 50.36109], [18.37355, 50.36602], [18.37247, 50.37158], [18.38856, 50.37036], [18.38822, 50.37451], [18.37651, 50.3761], [18.37385, 50.37991], [18.377, 50.37906], [18.37718, 50.38103], [18.38101, 50.38061], [18.38231, 50.38145], [18.38502, 50.38017], [18.38554, 50.38315], [18.38405, 50.38326], [18.38493, 50.38465], [18.39115, 50.38544], [18.39421, 50.38854], [18.3961, 50.38834], [18.39632, 50.38896], [18.39358, 50.38957], [18.39366, 50.39145], [18.39137, 50.39243], [18.38703, 50.3974], [18.38735, 50.39846], [18.38471, 50.40017], [18.38585, 50.40179], [18.38478, 50.40255], [18.38591, 50.40293], [18.38555, 50.40425], [18.38215, 50.40711], [18.38245, 50.40875], [18.38075, 50.41031], [18.37999, 50.41002], [18.37807, 50.41355], [18.37054, 50.41542], [18.36488, 50.41912], [18.36715, 50.42026], [18.36556, 50.42434], [18.36688, 50.42683], [18.37192, 50.42577], [18.37596, 50.42647], [18.37983, 50.42822], [18.38041, 50.4294], [18.38563, 50.4313], [18.38725, 50.43228], [18.38613, 50.43392], [18.38908, 50.43959], [18.38753, 50.44519], [18.38165, 50.44914], [18.38248, 50.45243], [18.38615, 50.45169], [18.38581, 50.45451], [18.38293, 50.45643], [18.38297, 50.45723], [18.38566, 50.4577], [18.38689, 50.45875], [18.38583, 50.46061], [18.38383, 50.4612], [18.38289, 50.46992], [18.37963, 50.47883], [18.37961, 50.48174], [18.38181, 50.4813], [18.38375, 50.48356], [18.39368, 50.48033], [18.40484, 50.47534], [18.40995, 50.47461], [18.43477, 50.47842], [18.44004, 50.48073], [18.4527, 50.47693], [18.45045, 50.47396], [18.45328, 50.47102], [18.45158, 50.468], [18.45196, 50.46264], [18.45856, 50.46168], [18.46847, 50.46164], [18.48132, 50.45827], [18.48322, 50.46662], [18.4845, 50.4663], [18.48406, 50.46753], [18.48514, 50.46768], [18.48599, 50.46987], [18.48154, 50.4704], [18.48155, 50.47132], [18.47933, 50.47153], [18.47946, 50.4735], [18.47493, 50.47303], [18.47569, 50.47487], [18.47359, 50.47536], [18.47414, 50.4767], [18.4733, 50.47701], [18.47437, 50.47928], [18.47036, 50.4796], [18.46986, 50.48383], [18.46834, 50.48649], [18.46872, 50.48843], [18.46724, 50.48867], [18.46654, 50.4995], [18.44749, 50.4989], [18.44647, 50.50956], [18.44539, 50.51158], [18.44289, 50.51297], [18.43985, 50.51948], [18.43823, 50.52715], [18.42989, 50.5316], [18.43137, 50.53704], [18.43558, 50.54171], [18.43637, 50.54538], [18.43819, 50.54658], [18.44378, 50.54789], [18.45177, 50.54749], [18.47786, 50.55271], [18.50599, 50.54919], [18.52097, 50.5461], [18.53406, 50.54243], [18.54994, 50.54124], [18.55297, 50.54004], [18.55688, 50.53976], [18.55923, 50.54028], [18.56376, 50.54365], [18.57268, 50.5481], [18.57503, 50.5478], [18.57986, 50.5456], [18.58145, 50.54843], [18.58315, 50.54808], [18.58355, 50.54862], [18.58824, 50.54714], [18.59782, 50.55062], [18.60412, 50.54904], [18.60744, 50.54994], [18.60538, 50.55274], [18.61619, 50.56918], [18.60489, 50.56771], [18.60067, 50.56795], [18.59803, 50.56862], [18.60045, 50.57442], [18.59625, 50.5726], [18.59177, 50.57415], [18.59289, 50.57511], [18.59089, 50.57583], [18.59546, 50.5776], [18.5908, 50.57779], [18.60173, 50.60445], [18.59013, 50.60639], [18.58725, 50.61382], [18.51747, 50.62546], [18.51319, 50.63073], [18.5168, 50.63961], [18.50643, 50.64137], [18.51306, 50.65793], [18.5224, 50.65829], [18.52273, 50.65956], [18.49416, 50.66429], [18.49671, 50.67063], [18.5089, 50.67371], [18.50844, 50.67437], [18.5039, 50.67365], [18.50253, 50.67637], [18.49958, 50.67593], [18.49755, 50.67897], [18.49242, 50.67782], [18.49182, 50.67896], [18.48942, 50.67762], [18.48822, 50.67918], [18.48702, 50.67864], [18.48553, 50.68047], [18.48772, 50.6815], [18.48641, 50.68377], [18.48519, 50.68343], [18.48384, 50.68559], [18.48749, 50.6862], [18.48735, 50.687], [18.49338, 50.68699], [18.49478, 50.69063], [18.4993, 50.68946], [18.50091, 50.69381], [18.49254, 50.69672], [18.49359, 50.70048], [18.48813, 50.70179], [18.4795, 50.70227], [18.4794, 50.703], [18.47826, 50.7031], [18.48061, 50.70416], [18.48411, 50.70303], [18.48388, 50.70826], [18.48934, 50.70858], [18.49567, 50.71053], [18.50047, 50.70978], [18.5012, 50.71096], [18.50689, 50.71319], [18.50762, 50.71721], [18.50677, 50.72098], [18.50895, 50.72606], [18.52334, 50.72668], [18.5309, 50.72854], [18.54345, 50.73026], [18.5483, 50.73202], [18.54757, 50.74193], [18.54956, 50.74735], [18.54911, 50.74901], [18.55199, 50.74957], [18.55177, 50.75224], [18.55545, 50.75097], [18.55486, 50.74896], [18.56354, 50.7461], [18.57049, 50.74471], [18.57216, 50.74896], [18.57767, 50.74801], [18.58191, 50.75282], [18.57655, 50.75353], [18.57585, 50.75459], [18.57169, 50.75641], [18.56777, 50.75708], [18.55711, 50.75685], [18.55466, 50.75866], [18.55006, 50.75959], [18.53479, 50.77134], [18.53803, 50.77415], [18.53673, 50.77454], [18.53433, 50.77879], [18.52507, 50.77639], [18.5272, 50.78011], [18.52505, 50.78622], [18.52605, 50.78639], [18.51617, 50.78887], [18.51679, 50.792], [18.52213, 50.79164], [18.52088, 50.79686], [18.51588, 50.79598], [18.51606, 50.79739], [18.51244, 50.79804], [18.50364, 50.79696], [18.50458, 50.80101], [18.51303, 50.80344], [18.52189, 50.80236], [18.53853, 50.8048], [18.54769, 50.80697], [18.5606, 50.80807], [18.56244, 50.80909], [18.5611, 50.81557], [18.56293, 50.81975], [18.55747, 50.83019], [18.55797, 50.83408], [18.57855, 50.84434], [18.58819, 50.85163], [18.60297, 50.85405], [18.61626, 50.85352], [18.61796, 50.85487], [18.61647, 50.85567], [18.61753, 50.85936], [18.61912, 50.86259], [18.623, 50.8653], [18.6245, 50.86944], [18.62349, 50.87018], [18.62855, 50.87244], [18.62784, 50.87428], [18.62936, 50.87931], [18.63273, 50.88157], [18.63214, 50.88317], [18.63398, 50.88342], [18.63429, 50.88543], [18.63338, 50.88592], [18.6349, 50.88696], [18.6339, 50.88789], [18.63586, 50.88882], [18.63706, 50.89282], [18.64232, 50.89566], [18.64233, 50.89951], [18.64637, 50.90235], [18.64657, 50.90419], [18.64774, 50.90409], [18.6487, 50.90555], [18.65037, 50.90602], [18.64967, 50.90766], [18.65495, 50.91658], [18.65375, 50.91865], [18.65469, 50.91921], [18.65417, 50.92064], [18.65165, 50.92389], [18.65056, 50.92406], [18.64912, 50.92685], [18.64926, 50.93116], [18.64102, 50.93173], [18.63031, 50.93117], [18.61239, 50.95514], [18.61965, 50.96128], [18.62222, 50.96565], [18.62524, 50.96583], [18.63015, 50.96378], [18.6382, 50.96449], [18.64286, 50.96549], [18.64456, 50.96905], [18.64837, 50.96888], [18.65348, 50.97042], [18.65497, 50.96993], [18.65807, 50.9706], [18.66123, 50.96969], [18.66357, 50.97047], [18.66279, 50.97804], [18.66357, 50.98207], [18.66819, 50.98899], [18.65616, 51.00498], [18.66703, 51.00777], [18.67978, 51.00829], [18.68584, 51.01043], [18.69549, 51.01578], [18.68679, 51.02643], [18.67196, 51.04906], [18.67542, 51.05334], [18.67295, 51.0569], [18.68818, 51.06073], [18.69707, 51.06141], [18.70218, 51.06267], [18.70293, 51.06436], [18.71009, 51.06564], [18.71569, 51.06588], [18.72042, 51.0646], [18.72723, 51.06525], [18.73184, 51.06647], [18.73716, 51.06519], [18.73942, 51.06345], [18.74941, 51.06232], [18.77745, 51.06579], [18.80289, 51.06339], [18.80069, 51.07119], [18.81664, 51.07295], [18.8179, 51.06825], [18.85739, 51.0726], [18.85647, 51.07644], [18.87127, 51.06842], [18.87466, 51.06737], [18.88275, 51.06137], [18.88353, 51.05898], [18.88837, 51.06011], [18.89331, 51.06021], [18.90033, 51.06243], [18.89623, 51.06488], [18.89551, 51.06663], [18.90052, 51.07948], [18.9074, 51.08561], [18.91677, 51.0961], [18.91978, 51.0986], [18.92302, 51.09943], [18.92489, 51.09676], [18.9324, 51.09311], [18.93876, 51.0913], [18.9454, 51.09237], [18.94936, 51.09044], [18.95144, 51.09095], [18.95562, 51.09015], [18.95869, 51.08897], [18.96156, 51.08477], [18.96696, 51.08189], [18.97191, 51.08011], [18.97532, 51.08096], [18.9784, 51.08062], [18.98495, 51.0774], [18.99326, 51.07615], [19.00034, 51.07079], [19.01163, 51.06651], [19.00906, 51.06034], [19.01212, 51.05871], [19.01671, 51.05186], [19.0283, 51.04995], [19.03292, 51.04737], [19.03861, 51.04585], [19.04331, 51.04494], [19.04508, 51.04529], [19.04575, 51.0438], [19.04762, 51.04383], [19.04856, 51.04227], [19.04999, 51.04204], [19.05095, 51.04271], [19.05357, 51.04], [19.05634, 51.03992], [19.0557, 51.03736], [19.05368, 51.0371], [19.05366, 51.03656], [19.05655, 51.03602], [19.05469, 51.0353], [19.05662, 51.03432], [19.05557, 51.03347], [19.05708, 51.03317], [19.0566, 51.03206], [19.05294, 51.03327], [19.05245, 51.03243], [19.0539, 51.03144], [19.05051, 51.03136], [19.05027, 51.02983], [19.0477, 51.02951], [19.04675, 51.02859], [19.04974, 51.02643], [19.05613, 51.02415], [19.07268, 51.03553], [19.08184, 51.03499], [19.08915, 51.03344], [19.09719, 51.03025], [19.10449, 51.02621], [19.10738, 51.02163], [19.10906, 51.01423], [19.11739, 51.00722], [19.12356, 50.9996], [19.13284, 50.99956], [19.13256, 51.0027], [19.1285, 51.0031], [19.12732, 51.00587], [19.13044, 51.00746], [19.13266, 51.01085], [19.1498, 51.00958], [19.14492, 51.00181], [19.1617, 51.0006], [19.16113, 51.0032], [19.16384, 51.00326], [19.16497, 50.99453], [19.17617, 50.99211], [19.1754, 50.99016], [19.17875, 50.98941], [19.1795, 50.99139], [19.20649, 50.98556], [19.20425, 50.98242], [19.20766, 50.98431], [19.21444, 50.98643], [19.22023, 50.98686], [19.22416, 50.98589], [19.22697, 50.98659], [19.22853, 50.9879], [19.23054, 50.98794], [19.23273, 50.98904], [19.23479, 50.9909], [19.23649, 50.99024], [19.24073, 50.99039], [19.24119, 50.99156], [19.24606, 50.99478], [19.24602, 50.99741], [19.24817, 50.99893], [19.24721, 50.99938], [19.25092, 51.00231], [19.25061, 51.00535], [19.25326, 51.00553], [19.25324, 51.00248], [19.25701, 51.00296], [19.25162, 51.01588], [19.24969, 51.01865], [19.248, 51.01837], [19.24614, 51.01915], [19.24315, 51.02358], [19.24516, 51.02559], [19.24528, 51.02892], [19.24737, 51.0302], [19.24646, 51.03032], [19.24725, 51.03165], [19.2456, 51.033], [19.24509, 51.03533], [19.24383, 51.03543], [19.24314, 51.03684], [19.24623, 51.03769], [19.2466, 51.03857], [19.24759, 51.03824], [19.24895, 51.03996], [19.25057, 51.04001], [19.25151, 51.03912], [19.24993, 51.03808], [19.25371, 51.03812], [19.2565, 51.03586], [19.26188, 51.03517], [19.25685, 51.03365], [19.26093, 51.031], [19.26226, 51.03208], [19.2664, 51.03211], [19.27013, 51.03642], [19.27333, 51.0384], [19.27572, 51.03771], [19.2814, 51.03948], [19.28811, 51.04415], [19.29177, 51.04548], [19.29731, 51.04478], [19.30125, 51.04327], [19.31019, 51.04636], [19.31064, 51.04772], [19.32269, 51.04619], [19.32224, 51.04411], [19.32601, 51.04379], [19.33142, 51.03885], [19.33018, 51.03613], [19.32087, 51.02997], [19.31948, 51.0301], [19.31852, 51.02821], [19.32032, 51.02456], [19.31858, 51.02013], [19.32032, 51.01925], [19.32588, 51.01886], [19.32743, 51.01664], [19.32629, 51.01516], [19.32656, 51.01227], [19.32925, 51.01315], [19.34735, 51.01086], [19.36217, 51.00395], [19.35163, 50.99586], [19.35515, 50.99447], [19.35625, 50.9926], [19.36314, 50.99245], [19.36673, 50.99384], [19.36762, 50.99506], [19.37461, 50.99438], [19.37685, 50.99548], [19.37872, 50.9952], [19.38674, 51.00006], [19.38946, 50.99883], [19.38924, 51.00124], [19.39211, 51.00094], [19.39573, 50.99463], [19.39654, 50.99425], [19.39773, 50.99618], [19.40208, 50.99398], [19.40067, 50.9916], [19.40374, 50.98988], [19.40086, 50.98844], [19.40234, 50.9884], [19.40731, 50.98523], [19.41063, 50.98065], [19.40992, 50.97799], [19.40662, 50.97853], [19.40358, 50.97482], [19.41001, 50.97119], [19.40969, 50.97407], [19.41341, 50.97518], [19.42357, 50.9713], [19.42894, 50.9658], [19.43227, 50.96489], [19.43325, 50.9553], [19.43457, 50.95347], [19.43566, 50.94745], [19.43809, 50.94385], [19.4445, 50.93971], [19.44648, 50.93548], [19.45582, 50.93064], [19.45849, 50.93018], [19.46474, 50.92736], [19.46334, 50.92582], [19.46558, 50.92344], [19.46627, 50.92082], [19.46966, 50.91739], [19.46819, 50.91055], [19.46711, 50.90948], [19.46287, 50.90997], [19.46392, 50.89531], [19.46556, 50.89569], [19.46972, 50.89363], [19.47313, 50.89415], [19.4736, 50.89176], [19.46719, 50.8886], [19.47107, 50.88589], [19.48382, 50.88465], [19.48312, 50.88381], [19.48635, 50.87969], [19.48985, 50.87896], [19.49115, 50.88021], [19.49755, 50.87969], [19.50314, 50.88642], [19.50445, 50.8858], [19.50228, 50.88459], [19.50485, 50.88262], [19.50918, 50.88107], [19.52075, 50.88862], [19.52495, 50.89399], [19.53505, 50.89632], [19.54207, 50.89888], [19.55336, 50.90043], [19.5632, 50.90542], [19.56437, 50.90758], [19.56955, 50.90832], [19.57444, 50.90803], [19.57753, 50.90717], [19.5774, 50.90486], [19.58714, 50.90521], [19.58827, 50.90425], [19.5877, 50.90239], [19.59361, 50.89988], [19.61394, 50.87731], [19.61795, 50.88051], [19.63019, 50.87866], [19.63481, 50.87927], [19.63815, 50.87876], [19.63861, 50.87996], [19.65657, 50.87628], [19.66112, 50.87467], [19.66012, 50.86764], [19.6578, 50.86327], [19.65844, 50.86028], [19.66174, 50.85694], [19.66139, 50.85454], [19.66749, 50.8541], [19.67013, 50.84871], [19.67485, 50.84759], [19.67726, 50.85045], [19.67852, 50.85018], [19.6803, 50.84908], [19.68048, 50.84616], [19.68307, 50.84521], [19.69504, 50.84352], [19.69571, 50.84622], [19.69913, 50.84435], [19.7279, 50.84328], [19.72856, 50.84945], [19.7294, 50.84996], [19.73017, 50.84931], [19.7304, 50.85021], [19.73253, 50.85016], [19.73408, 50.84907], [19.73497, 50.85091], [19.74277, 50.85185], [19.74413, 50.85383], [19.7426, 50.85476], [19.74472, 50.85484], [19.74722, 50.85715], [19.74412, 50.85778], [19.74355, 50.85961], [19.74611, 50.86097], [19.74699, 50.86599], [19.75385, 50.8638], [19.76167, 50.85968], [19.77129, 50.85848], [19.77743, 50.85482], [19.78632, 50.85305], [19.79012, 50.85111], [19.79234, 50.85083], [19.79505, 50.84838], [19.79878, 50.84755], [19.80002, 50.84624], [19.80175, 50.8471], [19.80335, 50.84657], [19.80523, 50.84706], [19.80309, 50.84499], [19.80899, 50.84376], [19.81356, 50.84081], [19.81936, 50.83854], [19.82081, 50.83579], [19.82533, 50.83205], [19.82564, 50.82483], [19.82979, 50.82364], [19.83211, 50.81976], [19.81852, 50.82075], [19.81744, 50.81865], [19.82038, 50.80761], [19.82333, 50.80758], [19.82335, 50.80558], [19.81524, 50.80309], [19.81349, 50.8035], [19.8149, 50.80226], [19.80954, 50.80416], [19.80696, 50.80228], [19.80464, 50.80803], [19.80299, 50.80785], [19.79769, 50.81214], [19.79674, 50.81151], [19.79411, 50.81156], [19.79764, 50.81237], [19.79681, 50.81667], [19.79299, 50.81765], [19.79354, 50.8186], [19.78842, 50.81949], [19.78833, 50.8184], [19.78417, 50.81774], [19.77869, 50.80913], [19.78062, 50.80893], [19.78001, 50.80985], [19.78064, 50.81046], [19.78053, 50.80968], [19.78258, 50.80957], [19.78189, 50.8086], [19.78321, 50.80555], [19.78519, 50.80718], [19.78392, 50.80918], [19.78304, 50.80884], [19.78414, 50.81009], [19.78561, 50.80779], [19.78607, 50.80845], [19.78734, 50.80778], [19.7869, 50.80681], [19.78797, 50.80812], [19.78969, 50.80612], [19.79032, 50.80679], [19.78817, 50.80857], [19.78898, 50.8088], [19.78859, 50.81041], [19.79079, 50.81072], [19.78998, 50.80834], [19.79059, 50.80712], [19.7906, 50.80548], [19.78725, 50.80592], [19.78546, 50.80741], [19.78535, 50.80547], [19.78409, 50.8057], [19.78338, 50.80468], [19.78231, 50.8051], [19.78131, 50.80298], [19.77952, 50.80257], [19.77533, 50.79841], [19.77765, 50.79602], [19.78732, 50.79244], [19.79126, 50.78705], [19.79555, 50.78379], [19.79376, 50.78223], [19.78971, 50.78227], [19.78917, 50.78102], [19.78486, 50.78134], [19.78248, 50.78026], [19.78038, 50.78187], [19.78106, 50.78035], [19.76945, 50.77646], [19.77046, 50.77882], [19.7724, 50.77974], [19.76668, 50.77796], [19.76694, 50.77703], [19.76464, 50.77769], [19.76285, 50.77476], [19.76556, 50.77273], [19.7674, 50.7729], [19.76786, 50.77439], [19.76957, 50.7742], [19.7702, 50.77097], [19.7658, 50.77167], [19.74168, 50.75471], [19.74004, 50.7556], [19.74291, 50.757], [19.74018, 50.75792], [19.73384, 50.76229], [19.73745, 50.76494], [19.73404, 50.7696], [19.7264, 50.7709], [19.72225, 50.76664], [19.72387, 50.76614], [19.721, 50.7631], [19.72355, 50.76215], [19.72246, 50.75948], [19.71499, 50.76196], [19.7058, 50.76182], [19.71124, 50.75431], [19.7043, 50.75239], [19.7069, 50.74844], [19.70821, 50.74377], [19.71118, 50.74403], [19.71276, 50.74276], [19.72018, 50.73187], [19.71316, 50.73229], [19.71214, 50.73169], [19.71257, 50.72975], [19.75507, 50.71601], [19.75894, 50.71572], [19.76374, 50.71608], [19.76557, 50.71782], [19.76889, 50.71831], [19.77378, 50.72032], [19.7778, 50.72051], [19.77921, 50.72185], [19.78546, 50.72087], [19.78795, 50.72147], [19.79376, 50.72077], [19.79296, 50.71821], [19.80171, 50.71708], [19.80436, 50.72502], [19.80757, 50.72469], [19.81071, 50.72541], [19.80618, 50.712], [19.80986, 50.71137], [19.80821, 50.70582], [19.8122, 50.70553], [19.81175, 50.7042], [19.81575, 50.70393], [19.81686, 50.70738], [19.81977, 50.70562], [19.83318, 50.70429], [19.84334, 50.70573], [19.84745, 50.7018], [19.84735, 50.70074], [19.84885, 50.70027], [19.84777, 50.69594], [19.85047, 50.69061], [19.85765, 50.69005], [19.87154, 50.6929], [19.87181, 50.6922], [19.8728, 50.68341], [19.86157, 50.6795], [19.85864, 50.67395], [19.85865, 50.67108], [19.86451, 50.66575], [19.86423, 50.66512], [19.86582, 50.66484], [19.86441, 50.66427], [19.85402, 50.66584], [19.85329, 50.66457], [19.84447, 50.66675], [19.83698, 50.6704], [19.83289, 50.66722], [19.84122, 50.66282], [19.83859, 50.65854], [19.84181, 50.65817], [19.83931, 50.65634], [19.83634, 50.6561], [19.83699, 50.65556], [19.83521, 50.65467], [19.82815, 50.65471], [19.83338, 50.65309], [19.83294, 50.65185], [19.8311, 50.65143], [19.83521, 50.65139], [19.84203, 50.64899], [19.85783, 50.64577], [19.87262, 50.64543], [19.87197, 50.64629], [19.87542, 50.64706], [19.87889, 50.64629], [19.88292, 50.64518], [19.88257, 50.6433], [19.88638, 50.64272], [19.88483, 50.64005], [19.88676, 50.63808], [19.8891, 50.63793], [19.8888, 50.63646], [19.91019, 50.64211], [19.92231, 50.63947], [19.92031, 50.63442], [19.91511, 50.63568], [19.91155, 50.62936], [19.90912, 50.62983], [19.90359, 50.61956], [19.89946, 50.62083], [19.89838, 50.61596], [19.89233, 50.61783], [19.8921, 50.61705], [19.88514, 50.61732], [19.86657, 50.62128], [19.8669, 50.61976], [19.86602, 50.61938], [19.86284, 50.62161], [19.85712, 50.61887], [19.85817, 50.61826], [19.85542, 50.61634], [19.85398, 50.61232], [19.85097, 50.61222], [19.84768, 50.60378], [19.84513, 50.6018], [19.84449, 50.59858], [19.84135, 50.59762], [19.84068, 50.59492], [19.84293, 50.59283], [19.84254, 50.59218], [19.84085, 50.59067], [19.83597, 50.58924], [19.83097, 50.5859], [19.8298, 50.58414], [19.82494, 50.58286], [19.82164, 50.57974], [19.81691, 50.57286], [19.80407, 50.56568], [19.79972, 50.56559], [19.79521, 50.56751], [19.79365, 50.56732], [19.78973, 50.5685], [19.78807, 50.56234], [19.78928, 50.55871], [19.78865, 50.55448], [19.79691, 50.55528], [19.81538, 50.5544], [19.84052, 50.55463], [19.8408, 50.5555], [19.84323, 50.55492], [19.84423, 50.55599], [19.84787, 50.54909], [19.8541, 50.54638], [19.85486, 50.54342], [19.8677, 50.54215], [19.868, 50.54335], [19.87777, 50.54297], [19.89262, 50.54057], [19.89522, 50.54095], [19.90218, 50.53934], [19.90145, 50.53843], [19.90513, 50.53021], [19.90566, 50.52503], [19.90818, 50.52246], [19.91166, 50.51185], [19.92181, 50.50692], [19.93285, 50.50364], [19.93509, 50.5023], [19.94998, 50.50478], [19.95228, 50.49425], [19.95355, 50.49418], [19.95635, 50.49095], [19.96018, 50.49039], [19.96398, 50.48872], [19.96776, 50.48304], [19.96767, 50.47999], [19.96995, 50.4776], [19.974, 50.47691], [19.97053, 50.47395], [19.96118, 50.47687], [19.95418, 50.47759], [19.95378, 50.4766], [19.94689, 50.4781], [19.93766, 50.47892], [19.93281, 50.4782], [19.92804, 50.47515], [19.91751, 50.47464], [19.90973, 50.47506], [19.90913, 50.47275], [19.90056, 50.47352], [19.89501, 50.46944], [19.8964, 50.46732], [19.89303, 50.46693], [19.89208, 50.46617], [19.89428, 50.46418], [19.89359, 50.46293], [19.89559, 50.46221], [19.89453, 50.46114], [19.89808, 50.46082], [19.90302, 50.45676], [19.89979, 50.4534], [19.89674, 50.45223], [19.89111, 50.45217], [19.89074, 50.45155], [19.8772, 50.44924], [19.85292, 50.44735], [19.85032, 50.44372], [19.85351, 50.43515], [19.84731, 50.43433], [19.84284, 50.43419], [19.84081, 50.43484], [19.8418, 50.43614], [19.84282, 50.43609], [19.84266, 50.43706], [19.8407, 50.43772], [19.84119, 50.43855], [19.83361, 50.4391], [19.83197, 50.43614], [19.82522, 50.43803], [19.82427, 50.43594], [19.82006, 50.43448], [19.81075, 50.43531], [19.80543, 50.43702], [19.80452, 50.43827], [19.80581, 50.43887], [19.80514, 50.44088], [19.80086, 50.44388], [19.79607, 50.44272], [19.79548, 50.44369], [19.79373, 50.44335], [19.79106, 50.44056], [19.78673, 50.44102], [19.78197, 50.44011], [19.77223, 50.44187], [19.76988, 50.44412], [19.76772, 50.44489], [19.76688, 50.44436], [19.75617, 50.44388], [19.74874, 50.44215], [19.74155, 50.44384], [19.73178, 50.44432], [19.72819, 50.44395], [19.72816, 50.44197], [19.72477, 50.44086], [19.71117, 50.44489], [19.71105, 50.44263], [19.7098, 50.44143], [19.70737, 50.44295], [19.7082, 50.44826], [19.70186, 50.44816], [19.70199, 50.44963], [19.70078, 50.44972], [19.70023, 50.44596], [19.69622, 50.44116], [19.69435, 50.43516], [19.6864, 50.43388], [19.67926, 50.43459], [19.67762, 50.43385], [19.67725, 50.43252], [19.67633, 50.43277], [19.67268, 50.43059], [19.66849, 50.4271], [19.66502, 50.42656], [19.6652, 50.42367], [19.66997, 50.42032], [19.67031, 50.41738], [19.67204, 50.41704], [19.67175, 50.41583], [19.66704, 50.41599], [19.6649, 50.41519], [19.65454, 50.41415], [19.65488, 50.4115], [19.65822, 50.40917], [19.65816, 50.40818], [19.65111, 50.41273], [19.64533, 50.4092], [19.64405, 50.41127], [19.64147, 50.40981], [19.63656, 50.40936], [19.63458, 50.41137], [19.63018, 50.41256], [19.62712, 50.41455], [19.62252, 50.40995], [19.61367, 50.40452], [19.6118, 50.40513], [19.60483, 50.4042], [19.6, 50.4053], [19.59522, 50.40903], [19.58901, 50.41023], [19.5866, 50.41032], [19.58625, 50.40843], [19.58247, 50.40818], [19.58063, 50.40921], [19.57856, 50.40721], [19.57725, 50.40799], [19.57562, 50.40764], [19.5706, 50.40859], [19.56797, 50.4072], [19.56605, 50.40731], [19.56819, 50.41004], [19.56997, 50.40984], [19.57436, 50.41151], [19.55833, 50.41193], [19.55725, 50.41076], [19.55448, 50.41202], [19.55511, 50.41316], [19.55767, 50.41344], [19.55717, 50.41441], [19.55357, 50.41443], [19.55011, 50.41275], [19.54621, 50.41351], [19.5447, 50.41503], [19.54532, 50.41891], [19.54035, 50.41981], [19.53574, 50.42024], [19.51859, 50.41674], [19.51791, 50.41635], [19.51951, 50.41498], [19.51072, 50.40821], [19.50447, 50.40106], [19.49983, 50.39925], [19.49547, 50.39979], [19.49065, 50.3973], [19.48764, 50.39698], [19.48816, 50.39518], [19.48663, 50.39427], [19.48927, 50.39271], [19.48785, 50.38961], [19.48914, 50.38722], [19.48825, 50.38469], [19.49112, 50.38179], [19.49169, 50.36598], [19.46036, 50.37291], [19.45644, 50.36622], [19.45807, 50.36538], [19.46283, 50.36503], [19.46263, 50.36389], [19.4594, 50.36329], [19.47692, 50.35696], [19.48021, 50.3575], [19.48218, 50.35688], [19.48294, 50.35575], [19.48765, 50.34729], [19.48056, 50.33362], [19.48394, 50.3236], [19.48225, 50.32416], [19.47528, 50.32415], [19.47429, 50.32479], [19.47104, 50.32292], [19.4642, 50.3226], [19.46367, 50.32339], [19.45827, 50.32262], [19.45517, 50.32098], [19.45495, 50.31929], [19.45127, 50.31879], [19.4493, 50.32083], [19.44575, 50.32101], [19.44405, 50.32215], [19.44077, 50.32243], [19.44082, 50.32337], [19.43983, 50.32268], [19.43769, 50.32416], [19.43441, 50.32475], [19.43399, 50.32585], [19.4315, 50.32669], [19.43231, 50.32776], [19.42762, 50.3288], [19.42518, 50.32799], [19.42116, 50.33057], [19.41816, 50.33067], [19.41702, 50.33188], [19.41535, 50.33178], [19.41342, 50.3273], [19.41469, 50.32281], [19.40656, 50.31738], [19.40532, 50.31422], [19.39989, 50.31356], [19.39842, 50.30836], [19.40267, 50.30759], [19.40139, 50.30487], [19.40309, 50.30399], [19.40476, 50.30353], [19.40598, 50.30462], [19.41253, 50.30292], [19.4106, 50.30258], [19.40919, 50.29936], [19.41287, 50.29936], [19.41284, 50.29857], [19.41434, 50.29866], [19.4143, 50.298], [19.4003, 50.29901], [19.40393, 50.29849], [19.40405, 50.29697], [19.40075, 50.29741], [19.39951, 50.29344], [19.39643, 50.29049], [19.39054, 50.28996], [19.38751, 50.28846], [19.38405, 50.28229], [19.38694, 50.27816], [19.3854, 50.2784], [19.38526, 50.27631], [19.38265, 50.27541], [19.38257, 50.2735], [19.37623, 50.27289], [19.37752, 50.27184], [19.37563, 50.26987], [19.3733, 50.27154], [19.36767, 50.27133], [19.36897, 50.27062], [19.36837, 50.27022], [19.3658, 50.27159], [19.36327, 50.2701], [19.36183, 50.27082], [19.36245, 50.26922], [19.36795, 50.27006], [19.3685, 50.26925], [19.37065, 50.26954], [19.37148, 50.26829], [19.36074, 50.26353], [19.36321, 50.26064], [19.35913, 50.25924], [19.35239, 50.26685], [19.35322, 50.26548], [19.35218, 50.26467], [19.35004, 50.2646], [19.3488, 50.26582], [19.34759, 50.26505], [19.34657, 50.26558], [19.34673, 50.26478], [19.34577, 50.2646], [19.34391, 50.26567], [19.34271, 50.26372], [19.34057, 50.26485], [19.34017, 50.26318], [19.33794, 50.26294], [19.33652, 50.26354], [19.33537, 50.26241], [19.33684, 50.26159], [19.33636, 50.26097], [19.33399, 50.26204], [19.33114, 50.26153], [19.33075, 50.26253], [19.32801, 50.26168], [19.32754, 50.2606], [19.32344, 50.25955], [19.34013, 50.24962], [19.39118, 50.23419], [19.39702, 50.23161], [19.40712, 50.23209], [19.41108, 50.23329], [19.42139, 50.22956], [19.42941, 50.22532], [19.4322, 50.22522], [19.43491, 50.22649], [19.44198, 50.22657], [19.41646, 50.21057], [19.4165, 50.20127], [19.41534, 50.20092], [19.41387, 50.20312], [19.41463, 50.2045], [19.4124, 50.20621], [19.40547, 50.2069], [19.40424, 50.20374], [19.4015, 50.20515], [19.3997, 50.20332], [19.40274, 50.20175], [19.4024, 50.20101], [19.39914, 50.20036], [19.39331, 50.20162], [19.39214, 50.20075], [19.38321, 50.19966], [19.38209, 50.19898], [19.38331, 50.19761], [19.37921, 50.1963], [19.37524, 50.19604], [19.37539, 50.19334], [19.37344, 50.19242], [19.36263, 50.19049], [19.35438, 50.19054], [19.34911, 50.19136], [19.34523, 50.18986], [19.337, 50.18971], [19.33523, 50.18851], [19.33426, 50.18615], [19.33945, 50.18248], [19.33906, 50.18168], [19.34916, 50.17757], [19.35176, 50.17702], [19.36051, 50.17766], [19.36226, 50.17995], [19.36757, 50.17917], [19.36555, 50.17661], [19.36671, 50.1762], [19.36656, 50.17323], [19.36504, 50.17343], [19.36318, 50.17187], [19.36238, 50.17219], [19.36165, 50.17143], [19.3595, 50.17203], [19.3598, 50.17257], [19.34871, 50.17332], [19.34506, 50.16464], [19.34985, 50.16505], [19.3489, 50.16109], [19.35081, 50.16167], [19.35075, 50.15724], [19.35198, 50.15759], [19.3519, 50.15656], [19.35326, 50.15643], [19.35194, 50.1543], [19.35483, 50.15396], [19.35301, 50.15341], [19.3499, 50.15054], [19.34657, 50.15126], [19.34766, 50.15278], [19.34664, 50.15328], [19.34707, 50.15458], [19.34614, 50.15476], [19.34482, 50.15438], [19.34464, 50.15263], [19.346, 50.15125], [19.34356, 50.14912], [19.33164, 50.14415], [19.32805, 50.14349], [19.32005, 50.14369], [19.31502, 50.14223], [19.29621, 50.14206], [19.28801, 50.14044], [19.28525, 50.14227], [19.27752, 50.14363], [19.27061, 50.14366], [19.27459, 50.13661], [19.27522, 50.13276], [19.27327, 50.13242], [19.27782, 50.11973], [19.25918, 50.11693], [19.2544, 50.13059], [19.26094, 50.13138], [19.26124, 50.13215], [19.25381, 50.13419], [19.24944, 50.1307], [19.24077, 50.11767], [19.2403, 50.11167], [19.23272, 50.10778], [19.22985, 50.10076], [19.22346, 50.09601], [19.22271, 50.09387], [19.22368, 50.08862], [19.21481, 50.08139], [19.21195, 50.07646], [19.21208, 50.07512], [19.21393, 50.07388], [19.21891, 50.0726], [19.22598, 50.07245], [19.22915, 50.07142], [19.23357, 50.06574], [19.23063, 50.06744], [19.22673, 50.06685], [19.22353, 50.06757], [19.22296, 50.06526], [19.21939, 50.06335], [19.22003, 50.0601], [19.21871, 50.05898], [19.21516, 50.05952], [19.21669, 50.06161], [19.21347, 50.06528], [19.20949, 50.06406], [19.20712, 50.06161], [19.20308, 50.0639], [19.19876, 50.06323], [19.19532, 50.06516], [19.18633, 50.06191], [19.18491, 50.06055], [19.18237, 50.06023], [19.17904, 50.05769], [19.17686, 50.05747], [19.17518, 50.05848], [19.17176, 50.05864], [19.16805, 50.06037], [19.16679, 50.05869], [19.16321, 50.0572], [19.16572, 50.05565], [19.16562, 50.05477], [19.16358, 50.05436], [19.16148, 50.05516], [19.16019, 50.0546], [19.16102, 50.05231], [19.15993, 50.05057], [19.15624, 50.05131], [19.15495, 50.05324], [19.15307, 50.05257], [19.15382, 50.05076], [19.15303, 50.04987], [19.15183, 50.05009], [19.15119, 50.05192], [19.14999, 50.05203], [19.15009, 50.0498], [19.14591, 50.04528], [19.14699, 50.04455], [19.14819, 50.04484], [19.15335, 50.04818], [19.15473, 50.04726], [19.1537, 50.04633], [19.15049, 50.04564], [19.15352, 50.04299], [19.15331, 50.04215], [19.15084, 50.04185], [19.15089, 50.04388], [19.14892, 50.04411], [19.14759, 50.04228], [19.14929, 50.04018], [19.14809, 50.03948], [19.14615, 50.04045], [19.14475, 50.03988], [19.1455, 50.03681], [19.1434, 50.03478], [19.14371, 50.03326], [19.14573, 50.03234], [19.1459, 50.03123], [19.14357, 50.03079], [19.14161, 50.03155], [19.13897, 50.03423], [19.13867, 50.03625], [19.13678, 50.03607], [19.13627, 50.03503], [19.13625, 50.03325], [19.13878, 50.03116], [19.139, 50.02834], [19.143, 50.02816], [19.14197, 50.02396], [19.14061, 50.02478], [19.13903, 50.02332], [19.14006, 50.02172], [19.13599, 50.02112], [19.13678, 50.0201], [19.13595, 50.01897], [19.13248, 50.01916], [19.13208, 50.01695], [19.12874, 50.01754], [19.12795, 50.0141], [19.12523, 50.01322], [19.12173, 50.00981], [19.11902, 50.00924], [19.11955, 50.00729], [19.12211, 50.00571], [19.1199, 50.00457], [19.12162, 50.00375], [19.12196, 50.00239], [19.11757, 50.0038], [19.11307, 50.00272], [19.11384, 50.00167], [19.11509, 50.00277], [19.11747, 50.00236], [19.11748, 49.99971], [19.11548, 49.99805], [19.11258, 49.99771], [19.11135, 49.99589], [19.11988, 49.99216], [19.12055, 49.98922], [19.1234, 49.98821], [19.11958, 49.98731], [19.11962, 49.98635], [19.12237, 49.98542], [19.12145, 49.98362], [19.11932, 49.98406], [19.11847, 49.98605], [19.11482, 49.98485], [19.11455, 49.98348], [19.11764, 49.98306], [19.11811, 49.98218], [19.11463, 49.9795], [19.11577, 49.97765], [19.11383, 49.9778], [19.11189, 49.97924], [19.11037, 49.9785], [19.11027, 49.97734], [19.11406, 49.97546], [19.11054, 49.97364], [19.11019, 49.97234], [19.11283, 49.97177], [19.12009, 49.97287], [19.1228, 49.97209], [19.12398, 49.97053], [19.1223, 49.96977], [19.12021, 49.97029], [19.11763, 49.96778], [19.12147, 49.96604], [19.12225, 49.96626], [19.12177, 49.96749], [19.12366, 49.96727], [19.12427, 49.96583], [19.12256, 49.96528], [19.12432, 49.96387], [19.12116, 49.96334], [19.12058, 49.96121], [19.11437, 49.95799], [19.11265, 49.95818], [19.11472, 49.95883], [19.11447, 49.95956], [19.11182, 49.95913], [19.1087, 49.96128], [19.10769, 49.96004], [19.10247, 49.9577], [19.10391, 49.95683], [19.1034, 49.95524], [19.10177, 49.95602], [19.1018, 49.95766], [19.09945, 49.95844], [19.09597, 49.95659], [19.09084, 49.95652], [19.08652, 49.95417], [19.0832, 49.95004], [19.08761, 49.94927], [19.09111, 49.95111], [19.09803, 49.95221], [19.09778, 49.95066], [19.10036, 49.95032], [19.10073, 49.94933], [19.09957, 49.94707], [19.10174, 49.94741], [19.1019, 49.94801], [19.10653, 49.94526], [19.10412, 49.94414], [19.10461, 49.94268], [19.10955, 49.9437], [19.11079, 49.94267], [19.11348, 49.94337], [19.11502, 49.94242], [19.11395, 49.94123], [19.11863, 49.93889], [19.12168, 49.93834], [19.12652, 49.93814], [19.13194, 49.93994], [19.14099, 49.93957], [19.14094, 49.93803], [19.15151, 49.93986], [19.16163, 49.93958], [19.16035, 49.94231], [19.16162, 49.94349], [19.16593, 49.94481], [19.16632, 49.9468], [19.17479, 49.94737], [19.17819, 49.94892], [19.17935, 49.94883], [19.18531, 49.95046], [19.1865, 49.95046], [19.18654, 49.95081], [19.18755, 49.95209], [19.1886, 49.95207], [19.18658, 49.95038], [19.18494, 49.95005], [19.18611, 49.94518], [19.18433, 49.9451], [19.18371, 49.94434], [19.18739, 49.93926], [19.18396, 49.93658], [19.18248, 49.93287], [19.18643, 49.93213], [19.18472, 49.92693], [19.18617, 49.92276], [19.18409, 49.92159], [19.18567, 49.91845], [19.18598, 49.91906], [19.19156, 49.91989], [19.19082, 49.91766], [19.19449, 49.91326], [19.19406, 49.90955], [19.1931, 49.90879], [19.19678, 49.90101], [19.19514, 49.89879], [19.19386, 49.8912], [19.19618, 49.88742], [19.19449, 49.88598], [19.1912, 49.88562], [19.18999, 49.88438], [19.1815, 49.88147], [19.17721, 49.88131], [19.17291, 49.87986], [19.17178, 49.87787], [19.16577, 49.87493], [19.16686, 49.87231], [19.16632, 49.87116], [19.15722, 49.86634], [19.15705, 49.86516], [19.15837, 49.8641], [19.16027, 49.86285], [19.16219, 49.86302], [19.16351, 49.85902], [19.1663, 49.85793], [19.16643, 49.85618], [19.17094, 49.85303], [19.1819, 49.85623], [19.1886, 49.85708], [19.19332, 49.85849], [19.19693, 49.86056], [19.19653, 49.86275], [19.19325, 49.86601], [19.19339, 49.86817], [19.19836, 49.86929], [19.19896, 49.87043], [19.20261, 49.87158], [19.20622, 49.87161], [19.21217, 49.86863], [19.22121, 49.86867], [19.22074, 49.86302], [19.22243, 49.86376], [19.2376, 49.86182], [19.23738, 49.86494], [19.25055, 49.86362], [19.2557, 49.86226], [19.26412, 49.86256], [19.27086, 49.86066], [19.27903, 49.85624], [19.28097, 49.8544], [19.289, 49.85058], [19.29463, 49.84995], [19.28891, 49.8386], [19.28906, 49.83012], [19.28773, 49.82825], [19.28841, 49.82381], [19.28585, 49.82078], [19.28657, 49.81641], [19.28847, 49.81531], [19.29176, 49.81503], [19.29386, 49.81206], [19.29654, 49.8102], [19.29669, 49.8089], [19.29443, 49.80732], [19.29849, 49.80297], [19.29739, 49.80185], [19.30073, 49.79953], [19.30098, 49.79766], [19.31049, 49.79095], [19.31573, 49.78454], [19.31552, 49.78005], [19.31678, 49.77789], [19.322, 49.77723], [19.3311, 49.77429], [19.33512, 49.77434], [19.33747, 49.7727], [19.34277, 49.77391], [19.35001, 49.7714], [19.35333, 49.77221], [19.35786, 49.77521], [19.36606, 49.77773], [19.37469, 49.76986], [19.37707, 49.76978], [19.37994, 49.76863], [19.38667, 49.76959], [19.38946, 49.76899], [19.39477, 49.76615], [19.39708, 49.76268], [19.39997, 49.76167], [19.409, 49.7643], [19.41078, 49.77104], [19.41013, 49.77324], [19.41495, 49.77527], [19.42018, 49.77217], [19.42644, 49.76431], [19.432, 49.76165], [19.43638, 49.75709], [19.44555, 49.74365], [19.44496, 49.73403], [19.43888, 49.73225], [19.43958, 49.73151], [19.43743, 49.72896], [19.42825, 49.72747], [19.42972, 49.72022], [19.42843, 49.71808], [19.42537, 49.71784], [19.41851, 49.71488], [19.41911, 49.71389], [19.41054, 49.71014], [19.40764, 49.70984], [19.4068, 49.71083], [19.40035, 49.71082], [19.39826, 49.71188], [19.39984, 49.7096], [19.39881, 49.7084], [19.39778, 49.70796], [19.39714, 49.70845], [19.3963, 49.70667], [19.39442, 49.7065], [19.39554, 49.70565], [19.39478, 49.70507], [19.39545, 49.70361], [19.39182, 49.70026], [19.39244, 49.69885], [19.3907, 49.69842], [19.39109, 49.69719], [19.38448, 49.69697], [19.37966, 49.69479], [19.37206, 49.69544], [19.37014, 49.69495], [19.37021, 49.6933], [19.37408, 49.69253], [19.37989, 49.68983], [19.38274, 49.68618], [19.38959, 49.68424], [19.3894, 49.68111], [19.38979, 49.68025], [19.3914, 49.68057], [19.39176, 49.67731], [19.39599, 49.67639], [19.39729, 49.67841], [19.39906, 49.6777], [19.40708, 49.67864], [19.40941, 49.67685], [19.41015, 49.67367], [19.41187, 49.67277], [19.41379, 49.67277], [19.41804, 49.67458], [19.42399, 49.67417], [19.42663, 49.67561], [19.43454, 49.67749], [19.44106, 49.68053], [19.44483, 49.67931], [19.44929, 49.67929], [19.45413, 49.67697], [19.45944, 49.67643], [19.46162, 49.67469], [19.46146, 49.67235], [19.46498, 49.66788], [19.4709, 49.66603], [19.47778, 49.66081], [19.47728, 49.65637], [19.46892, 49.64801], [19.46944, 49.64492], [19.46847, 49.64386], [19.47097, 49.64051], [19.4754, 49.6388], [19.47965, 49.63158], [19.48076, 49.62438], [19.47499, 49.62118], [19.47264, 49.61784], [19.46738, 49.61376], [19.46123, 49.61293], [19.45495, 49.61089], [19.44851, 49.6138], [19.44625, 49.61325], [19.44303, 49.60917], [19.44203, 49.6055], [19.44511, 49.60162], [19.44202, 49.5985], [19.4377, 49.5968], [19.43064, 49.59542], [19.4227, 49.59576], [19.41407, 49.59275], [19.40996, 49.59214], [19.40684, 49.58595], [19.40801, 49.58384], [19.40765, 49.58083], [19.40002, 49.57413], [19.39611, 49.57427], [19.38989, 49.57176], [19.38408, 49.57208], [19.37752, 49.5705]]]]}}, {"type": "Feature", "properties": {"kod": "26", "nazwa": "świętokrzyskie"}, "geometry": {"type": "Polygon", "coordinates": [[[21.36817, 50.44114], [21.35936, 50.43867], [21.33605, 50.42923], [21.31123, 50.42173], [21.29918, 50.41346], [21.28105, 50.40838], [21.27872, 50.40439], [21.28119, 50.39579], [21.27969, 50.39174], [21.27564, 50.39046], [21.26417, 50.39136], [21.2572, 50.39115], [21.25316, 50.38798], [21.25303, 50.38255], [21.25133, 50.37891], [21.24696, 50.37646], [21.23624, 50.37573], [21.23, 50.37353], [21.22593, 50.36887], [21.22302, 50.36058], [21.21957, 50.35734], [21.2113, 50.35505], [21.1936, 50.35378], [21.19014, 50.3521], [21.18733, 50.34908], [21.18671, 50.33871], [21.18532, 50.33467], [21.18299, 50.33202], [21.1789, 50.3302], [21.17366, 50.33006], [21.16872, 50.3316], [21.16672, 50.33306], [21.16571, 50.3423], [21.15404, 50.35139], [21.14472, 50.35427], [21.13204, 50.35429], [21.12535, 50.3527], [21.121, 50.35028], [21.11808, 50.34619], [21.11661, 50.3416], [21.113, 50.33845], [21.10438, 50.33737], [21.09186, 50.33867], [21.08685, 50.33792], [21.08306, 50.33636], [21.07954, 50.33338], [21.07411, 50.32442], [21.06782, 50.31976], [21.0617, 50.31703], [21.05553, 50.31554], [21.04873, 50.31511], [21.03651, 50.31905], [21.02955, 50.31923], [21.02551, 50.31826], [21.01799, 50.31453], [21.01004, 50.31279], [21.004, 50.31312], [20.99348, 50.3152], [20.97399, 50.31387], [20.96207, 50.31594], [20.95519, 50.31604], [20.9486, 50.31435], [20.94511, 50.3125], [20.94134, 50.30741], [20.93884, 50.30051], [20.93652, 50.29902], [20.93191, 50.29813], [20.92148, 50.29963], [20.90317, 50.30549], [20.89527, 50.30663], [20.89126, 50.3052], [20.88466, 50.29847], [20.87954, 50.29563], [20.87194, 50.29445], [20.85744, 50.29645], [20.85302, 50.29518], [20.84989, 50.29176], [20.85004, 50.28368], [20.84815, 50.27885], [20.84454, 50.27618], [20.83582, 50.27331], [20.83156, 50.27353], [20.82764, 50.27507], [20.81763, 50.28411], [20.80944, 50.28823], [20.80578, 50.2895], [20.79676, 50.29036], [20.78994, 50.28958], [20.7825, 50.28616], [20.77834, 50.28317], [20.77439, 50.27726], [20.77301, 50.27268], [20.76952, 50.26919], [20.76443, 50.26701], [20.75603, 50.26584], [20.75253, 50.26465], [20.74232, 50.25745], [20.73355, 50.25428], [20.72905, 50.25147], [20.72718, 50.24636], [20.72815, 50.24122], [20.73132, 50.23414], [20.73004, 50.23132], [20.7255, 50.22962], [20.71398, 50.22905], [20.70791, 50.22684], [20.70624, 50.22517], [20.70423, 50.21905], [20.70167, 50.21704], [20.69707, 50.21657], [20.68803, 50.21793], [20.68193, 50.21654], [20.68019, 50.21527], [20.67938, 50.21245], [20.68154, 50.20588], [20.6777, 50.20525], [20.67505, 50.20271], [20.67526, 50.20141], [20.67216, 50.20495], [20.66888, 50.20635], [20.66832, 50.20567], [20.66556, 50.20566], [20.66157, 50.20332], [20.65964, 50.20415], [20.65724, 50.20357], [20.65447, 50.20368], [20.65366, 50.2046], [20.65219, 50.20433], [20.64731, 50.208], [20.64494, 50.20851], [20.64237, 50.21073], [20.63985, 50.21163], [20.64058, 50.20924], [20.64374, 50.20701], [20.64154, 50.20699], [20.63907, 50.20531], [20.63634, 50.20715], [20.63818, 50.20845], [20.63622, 50.20911], [20.63862, 50.21051], [20.63399, 50.21165], [20.62859, 50.20636], [20.62893, 50.20548], [20.62575, 50.20554], [20.62452, 50.20197], [20.63098, 50.20262], [20.63111, 50.20203], [20.62651, 50.20189], [20.62405, 50.20066], [20.60857, 50.2047], [20.60839, 50.20422], [20.60652, 50.20455], [20.60578, 50.20011], [20.59347, 50.20155], [20.59164, 50.1985], [20.58868, 50.19887], [20.58861, 50.19829], [20.58493, 50.19752], [20.58395, 50.19672], [20.58433, 50.19467], [20.58178, 50.19467], [20.58304, 50.189], [20.57742, 50.18803], [20.57583, 50.18681], [20.57179, 50.18631], [20.57056, 50.18794], [20.56772, 50.18925], [20.56805, 50.19011], [20.56622, 50.1908], [20.56592, 50.19213], [20.5651, 50.19198], [20.56209, 50.19952], [20.56325, 50.19971], [20.56286, 50.20061], [20.55975, 50.19957], [20.55718, 50.20165], [20.55225, 50.20093], [20.5518, 50.19982], [20.5392, 50.19744], [20.54009, 50.19119], [20.53743, 50.19202], [20.53865, 50.19096], [20.53504, 50.19098], [20.53476, 50.18841], [20.5323, 50.18827], [20.53204, 50.19136], [20.53114, 50.1914], [20.52118, 50.1886], [20.51857, 50.1886], [20.51292, 50.18545], [20.51172, 50.18926], [20.50913, 50.18923], [20.50904, 50.19018], [20.50003, 50.19068], [20.4931, 50.19205], [20.47736, 50.19933], [20.46928, 50.2008], [20.47001, 50.19724], [20.47349, 50.1908], [20.46624, 50.19212], [20.46891, 50.19555], [20.46866, 50.19657], [20.45744, 50.19698], [20.45495, 50.19921], [20.45296, 50.19897], [20.45456, 50.19718], [20.45303, 50.19687], [20.45322, 50.19452], [20.45153, 50.19272], [20.44722, 50.1951], [20.44287, 50.19531], [20.44234, 50.19255], [20.4372, 50.19287], [20.43649, 50.19697], [20.43077, 50.1973], [20.43133, 50.19435], [20.42477, 50.19476], [20.42667, 50.19272], [20.42085, 50.19246], [20.421, 50.19156], [20.41552, 50.19124], [20.41543, 50.19369], [20.4122, 50.1935], [20.41185, 50.19749], [20.40983, 50.19712], [20.40964, 50.19851], [20.40856, 50.19842], [20.40904, 50.19997], [20.41507, 50.20024], [20.41025, 50.2118], [20.39998, 50.20917], [20.39666, 50.21056], [20.38472, 50.20757], [20.38232, 50.20978], [20.377, 50.21261], [20.37683, 50.21478], [20.37457, 50.21603], [20.3744, 50.21693], [20.37747, 50.21975], [20.37431, 50.22256], [20.37595, 50.22326], [20.37429, 50.22721], [20.37642, 50.22765], [20.37594, 50.22891], [20.38687, 50.23221], [20.39221, 50.23547], [20.39227, 50.23782], [20.39938, 50.23838], [20.39753, 50.24148], [20.39326, 50.24089], [20.39296, 50.24261], [20.38599, 50.24346], [20.38392, 50.24461], [20.37621, 50.24315], [20.37481, 50.24796], [20.37211, 50.24715], [20.36998, 50.24869], [20.36664, 50.24931], [20.36348, 50.25333], [20.36254, 50.25325], [20.36271, 50.25441], [20.35781, 50.25576], [20.35906, 50.25732], [20.35691, 50.25774], [20.35298, 50.26358], [20.34853, 50.26261], [20.34235, 50.26297], [20.33376, 50.26728], [20.33089, 50.26755], [20.33244, 50.27219], [20.33469, 50.2723], [20.33523, 50.27158], [20.34328, 50.27265], [20.34456, 50.2718], [20.34361, 50.27698], [20.34703, 50.27829], [20.35017, 50.27835], [20.35551, 50.28044], [20.36171, 50.2811], [20.36221, 50.28443], [20.35874, 50.28603], [20.35646, 50.28894], [20.34884, 50.29052], [20.34377, 50.28897], [20.34088, 50.28721], [20.33831, 50.292], [20.34029, 50.29869], [20.3491, 50.29891], [20.3432, 50.30582], [20.34072, 50.30438], [20.33821, 50.30448], [20.33609, 50.30329], [20.33271, 50.30453], [20.33304, 50.30543], [20.33174, 50.30575], [20.33227, 50.30768], [20.33112, 50.30786], [20.33203, 50.30865], [20.33102, 50.30884], [20.32913, 50.31342], [20.32844, 50.31874], [20.31135, 50.32079], [20.3127, 50.32201], [20.30216, 50.32292], [20.3003, 50.32252], [20.30018, 50.32181], [20.29821, 50.32191], [20.30001, 50.32007], [20.29736, 50.3195], [20.29544, 50.32012], [20.29516, 50.32198], [20.29263, 50.32219], [20.29202, 50.32633], [20.29372, 50.32944], [20.29757, 50.32969], [20.29919, 50.33374], [20.30533, 50.33589], [20.30241, 50.33859], [20.3023, 50.34068], [20.29894, 50.34362], [20.29243, 50.3458], [20.29363, 50.3491], [20.29549, 50.35062], [20.29777, 50.35229], [20.30509, 50.34918], [20.30721, 50.34871], [20.30789, 50.34975], [20.31311, 50.34864], [20.31432, 50.35136], [20.32701, 50.35156], [20.33046, 50.35268], [20.33292, 50.3542], [20.33183, 50.35685], [20.32729, 50.35784], [20.33559, 50.35802], [20.33925, 50.35731], [20.33907, 50.35963], [20.33739, 50.35962], [20.33716, 50.36235], [20.3318, 50.36277], [20.33231, 50.36526], [20.32517, 50.36692], [20.32589, 50.36931], [20.31752, 50.37067], [20.31854, 50.37211], [20.32216, 50.37123], [20.32089, 50.38448], [20.31311, 50.38655], [20.31358, 50.38755], [20.30584, 50.38896], [20.30382, 50.39829], [20.3005, 50.40018], [20.29932, 50.40207], [20.29314, 50.40452], [20.29273, 50.40739], [20.29034, 50.41007], [20.28898, 50.41376], [20.29079, 50.41759], [20.28984, 50.41912], [20.27551, 50.42154], [20.2734, 50.42346], [20.26658, 50.42672], [20.26386, 50.43002], [20.26209, 50.43492], [20.26204, 50.43901], [20.26061, 50.44143], [20.27302, 50.46278], [20.27287, 50.46995], [20.26499, 50.46728], [20.26224, 50.46738], [20.25997, 50.46947], [20.25816, 50.46972], [20.25701, 50.47087], [20.25477, 50.47134], [20.25409, 50.47257], [20.2473, 50.47526], [20.24961, 50.47906], [20.24779, 50.47954], [20.24251, 50.48031], [20.23931, 50.47899], [20.22583, 50.47791], [20.22295, 50.48441], [20.22112, 50.48593], [20.22031, 50.49085], [20.21761, 50.48854], [20.21356, 50.48916], [20.20713, 50.49257], [20.20536, 50.4957], [20.20043, 50.49498], [20.19375, 50.4956], [20.18623, 50.4932], [20.17158, 50.49106], [20.16653, 50.48444], [20.14607, 50.48616], [20.13058, 50.48988], [20.12382, 50.48635], [20.11942, 50.48516], [20.11517, 50.48551], [20.11381, 50.48478], [20.11397, 50.48597], [20.1056, 50.48596], [20.10543, 50.48689], [20.09698, 50.48927], [20.09603, 50.49026], [20.08691, 50.48956], [20.09701, 50.49608], [20.09513, 50.49752], [20.08368, 50.49941], [20.08466, 50.50458], [20.07829, 50.50587], [20.07762, 50.50844], [20.07628, 50.50869], [20.07568, 50.50987], [20.05415, 50.51166], [20.05033, 50.50517], [20.0426, 50.50623], [20.03892, 50.50016], [20.02956, 50.50072], [20.02823, 50.50088], [20.03087, 50.50493], [20.02709, 50.50856], [20.01626, 50.51146], [20.00783, 50.5154], [19.98752, 50.51977], [19.9771, 50.51916], [19.97612, 50.52046], [19.97087, 50.52049], [19.9723, 50.51625], [19.96513, 50.51342], [19.95365, 50.50579], [19.93509, 50.5023], [19.93285, 50.50364], [19.92181, 50.50692], [19.91166, 50.51185], [19.90818, 50.52246], [19.90566, 50.52503], [19.90513, 50.53021], [19.90305, 50.53329], [19.90145, 50.53843], [19.90218, 50.53934], [19.90122, 50.53973], [19.87777, 50.54297], [19.868, 50.54335], [19.8677, 50.54215], [19.85486, 50.54342], [19.8541, 50.54638], [19.84787, 50.54909], [19.84423, 50.55599], [19.84323, 50.55492], [19.8408, 50.5555], [19.84052, 50.55463], [19.81538, 50.5544], [19.79691, 50.55528], [19.78865, 50.55448], [19.78928, 50.55871], [19.78807, 50.56234], [19.78973, 50.5685], [19.79365, 50.56732], [19.79521, 50.56751], [19.79972, 50.56559], [19.80407, 50.56568], [19.81691, 50.57286], [19.82164, 50.57974], [19.82494, 50.58286], [19.8298, 50.58414], [19.83097, 50.5859], [19.83597, 50.58924], [19.84085, 50.59067], [19.84254, 50.59218], [19.84293, 50.59283], [19.84068, 50.59492], [19.84135, 50.59762], [19.84449, 50.59858], [19.84513, 50.6018], [19.84768, 50.60378], [19.85097, 50.61222], [19.85398, 50.61232], [19.85542, 50.61634], [19.85817, 50.61826], [19.85712, 50.61887], [19.86284, 50.62161], [19.86602, 50.61938], [19.8669, 50.61976], [19.86657, 50.62128], [19.88514, 50.61732], [19.8921, 50.61705], [19.89233, 50.61783], [19.89838, 50.61596], [19.89946, 50.62083], [19.90359, 50.61956], [19.90912, 50.62983], [19.91155, 50.62936], [19.91511, 50.63568], [19.92031, 50.63442], [19.92231, 50.63947], [19.91019, 50.64211], [19.8888, 50.63646], [19.8891, 50.63793], [19.88676, 50.63808], [19.88483, 50.64005], [19.88638, 50.64272], [19.88257, 50.6433], [19.88292, 50.64518], [19.87889, 50.64629], [19.87542, 50.64706], [19.87197, 50.64629], [19.87262, 50.64543], [19.85783, 50.64577], [19.84203, 50.64899], [19.83521, 50.65139], [19.8311, 50.65143], [19.83294, 50.65185], [19.83338, 50.65309], [19.82815, 50.65471], [19.83521, 50.65467], [19.83699, 50.65556], [19.83634, 50.6561], [19.83931, 50.65634], [19.84181, 50.65817], [19.83859, 50.65854], [19.84122, 50.66282], [19.83289, 50.66722], [19.83698, 50.6704], [19.84447, 50.66675], [19.85329, 50.66457], [19.85402, 50.66584], [19.86441, 50.66427], [19.86582, 50.66484], [19.86423, 50.66512], [19.86451, 50.66575], [19.85865, 50.67108], [19.85864, 50.67395], [19.86157, 50.6795], [19.8728, 50.68341], [19.87181, 50.6922], [19.87154, 50.6929], [19.85765, 50.69005], [19.85047, 50.69061], [19.84777, 50.69594], [19.84885, 50.70027], [19.84735, 50.70074], [19.84745, 50.7018], [19.84334, 50.70573], [19.83318, 50.70429], [19.81977, 50.70562], [19.81686, 50.70738], [19.81575, 50.70393], [19.81175, 50.7042], [19.8122, 50.70553], [19.80821, 50.70582], [19.80986, 50.71137], [19.80618, 50.712], [19.81071, 50.72541], [19.80757, 50.72469], [19.80436, 50.72502], [19.80171, 50.71708], [19.79296, 50.71821], [19.79376, 50.72077], [19.78795, 50.72147], [19.78546, 50.72087], [19.77921, 50.72185], [19.7778, 50.72051], [19.77378, 50.72032], [19.76889, 50.71831], [19.76557, 50.71782], [19.76374, 50.71608], [19.75894, 50.71572], [19.75507, 50.71601], [19.71257, 50.72975], [19.71214, 50.73169], [19.71316, 50.73229], [19.72018, 50.73187], [19.71276, 50.74276], [19.71118, 50.74403], [19.70821, 50.74377], [19.7069, 50.74844], [19.7043, 50.75239], [19.71124, 50.75431], [19.7058, 50.76182], [19.71499, 50.76196], [19.72246, 50.75948], [19.72355, 50.76215], [19.721, 50.7631], [19.72387, 50.76614], [19.72225, 50.76664], [19.7264, 50.7709], [19.73404, 50.7696], [19.73745, 50.76494], [19.73384, 50.76229], [19.74018, 50.75792], [19.74291, 50.757], [19.74004, 50.7556], [19.74168, 50.75471], [19.7658, 50.77167], [19.7702, 50.77097], [19.76957, 50.7742], [19.76786, 50.77439], [19.7674, 50.7729], [19.76556, 50.77273], [19.76285, 50.77476], [19.76464, 50.77769], [19.76694, 50.77703], [19.76668, 50.77796], [19.7724, 50.77974], [19.77046, 50.77882], [19.76945, 50.77646], [19.78106, 50.78035], [19.78038, 50.78187], [19.78248, 50.78026], [19.78486, 50.78134], [19.78917, 50.78102], [19.78971, 50.78227], [19.79376, 50.78223], [19.79555, 50.78379], [19.79126, 50.78705], [19.78732, 50.79244], [19.77765, 50.79602], [19.77533, 50.79841], [19.77952, 50.80257], [19.78131, 50.80298], [19.78231, 50.8051], [19.78338, 50.80468], [19.78409, 50.8057], [19.78535, 50.80547], [19.78546, 50.80741], [19.78725, 50.80592], [19.7906, 50.80548], [19.79059, 50.80712], [19.78998, 50.80834], [19.79079, 50.81072], [19.78859, 50.81041], [19.78898, 50.8088], [19.78817, 50.80857], [19.79032, 50.80679], [19.78969, 50.80612], [19.78797, 50.80812], [19.7869, 50.80681], [19.78734, 50.80778], [19.78607, 50.80845], [19.78561, 50.80779], [19.78414, 50.81009], [19.78304, 50.80884], [19.78392, 50.80918], [19.78519, 50.80718], [19.78321, 50.80555], [19.78189, 50.8086], [19.78258, 50.80957], [19.78053, 50.80968], [19.78064, 50.81046], [19.78001, 50.80985], [19.78062, 50.80893], [19.77869, 50.80913], [19.78417, 50.81774], [19.78833, 50.8184], [19.78842, 50.81949], [19.79354, 50.8186], [19.79299, 50.81765], [19.79681, 50.81667], [19.79764, 50.81237], [19.79411, 50.81156], [19.79674, 50.81151], [19.79769, 50.81214], [19.80299, 50.80785], [19.80464, 50.80803], [19.80696, 50.80228], [19.80954, 50.80416], [19.81471, 50.80224], [19.81349, 50.8035], [19.81524, 50.80309], [19.82335, 50.80558], [19.82333, 50.80758], [19.82038, 50.80761], [19.81744, 50.81865], [19.81852, 50.82075], [19.83211, 50.81976], [19.82979, 50.82364], [19.82564, 50.82483], [19.82533, 50.83205], [19.82081, 50.83579], [19.81936, 50.83854], [19.81356, 50.84081], [19.80899, 50.84376], [19.80309, 50.84499], [19.80523, 50.84706], [19.80335, 50.84657], [19.80175, 50.8471], [19.80002, 50.84624], [19.79878, 50.84755], [19.79505, 50.84838], [19.79234, 50.85083], [19.79012, 50.85111], [19.78632, 50.85305], [19.77743, 50.85482], [19.77129, 50.85848], [19.76167, 50.85968], [19.75385, 50.8638], [19.74706, 50.86597], [19.75901, 50.87106], [19.75831, 50.87158], [19.77511, 50.87828], [19.77662, 50.88004], [19.7776, 50.87986], [19.77673, 50.88302], [19.77521, 50.88338], [19.77646, 50.88508], [19.7782, 50.88535], [19.77851, 50.88453], [19.7795, 50.88551], [19.78197, 50.88468], [19.78303, 50.88615], [19.78403, 50.88573], [19.78688, 50.88725], [19.78673, 50.88962], [19.78491, 50.89189], [19.78698, 50.89083], [19.78899, 50.8918], [19.78756, 50.8923], [19.78742, 50.89395], [19.78824, 50.8933], [19.79051, 50.89371], [19.78913, 50.8941], [19.79012, 50.8946], [19.78887, 50.89631], [19.79049, 50.89677], [19.78873, 50.898], [19.79025, 50.89787], [19.79043, 50.89847], [19.7888, 50.8991], [19.78947, 50.89986], [19.7928, 50.89927], [19.79283, 50.90131], [19.79145, 50.90009], [19.78927, 50.90051], [19.79048, 50.90143], [19.79176, 50.90135], [19.79095, 50.90196], [19.7914, 50.90388], [19.79296, 50.9035], [19.79306, 50.90469], [19.79487, 50.90477], [19.79281, 50.9058], [19.79368, 50.90708], [19.79492, 50.90675], [19.79668, 50.90834], [19.7997, 50.90843], [19.80802, 50.90669], [19.80962, 50.90731], [19.80845, 50.90779], [19.81039, 50.90771], [19.81354, 50.90998], [19.81836, 50.91162], [19.81927, 50.91323], [19.82164, 50.91318], [19.82184, 50.91393], [19.8237, 50.91414], [19.82303, 50.9154], [19.82926, 50.91526], [19.82949, 50.91624], [19.831, 50.91614], [19.83204, 50.91718], [19.8328, 50.91597], [19.83471, 50.91724], [19.83649, 50.91677], [19.8376, 50.91728], [19.83596, 50.91803], [19.83764, 50.91879], [19.83661, 50.91915], [19.83753, 50.92125], [19.84104, 50.92327], [19.84668, 50.93169], [19.84805, 50.93218], [19.84715, 50.93375], [19.84877, 50.9357], [19.84752, 50.93913], [19.84622, 50.93965], [19.84722, 50.93998], [19.84633, 50.9405], [19.84705, 50.94133], [19.8456, 50.94133], [19.84554, 50.94239], [19.84337, 50.94387], [19.84617, 50.94516], [19.84215, 50.94726], [19.84167, 50.94838], [19.83788, 50.9483], [19.8357, 50.94977], [19.8344, 50.94928], [19.83311, 50.94991], [19.83489, 50.95215], [19.83313, 50.95388], [19.83486, 50.95509], [19.83261, 50.95583], [19.83257, 50.9566], [19.8345, 50.95694], [19.83304, 50.95803], [19.83415, 50.95851], [19.8298, 50.95911], [19.8306, 50.9602], [19.82971, 50.96221], [19.8277, 50.96265], [19.83077, 50.96518], [19.82857, 50.96556], [19.8279, 50.96672], [19.82951, 50.9677], [19.82981, 50.96965], [19.83096, 50.96986], [19.83307, 50.97657], [19.83507, 50.97662], [19.84745, 50.99481], [19.85418, 50.99794], [19.85445, 50.99906], [19.85672, 50.99874], [19.85904, 51.00198], [19.86143, 51.00291], [19.86062, 51.00482], [19.86347, 51.00477], [19.86323, 51.00777], [19.86147, 51.00896], [19.86179, 51.01099], [19.85975, 51.01451], [19.86158, 51.01734], [19.86087, 51.01849], [19.86334, 51.01923], [19.86366, 51.02073], [19.86607, 51.02021], [19.86703, 51.02162], [19.86649, 51.02274], [19.86424, 51.02337], [19.86728, 51.0248], [19.86694, 51.0258], [19.86406, 51.02727], [19.86507, 51.02783], [19.86405, 51.03019], [19.86661, 51.03251], [19.86615, 51.03677], [19.86907, 51.03881], [19.8722, 51.03798], [19.87356, 51.04335], [19.87607, 51.0432], [19.87618, 51.0448], [19.8749, 51.04491], [19.87632, 51.04831], [19.88617, 51.04761], [19.8976, 51.02822], [19.92134, 51.02558], [19.91997, 51.02437], [19.93693, 51.02462], [19.93573, 51.01106], [19.94026, 51.00916], [19.94227, 51.00968], [19.94703, 51.01306], [19.9482, 51.01323], [19.94979, 51.01181], [19.95875, 51.00221], [19.95722, 51.00004], [19.95582, 50.99215], [19.95789, 50.99037], [20.0179, 50.96218], [20.01963, 50.96254], [20.01896, 50.96343], [20.02077, 50.9647], [20.02049, 50.96541], [20.02147, 50.96522], [20.02096, 50.96597], [20.02233, 50.96806], [20.02487, 50.96824], [20.0241, 50.96993], [20.02564, 50.97038], [20.02571, 50.97138], [20.02711, 50.97136], [20.02709, 50.97257], [20.03451, 50.97226], [20.03629, 50.97318], [20.03947, 50.99021], [20.0382, 50.99141], [20.03394, 50.9909], [20.03436, 50.992], [20.03256, 50.99545], [20.03516, 50.9987], [20.04045, 51.00014], [20.04311, 51.00257], [20.04477, 51.0069], [20.04793, 51.00929], [20.04905, 51.01169], [20.04959, 51.0161], [20.0511, 51.01717], [20.04867, 51.02174], [20.05095, 51.02627], [20.04894, 51.02931], [20.05068, 51.03278], [20.04803, 51.05339], [20.04819, 51.05436], [20.05624, 51.05775], [20.05158, 51.06282], [20.04459, 51.06001], [20.0454, 51.06856], [20.03156, 51.07007], [20.01637, 51.06999], [19.98177, 51.07312], [19.98642, 51.07827], [19.98888, 51.0867], [19.98884, 51.09298], [19.99297, 51.0996], [19.98996, 51.10935], [19.99181, 51.1126], [19.99021, 51.11668], [19.98812, 51.11891], [19.98907, 51.12571], [19.98795, 51.12873], [19.98848, 51.13035], [19.98556, 51.13486], [19.9869, 51.13527], [19.98783, 51.1346], [20.00172, 51.13306], [19.99569, 51.1356], [19.99218, 51.13809], [19.99078, 51.13737], [19.98828, 51.13954], [20.01274, 51.15522], [20.01737, 51.15241], [20.02197, 51.15537], [20.02246, 51.15967], [20.02577, 51.16467], [19.99385, 51.18395], [19.99683, 51.1854], [19.99672, 51.18648], [19.9992, 51.18805], [20.01015, 51.19095], [20.01101, 51.19544], [20.01594, 51.197], [20.02513, 51.19853], [20.02582, 51.20042], [20.03252, 51.19989], [20.03238, 51.20113], [20.04546, 51.20229], [20.0535, 51.20272], [20.06023, 51.1992], [20.06043, 51.19601], [20.05899, 51.19613], [20.05864, 51.19448], [20.05583, 51.19484], [20.05572, 51.19072], [20.05634, 51.19143], [20.05751, 51.19068], [20.06246, 51.19373], [20.06461, 51.19703], [20.07038, 51.19419], [20.07365, 51.19448], [20.07793, 51.1931], [20.08272, 51.19372], [20.08992, 51.19249], [20.0913, 51.19287], [20.09535, 51.19135], [20.0969, 51.19183], [20.09978, 51.19127], [20.10794, 51.1934], [20.11265, 51.19314], [20.11314, 51.1916], [20.11564, 51.19194], [20.11631, 51.19079], [20.11954, 51.18928], [20.12569, 51.19125], [20.13445, 51.19081], [20.13875, 51.19262], [20.14542, 51.19148], [20.14756, 51.19249], [20.14752, 51.19333], [20.14841, 51.19293], [20.14884, 51.19457], [20.15107, 51.19264], [20.15873, 51.19382], [20.15812, 51.19793], [20.17666, 51.19627], [20.17658, 51.19577], [20.17947, 51.19546], [20.17816, 51.20074], [20.17878, 51.20708], [20.19243, 51.20444], [20.19517, 51.20473], [20.19575, 51.20635], [20.20116, 51.20405], [20.20185, 51.20192], [20.20065, 51.20103], [20.20186, 51.19956], [20.1944, 51.19801], [20.19581, 51.19679], [20.19757, 51.19772], [20.20778, 51.19982], [20.20598, 51.20004], [20.20714, 51.20343], [20.21149, 51.20632], [20.20981, 51.20718], [20.21463, 51.20966], [20.21761, 51.20321], [20.21672, 51.19927], [20.22009, 51.19897], [20.2282, 51.20122], [20.23204, 51.20108], [20.23517, 51.20361], [20.23627, 51.20705], [20.23525, 51.20892], [20.23817, 51.20778], [20.25165, 51.20674], [20.25526, 51.21192], [20.25793, 51.21184], [20.2605, 51.21565], [20.26366, 51.21585], [20.26441, 51.21906], [20.26419, 51.22032], [20.25133, 51.22158], [20.25597, 51.23669], [20.25261, 51.2408], [20.24987, 51.24083], [20.24805, 51.24233], [20.24303, 51.24259], [20.24177, 51.24386], [20.24149, 51.24494], [20.24343, 51.24602], [20.24541, 51.25012], [20.24447, 51.25247], [20.24606, 51.25332], [20.24499, 51.25483], [20.24101, 51.2555], [20.24259, 51.2573], [20.24567, 51.25652], [20.25304, 51.2562], [20.26049, 51.25881], [20.26167, 51.25834], [20.26351, 51.25433], [20.26159, 51.25456], [20.26012, 51.25087], [20.26491, 51.25087], [20.27281, 51.24578], [20.27799, 51.24427], [20.29772, 51.24433], [20.31012, 51.24312], [20.32886, 51.25276], [20.3303, 51.25396], [20.33082, 51.25772], [20.3356, 51.25423], [20.35395, 51.25043], [20.35641, 51.24807], [20.35965, 51.24136], [20.37112, 51.23663], [20.37551, 51.24315], [20.37975, 51.24595], [20.37524, 51.26188], [20.38574, 51.26324], [20.38462, 51.26927], [20.38827, 51.26977], [20.38716, 51.2715], [20.39042, 51.2722], [20.38172, 51.28239], [20.37598, 51.29146], [20.37726, 51.2917], [20.37639, 51.2935], [20.37478, 51.29332], [20.36694, 51.30533], [20.3661, 51.3053], [20.36855, 51.306], [20.36771, 51.30686], [20.36582, 51.30677], [20.36446, 51.30757], [20.36538, 51.30791], [20.36434, 51.30839], [20.36512, 51.30889], [20.36393, 51.31129], [20.36835, 51.31063], [20.37865, 51.31388], [20.38495, 51.31877], [20.40256, 51.31937], [20.41059, 51.31866], [20.41442, 51.32068], [20.413, 51.32346], [20.40962, 51.32607], [20.42041, 51.32563], [20.42036, 51.32637], [20.4242, 51.32831], [20.42395, 51.33341], [20.42886, 51.33335], [20.42832, 51.33398], [20.4327, 51.33431], [20.43317, 51.34247], [20.44968, 51.33929], [20.45291, 51.33844], [20.45416, 51.33718], [20.45622, 51.33805], [20.45566, 51.33618], [20.46347, 51.3364], [20.46389, 51.33175], [20.50718, 51.33139], [20.50804, 51.33062], [20.51651, 51.31938], [20.51738, 51.31658], [20.51489, 51.31543], [20.51421, 51.31661], [20.51154, 51.31361], [20.51328, 51.3081], [20.50231, 51.30906], [20.49995, 51.31055], [20.49804, 51.31068], [20.49263, 51.3073], [20.4945, 51.29869], [20.49785, 51.29297], [20.50922, 51.29571], [20.51082, 51.29422], [20.50156, 51.28688], [20.52125, 51.27728], [20.5255, 51.28039], [20.53326, 51.27652], [20.52929, 51.2734], [20.53703, 51.26965], [20.52482, 51.26041], [20.53917, 51.25464], [20.53433, 51.25183], [20.53651, 51.24817], [20.53315, 51.24766], [20.53746, 51.24564], [20.54366, 51.23118], [20.54612, 51.2304], [20.55665, 51.23024], [20.56599, 51.23155], [20.56829, 51.2377], [20.57311, 51.24166], [20.57904, 51.24469], [20.60032, 51.24456], [20.60056, 51.24623], [20.6073, 51.24688], [20.60821, 51.24367], [20.61391, 51.23995], [20.61418, 51.23688], [20.61765, 51.23329], [20.62169, 51.23006], [20.63126, 51.22675], [20.63304, 51.22344], [20.64196, 51.22107], [20.64436, 51.21858], [20.64693, 51.21757], [20.65585, 51.2168], [20.6774, 51.20958], [20.67788, 51.20689], [20.68339, 51.20397], [20.6868, 51.20398], [20.68867, 51.20541], [20.69077, 51.20546], [20.68815, 51.20377], [20.68978, 51.20238], [20.68679, 51.20272], [20.68909, 51.2007], [20.69001, 51.20094], [20.69134, 51.19899], [20.6893, 51.198], [20.70029, 51.196], [20.70269, 51.18494], [20.70199, 51.18203], [20.69893, 51.17947], [20.69698, 51.17942], [20.69212, 51.17675], [20.68754, 51.17547], [20.68528, 51.17363], [20.68416, 51.1666], [20.68868, 51.1588], [20.68789, 51.15621], [20.68494, 51.15442], [20.68548, 51.15124], [20.69522, 51.1517], [20.69324, 51.15016], [20.69741, 51.14897], [20.70677, 51.16186], [20.7125, 51.16681], [20.7155, 51.16713], [20.71253, 51.16832], [20.71838, 51.17275], [20.72306, 51.17235], [20.72289, 51.17092], [20.77122, 51.15698], [20.7661, 51.14989], [20.77263, 51.14803], [20.78221, 51.14533], [20.78773, 51.15278], [20.81302, 51.14584], [20.82175, 51.15779], [20.80915, 51.1612], [20.8216, 51.17845], [20.85, 51.17062], [20.85366, 51.17292], [20.85929, 51.16932], [20.85916, 51.16638], [20.87979, 51.15443], [20.90488, 51.1795], [20.9082, 51.17825], [20.91107, 51.18924], [20.91363, 51.18824], [20.92072, 51.19534], [20.96801, 51.17657], [20.96537, 51.17385], [21.00083, 51.15957], [20.99317, 51.15202], [20.99829, 51.14992], [20.99443, 51.1461], [20.99844, 51.14445], [21.02429, 51.1504], [21.0262, 51.15236], [21.02027, 51.15242], [21.02229, 51.1545], [21.01896, 51.15464], [21.02288, 51.15858], [21.03522, 51.15841], [21.04475, 51.1563], [21.05656, 51.15711], [21.07004, 51.17425], [21.07334, 51.18539], [21.07508, 51.19805], [21.06838, 51.20694], [21.07, 51.21146], [21.11064, 51.20079], [21.10785, 51.19325], [21.11829, 51.19171], [21.11991, 51.18866], [21.11734, 51.18013], [21.1089, 51.17489], [21.10323, 51.16889], [21.09805, 51.16471], [21.09668, 51.1647], [21.09029, 51.15642], [21.09161, 51.15633], [21.09122, 51.15509], [21.12819, 51.14088], [21.12826, 51.13484], [21.13419, 51.13481], [21.13421, 51.1285], [21.14242, 51.12851], [21.13948, 51.12563], [21.1453, 51.12564], [21.14822, 51.12853], [21.16414, 51.12853], [21.16098, 51.12544], [21.15397, 51.12548], [21.15614, 51.11489], [21.15806, 51.11492], [21.16024, 51.10223], [21.15285, 51.10376], [21.15086, 51.09954], [21.15193, 51.08701], [21.15583, 51.08619], [21.15275, 51.08029], [21.35553, 51.08526], [21.35564, 51.08419], [21.35348, 51.08413], [21.35311, 51.08194], [21.35567, 51.08249], [21.35638, 51.07742], [21.3536, 51.06711], [21.35422, 51.06616], [21.36561, 51.06489], [21.36531, 51.06633], [21.37043, 51.06548], [21.3719, 51.05876], [21.3831, 51.05828], [21.38176, 51.04062], [21.40483, 51.0354], [21.40254, 51.03273], [21.41077, 51.03083], [21.41105, 51.03216], [21.43131, 51.02951], [21.42847, 51.02571], [21.44323, 51.02279], [21.46357, 51.01311], [21.46964, 51.01583], [21.47716, 51.01797], [21.496, 51.02164], [21.48587, 51.02381], [21.49246, 51.02764], [21.49961, 51.02888], [21.50168, 51.03062], [21.50493, 51.03174], [21.49977, 51.03204], [21.49773, 51.03263], [21.49796, 51.03344], [21.48916, 51.03439], [21.48609, 51.03567], [21.48742, 51.03793], [21.4899, 51.03965], [21.51688, 51.0365], [21.4996, 51.0451], [21.50663, 51.05028], [21.50474, 51.05178], [21.51002, 51.05227], [21.51022, 51.05419], [21.51299, 51.053], [21.50906, 51.05803], [21.51224, 51.05949], [21.51289, 51.05606], [21.52906, 51.05902], [21.529, 51.06053], [21.53283, 51.06233], [21.53467, 51.05643], [21.5421, 51.05698], [21.54474, 51.04715], [21.55689, 51.05271], [21.56046, 51.05553], [21.57278, 51.05793], [21.57815, 51.06005], [21.5818, 51.06073], [21.58324, 51.05803], [21.58978, 51.05857], [21.59015, 51.05775], [21.61437, 51.06534], [21.61911, 51.05972], [21.63016, 51.06339], [21.62387, 51.07098], [21.61501, 51.07259], [21.61204, 51.07609], [21.62687, 51.07338], [21.64029, 51.07626], [21.6496, 51.06945], [21.67624, 51.07802], [21.68268, 51.07051], [21.68656, 51.06989], [21.6919, 51.06543], [21.69634, 51.05692], [21.69761, 51.05116], [21.70221, 51.04795], [21.70504, 51.04294], [21.70825, 51.04285], [21.71196, 51.04149], [21.71568, 51.04239], [21.71821, 51.04166], [21.71854, 51.04077], [21.72003, 51.04168], [21.72126, 51.04113], [21.72172, 51.0422], [21.72237, 51.04126], [21.72136, 51.0435], [21.72404, 51.04315], [21.72607, 51.04508], [21.72732, 51.04409], [21.72993, 51.04734], [21.73471, 51.04532], [21.73674, 51.04323], [21.74101, 51.04093], [21.74342, 51.04118], [21.75209, 51.0374], [21.75899, 51.03734], [21.75787, 51.03948], [21.75826, 51.04203], [21.76071, 51.04284], [21.77013, 51.04296], [21.77758, 51.04165], [21.77785, 51.04241], [21.77938, 51.04221], [21.78069, 51.04549], [21.77247, 51.04889], [21.77718, 51.05325], [21.78442, 51.05368], [21.78587, 51.05752], [21.78956, 51.0595], [21.78183, 51.06078], [21.78211, 51.06359], [21.78515, 51.06894], [21.79193, 51.06793], [21.79717, 51.07152], [21.803, 51.07208], [21.82164, 51.05867], [21.82329, 51.05653], [21.82349, 51.05335], [21.82638, 51.04703], [21.82586, 51.04392], [21.82097, 51.03918], [21.80538, 51.03245], [21.8037, 51.03003], [21.80265, 51.02526], [21.80329, 51.02189], [21.81948, 51.0092], [21.82074, 51.00462], [21.82032, 50.99547], [21.82158, 50.98662], [21.8172, 50.978], [21.81752, 50.97217], [21.81962, 50.96987], [21.81997, 50.96752], [21.81952, 50.96414], [21.81291, 50.95511], [21.81185, 50.94796], [21.81287, 50.93455], [21.8163, 50.92827], [21.82458, 50.91709], [21.83074, 50.90503], [21.83092, 50.9017], [21.82898, 50.89596], [21.83189, 50.88297], [21.84393, 50.8679], [21.84793, 50.86003], [21.84741, 50.85656], [21.84163, 50.84433], [21.84233, 50.84022], [21.84674, 50.83523], [21.86014, 50.82717], [21.86651, 50.82214], [21.86911, 50.81478], [21.86795, 50.81054], [21.86242, 50.80009], [21.86044, 50.7846], [21.85423, 50.77522], [21.84363, 50.76555], [21.84062, 50.76007], [21.84018, 50.75466], [21.84316, 50.7372], [21.84172, 50.73411], [21.83076, 50.72158], [21.8278, 50.7165], [21.82595, 50.69955], [21.82352, 50.69469], [21.81887, 50.69004], [21.81014, 50.68605], [21.79553, 50.68183], [21.78628, 50.68005], [21.79072, 50.67592], [21.79382, 50.67569], [21.78198, 50.6637], [21.77885, 50.65885], [21.77862, 50.65696], [21.7813, 50.64971], [21.78012, 50.64506], [21.76772, 50.64617], [21.76123, 50.64798], [21.7618, 50.65002], [21.75976, 50.65494], [21.74735, 50.65483], [21.74345, 50.64916], [21.74118, 50.64768], [21.73867, 50.64774], [21.73897, 50.64378], [21.73338, 50.64159], [21.7226, 50.64535], [21.71573, 50.63448], [21.71049, 50.62979], [21.69926, 50.62221], [21.67128, 50.60689], [21.6679, 50.60224], [21.66317, 50.58486], [21.65651, 50.57181], [21.64977, 50.5646], [21.63196, 50.55245], [21.62516, 50.54643], [21.6133, 50.53103], [21.60232, 50.52021], [21.59558, 50.51778], [21.58811, 50.51705], [21.57666, 50.51771], [21.56243, 50.5208], [21.55526, 50.52082], [21.52937, 50.51345], [21.48297, 50.49663], [21.47422, 50.4951], [21.45409, 50.49411], [21.45089, 50.49316], [21.44563, 50.49026], [21.44276, 50.48532], [21.45152, 50.46634], [21.45025, 50.46137], [21.44694, 50.45851], [21.43799, 50.45386], [21.41565, 50.44575], [21.4088, 50.4416], [21.40131, 50.43922], [21.38799, 50.43889], [21.36817, 50.44114]], [[19.79497, 50.81626], [19.794, 50.81577], [19.79507, 50.81526], [19.79581, 50.81552], [19.79497, 50.81626]], [[19.77647, 50.77642], [19.77716, 50.77567], [19.77837, 50.77596], [19.78176, 50.77928], [19.77647, 50.77642]], [[19.79196, 50.81111], [19.79239, 50.81027], [19.79429, 50.81102], [19.79373, 50.81121], [19.79196, 50.81111]]]}}, {"type": "Feature", "properties": {"kod": "28", "nazwa": "warmińsko-mazurskie"}, "geometry": {"type": "Polygon", "coordinates": [[[22.59687, 54.06655], [22.60083, 54.05194], [22.60989, 54.05017], [22.61711, 54.05059], [22.62147, 54.04915], [22.62304, 54.0477], [22.62857, 54.04748], [22.63272, 54.0461], [22.6373, 54.04422], [22.64134, 54.04128], [22.6484, 54.0387], [22.65104, 54.03675], [22.65699, 54.0353], [22.67034, 54.02931], [22.67194, 54.0233], [22.67099, 54.0207], [22.67992, 54.00535], [22.68216, 54.00426], [22.68478, 54.00415], [22.69096, 54.0004], [22.69023, 53.99745], [22.69425, 53.99244], [22.69381, 53.99031], [22.69575, 53.98535], [22.69587, 53.98438], [22.69373, 53.98263], [22.6936, 53.97855], [22.69653, 53.97351], [22.70369, 53.97139], [22.70398, 53.96931], [22.70803, 53.96797], [22.70949, 53.96466], [22.70914, 53.96248], [22.71461, 53.95689], [22.718, 53.95596], [22.72374, 53.95257], [22.7287, 53.95286], [22.72917, 53.9507], [22.73092, 53.94987], [22.73693, 53.94958], [22.74576, 53.9463], [22.75204, 53.9424], [22.75256, 53.94001], [22.75879, 53.93682], [22.76671, 53.9302], [22.77238, 53.92717], [22.77488, 53.92398], [22.77832, 53.92285], [22.78161, 53.91974], [22.7828, 53.91549], [22.7774, 53.91027], [22.77537, 53.90538], [22.77599, 53.9035], [22.78031, 53.90101], [22.77957, 53.89891], [22.77498, 53.89635], [22.77736, 53.89197], [22.78069, 53.89135], [22.7815, 53.8902], [22.78099, 53.88634], [22.78543, 53.88342], [22.78504, 53.88183], [22.77903, 53.86559], [22.75941, 53.85406], [22.7581, 53.84974], [22.75499, 53.84725], [22.74603, 53.84223], [22.7354, 53.83815], [22.73399, 53.83648], [22.72671, 53.83317], [22.72564, 53.83086], [22.72739, 53.82739], [22.72485, 53.82525], [22.7244, 53.82273], [22.72574, 53.8176], [22.72522, 53.80856], [22.72662, 53.8065], [22.72674, 53.80354], [22.72335, 53.80019], [22.72356, 53.79762], [22.71894, 53.79369], [22.71862, 53.79145], [22.71617, 53.78904], [22.71648, 53.78691], [22.71436, 53.78612], [22.70948, 53.78033], [22.70364, 53.76966], [22.7035, 53.76736], [22.6968, 53.76159], [22.69243, 53.76066], [22.68718, 53.75806], [22.68025, 53.75641], [22.67587, 53.75748], [22.67402, 53.75682], [22.66768, 53.7566], [22.66297, 53.75455], [22.65916, 53.75439], [22.65172, 53.75025], [22.64436, 53.74919], [22.64147, 53.74754], [22.63849, 53.74971], [22.64081, 53.75171], [22.64068, 53.75475], [22.63621, 53.75651], [22.62906, 53.75649], [22.62904, 53.75741], [22.62384, 53.7513], [22.62394, 53.74981], [22.6265, 53.74728], [22.62453, 53.74585], [22.62258, 53.74562], [22.62224, 53.74438], [22.62237, 53.74348], [22.62641, 53.74161], [22.62116, 53.73784], [22.62092, 53.73513], [22.61652, 53.7325], [22.6124, 53.72546], [22.61075, 53.71921], [22.60674, 53.71705], [22.59703, 53.71833], [22.58488, 53.72689], [22.5847, 53.73432], [22.56468, 53.72209], [22.56637, 53.72142], [22.51408, 53.69912], [22.51507, 53.69829], [22.51393, 53.69768], [22.50446, 53.69634], [22.49163, 53.7002], [22.47938, 53.70004], [22.46757, 53.69895], [22.46848, 53.69779], [22.47234, 53.6974], [22.47317, 53.69617], [22.47471, 53.69608], [22.47437, 53.69466], [22.4759, 53.69273], [22.47559, 53.69197], [22.47392, 53.6933], [22.47104, 53.69336], [22.46668, 53.69163], [22.46544, 53.69006], [22.46623, 53.68753], [22.46896, 53.68667], [22.46958, 53.68447], [22.46847, 53.68197], [22.47167, 53.67825], [22.47027, 53.67583], [22.46697, 53.67429], [22.46712, 53.67205], [22.46978, 53.67006], [22.4685, 53.66757], [22.4749, 53.66409], [22.47553, 53.66316], [22.47482, 53.66369], [22.47325, 53.66304], [22.4593, 53.66451], [22.45934, 53.66512], [22.45095, 53.66288], [22.44682, 53.66426], [22.44109, 53.66456], [22.43764, 53.66739], [22.4423, 53.66794], [22.44483, 53.67233], [22.44059, 53.67322], [22.44039, 53.67436], [22.43834, 53.67509], [22.43691, 53.67482], [22.4364, 53.67524], [22.43777, 53.67581], [22.436, 53.67776], [22.43299, 53.6764], [22.42818, 53.6796], [22.42304, 53.68154], [22.41484, 53.67781], [22.41446, 53.67588], [22.4007, 53.66708], [22.39771, 53.66711], [22.39628, 53.66809], [22.39062, 53.66613], [22.38619, 53.66357], [22.36241, 53.65504], [22.35991, 53.65584], [22.35583, 53.65271], [22.35319, 53.65188], [22.34995, 53.64837], [22.3529, 53.64721], [22.32659, 53.63179], [22.32485, 53.63408], [22.29843, 53.62425], [22.28511, 53.62324], [22.28084, 53.62171], [22.27776, 53.61929], [22.272, 53.61054], [22.23916, 53.59608], [22.23261, 53.59236], [22.23433, 53.59158], [22.22792, 53.58585], [22.21617, 53.58144], [22.20955, 53.57767], [22.19942, 53.5692], [22.19437, 53.56621], [22.1747, 53.55783], [22.16166, 53.55542], [22.15704, 53.55287], [22.1279, 53.54147], [22.101, 53.5333], [22.09525, 53.53226], [22.0852, 53.53544], [22.0757, 53.53582], [22.06634, 53.5308], [22.05846, 53.52948], [22.05418, 53.52757], [22.05049, 53.52512], [22.05143, 53.52253], [22.04774, 53.51868], [22.04823, 53.51543], [22.0444, 53.51407], [22.0417, 53.51093], [22.04198, 53.50844], [22.03045, 53.49697], [22.02427, 53.4957], [22.01982, 53.49739], [22.01572, 53.50135], [22.01417, 53.50778], [22.00966, 53.51355], [22.00776, 53.51467], [22.0009, 53.51631], [21.99495, 53.51928], [21.99305, 53.52114], [21.98993, 53.52211], [21.98181, 53.51823], [21.97824, 53.51822], [21.9758, 53.51537], [21.96598, 53.51459], [21.95257, 53.50944], [21.94135, 53.5102], [21.93563, 53.51138], [21.92353, 53.50853], [21.92129, 53.50699], [21.92015, 53.50304], [21.91455, 53.49948], [21.90691, 53.49709], [21.90198, 53.49316], [21.90129, 53.48905], [21.90329, 53.4858], [21.89764, 53.4739], [21.89128, 53.46671], [21.88084, 53.46128], [21.87316, 53.4619], [21.86684, 53.45978], [21.85845, 53.45892], [21.84109, 53.46131], [21.82557, 53.46504], [21.80271, 53.47509], [21.79061, 53.47927], [21.77629, 53.48165], [21.75211, 53.48316], [21.73078, 53.4888], [21.71415, 53.48905], [21.68673, 53.49276], [21.67847, 53.49094], [21.66582, 53.48636], [21.64789, 53.48118], [21.61226, 53.48084], [21.59807, 53.48181], [21.58729, 53.48032], [21.57432, 53.47999], [21.56589, 53.48095], [21.5502, 53.47783], [21.53248, 53.47661], [21.51789, 53.477], [21.43108, 53.46238], [21.43609, 53.45973], [21.4375, 53.45608], [21.44268, 53.45024], [21.44646, 53.44753], [21.4459, 53.44591], [21.43904, 53.44708], [21.43618, 53.44864], [21.43465, 53.4478], [21.42639, 53.45027], [21.42523, 53.45028], [21.42483, 53.44934], [21.42635, 53.44892], [21.42974, 53.44561], [21.42909, 53.44495], [21.43047, 53.44471], [21.43103, 53.44606], [21.43479, 53.44489], [21.43249, 53.44365], [21.43341, 53.44237], [21.43504, 53.44376], [21.43625, 53.44376], [21.43526, 53.44308], [21.43748, 53.44043], [21.44575, 53.43956], [21.44602, 53.43842], [21.44497, 53.43733], [21.443, 53.43706], [21.43491, 53.43903], [21.43408, 53.43825], [21.43743, 53.43572], [21.43518, 53.43606], [21.43745, 53.43305], [21.43359, 53.43588], [21.43087, 53.43491], [21.43173, 53.4338], [21.42605, 53.43374], [21.42644, 53.433], [21.42276, 53.43149], [21.42354, 53.42953], [21.41091, 53.42771], [21.40999, 53.42671], [21.40221, 53.42758], [21.40148, 53.42684], [21.39786, 53.42621], [21.39484, 53.42739], [21.3972, 53.42849], [21.39916, 53.42836], [21.39939, 53.429], [21.38774, 53.43083], [21.38466, 53.42814], [21.37735, 53.4247], [21.37704, 53.42336], [21.3741, 53.42136], [21.36913, 53.42063], [21.36289, 53.42188], [21.35882, 53.42113], [21.35798, 53.42021], [21.35496, 53.4202], [21.35391, 53.41864], [21.35486, 53.41807], [21.35163, 53.41429], [21.34792, 53.4158], [21.34729, 53.41542], [21.33928, 53.41945], [21.33873, 53.41758], [21.33755, 53.41739], [21.32994, 53.41901], [21.32795, 53.42015], [21.31096, 53.42318], [21.30831, 53.42268], [21.30332, 53.42404], [21.29959, 53.421], [21.2999, 53.41908], [21.29369, 53.41475], [21.29573, 53.4126], [21.29496, 53.41168], [21.29266, 53.41191], [21.29259, 53.41137], [21.29507, 53.40972], [21.29475, 53.40861], [21.29292, 53.40941], [21.29145, 53.40852], [21.2907, 53.40886], [21.28966, 53.4108], [21.28778, 53.41172], [21.2886, 53.4123], [21.2842, 53.41454], [21.28678, 53.41921], [21.29213, 53.42167], [21.29116, 53.42289], [21.29028, 53.42234], [21.28905, 53.42319], [21.28988, 53.42419], [21.28335, 53.42496], [21.28147, 53.42676], [21.27132, 53.42516], [21.24973, 53.41957], [21.23889, 53.41582], [21.23354, 53.41273], [21.2137, 53.40666], [21.20496, 53.40291], [21.19823, 53.39846], [21.17584, 53.3936], [21.14129, 53.37732], [21.14194, 53.37481], [21.1408, 53.37091], [21.13612, 53.36554], [21.12767, 53.36271], [21.11428, 53.3544], [21.10392, 53.35139], [21.09167, 53.34968], [21.08172, 53.34624], [21.08177, 53.34381], [21.05581, 53.3346], [21.05354, 53.33427], [21.0507, 53.335], [21.04794, 53.33779], [21.03844, 53.34285], [21.03601, 53.34701], [21.032, 53.34972], [21.03117, 53.35133], [21.01215, 53.35613], [21.00683, 53.35532], [21.00114, 53.35666], [20.9993, 53.36092], [20.99755, 53.36181], [20.99459, 53.36165], [20.98945, 53.36309], [20.99171, 53.36136], [20.97399, 53.35181], [20.97438, 53.3543], [20.97139, 53.35419], [20.97096, 53.35259], [20.96878, 53.35175], [20.96787, 53.35175], [20.96872, 53.35404], [20.96661, 53.35416], [20.96559, 53.35193], [20.96349, 53.35134], [20.96327, 53.35], [20.95937, 53.35154], [20.96058, 53.35444], [20.94729, 53.35506], [20.94981, 53.35794], [20.94146, 53.35961], [20.93632, 53.35977], [20.93284, 53.35832], [20.93438, 53.35774], [20.93317, 53.35714], [20.93308, 53.35412], [20.93171, 53.35253], [20.92974, 53.35196], [20.92266, 53.35312], [20.91853, 53.35223], [20.92212, 53.35131], [20.92259, 53.35003], [20.91816, 53.34947], [20.91791, 53.34818], [20.91436, 53.34821], [20.91478, 53.34553], [20.91176, 53.34528], [20.90948, 53.34265], [20.91025, 53.33964], [20.91221, 53.33868], [20.91227, 53.33748], [20.92073, 53.33532], [20.91821, 53.33027], [20.91956, 53.32918], [20.91603, 53.32542], [20.91814, 53.32506], [20.91948, 53.32568], [20.92978, 53.32422], [20.92691, 53.32018], [20.92097, 53.32091], [20.92146, 53.31837], [20.91937, 53.31572], [20.91556, 53.31711], [20.91709, 53.3219], [20.9065, 53.32074], [20.9082, 53.31782], [20.90649, 53.31768], [20.90722, 53.31595], [20.90633, 53.31582], [20.9058, 53.31334], [20.90611, 53.31016], [20.90434, 53.30944], [20.90008, 53.31048], [20.89847, 53.31248], [20.8934, 53.31387], [20.89468, 53.31541], [20.88996, 53.31597], [20.8906, 53.31653], [20.88634, 53.31865], [20.88556, 53.31764], [20.87753, 53.31912], [20.87815, 53.3204], [20.87225, 53.32124], [20.87154, 53.31531], [20.87319, 53.31247], [20.87021, 53.31046], [20.86519, 53.3036], [20.86386, 53.30418], [20.86139, 53.30396], [20.86027, 53.30266], [20.85796, 53.30388], [20.8569, 53.30127], [20.85271, 53.30287], [20.85114, 53.30149], [20.85501, 53.2975], [20.85462, 53.29659], [20.85122, 53.29814], [20.85194, 53.29585], [20.84995, 53.29422], [20.85111, 53.29259], [20.84724, 53.29251], [20.83961, 53.29803], [20.82479, 53.30437], [20.81672, 53.30473], [20.81354, 53.30585], [20.80892, 53.30531], [20.80419, 53.30724], [20.80159, 53.30726], [20.79758, 53.30593], [20.79469, 53.30805], [20.79321, 53.30805], [20.79303, 53.30884], [20.7883, 53.31073], [20.78703, 53.31074], [20.78756, 53.31024], [20.78496, 53.30892], [20.78118, 53.31002], [20.77894, 53.31222], [20.77013, 53.31159], [20.76717, 53.31287], [20.76688, 53.31437], [20.76428, 53.31563], [20.75575, 53.31293], [20.75173, 53.31303], [20.74752, 53.31638], [20.74245, 53.31799], [20.73945, 53.31485], [20.74049, 53.31313], [20.74562, 53.31047], [20.74704, 53.30777], [20.7387, 53.30464], [20.7287, 53.30586], [20.72125, 53.30764], [20.71939, 53.31151], [20.71658, 53.3121], [20.7138, 53.3093], [20.71385, 53.2999], [20.70522, 53.30025], [20.69238, 53.30262], [20.69334, 53.29208], [20.69211, 53.28854], [20.6911, 53.28866], [20.69081, 53.2875], [20.68683, 53.28779], [20.6838, 53.28014], [20.67973, 53.27582], [20.67608, 53.26966], [20.66625, 53.26535], [20.66405, 53.26229], [20.66326, 53.25799], [20.65774, 53.25301], [20.65721, 53.25151], [20.61185, 53.25233], [20.61072, 53.2515], [20.61105, 53.2497], [20.61245, 53.24925], [20.61282, 53.24734], [20.61179, 53.2461], [20.61067, 53.24616], [20.61072, 53.2452], [20.6135, 53.24246], [20.61055, 53.24224], [20.61134, 53.24114], [20.60942, 53.24015], [20.60924, 53.23907], [20.60125, 53.23814], [20.59575, 53.2344], [20.58686, 53.23266], [20.58229, 53.23321], [20.58207, 53.23617], [20.57952, 53.2399], [20.57486, 53.24044], [20.56703, 53.23348], [20.56192, 53.22649], [20.5547, 53.22447], [20.54382, 53.22739], [20.54642, 53.2292], [20.53151, 53.23243], [20.5298, 53.22785], [20.53601, 53.22711], [20.52546, 53.22278], [20.50708, 53.22878], [20.50839, 53.23282], [20.50738, 53.23459], [20.47366, 53.23425], [20.46788, 53.237], [20.46373, 53.24051], [20.46053, 53.24162], [20.46424, 53.24335], [20.4584, 53.24676], [20.42363, 53.22187], [20.42282, 53.22273], [20.41942, 53.22196], [20.41082, 53.21386], [20.41426, 53.21171], [20.40625, 53.20531], [20.39983, 53.19696], [20.39386, 53.193], [20.38862, 53.19165], [20.3824, 53.18871], [20.38246, 53.18613], [20.37933, 53.18356], [20.37633, 53.17741], [20.37014, 53.17727], [20.36101, 53.17422], [20.33088, 53.16352], [20.32451, 53.16], [20.33955, 53.15786], [20.34116, 53.15823], [20.34488, 53.15689], [20.34917, 53.15716], [20.36102, 53.15542], [20.35824, 53.15361], [20.35482, 53.1541], [20.35369, 53.15334], [20.35321, 53.15269], [20.35503, 53.1515], [20.35276, 53.15004], [20.35379, 53.14708], [20.33965, 53.14624], [20.33936, 53.14502], [20.33863, 53.14619], [20.33234, 53.14476], [20.32524, 53.1445], [20.31667, 53.14311], [20.31315, 53.14136], [20.30852, 53.14048], [20.30507, 53.14008], [20.30515, 53.14195], [20.29025, 53.13912], [20.28699, 53.14081], [20.28107, 53.14036], [20.27959, 53.14202], [20.27655, 53.14172], [20.27538, 53.14268], [20.26794, 53.14026], [20.25886, 53.14106], [20.23688, 53.1479], [20.22382, 53.15024], [20.21497, 53.15143], [20.20961, 53.15092], [20.19865, 53.15141], [20.19198, 53.15278], [20.17283, 53.15419], [20.16589, 53.15579], [20.16429, 53.14975], [20.15911, 53.14571], [20.15091, 53.142], [20.14987, 53.14282], [20.14392, 53.14114], [20.14053, 53.14134], [20.13515, 53.14245], [20.12707, 53.14674], [20.125, 53.15306], [20.12101, 53.15781], [20.11904, 53.16221], [20.11042, 53.16309], [20.10637, 53.16528], [20.10422, 53.16812], [20.07744, 53.16536], [20.07646, 53.16303], [20.07748, 53.15994], [20.07617, 53.15729], [20.05623, 53.15723], [20.05445, 53.15518], [20.05233, 53.15523], [20.03883, 53.15925], [20.03437, 53.14767], [20.03096, 53.14588], [20.0256, 53.14505], [20.01968, 53.15309], [19.99884, 53.14766], [19.99577, 53.14812], [19.99602, 53.14704], [19.99415, 53.14654], [19.97817, 53.14392], [19.97385, 53.14797], [19.96966, 53.14727], [19.96376, 53.15005], [19.95803, 53.15488], [19.95658, 53.15844], [19.95455, 53.16032], [19.94207, 53.16494], [19.94217, 53.16565], [19.9266, 53.1673], [19.92808, 53.1715], [19.91434, 53.17611], [19.90739, 53.17701], [19.91137, 53.18891], [19.91442, 53.18863], [19.9186, 53.19134], [19.91578, 53.19187], [19.91789, 53.20654], [19.9138, 53.20627], [19.91342, 53.21146], [19.8964, 53.20966], [19.89311, 53.21316], [19.88358, 53.20873], [19.88283, 53.2051], [19.88358, 53.20385], [19.88222, 53.20261], [19.87835, 53.2026], [19.87448, 53.20142], [19.87102, 53.20157], [19.87069, 53.20083], [19.8731, 53.19918], [19.87225, 53.1982], [19.87069, 53.19787], [19.86721, 53.19868], [19.86601, 53.19753], [19.86484, 53.19807], [19.84712, 53.19226], [19.82542, 53.17328], [19.83889, 53.16322], [19.84125, 53.15026], [19.84107, 53.14099], [19.77765, 53.15498], [19.76161, 53.15178], [19.75077, 53.17844], [19.74659, 53.17973], [19.75107, 53.18431], [19.74741, 53.18558], [19.74591, 53.18509], [19.74505, 53.1869], [19.74308, 53.18658], [19.74168, 53.18856], [19.74398, 53.18915], [19.74386, 53.19058], [19.74534, 53.19228], [19.74698, 53.19237], [19.74686, 53.19328], [19.74165, 53.19785], [19.73978, 53.20157], [19.73644, 53.20322], [19.73789, 53.20421], [19.74031, 53.20331], [19.74222, 53.20364], [19.7463, 53.2092], [19.74595, 53.21104], [19.74935, 53.21171], [19.75065, 53.21121], [19.75274, 53.21256], [19.75148, 53.21513], [19.74644, 53.21754], [19.7426, 53.22182], [19.74148, 53.22458], [19.74366, 53.2282], [19.73849, 53.22772], [19.73624, 53.2292], [19.7285, 53.22988], [19.72593, 53.2318], [19.72415, 53.23211], [19.71689, 53.23106], [19.71525, 53.23346], [19.71158, 53.2346], [19.70747, 53.23348], [19.70391, 53.23425], [19.70375, 53.2354], [19.70013, 53.23651], [19.6989, 53.2348], [19.69674, 53.23473], [19.69506, 53.23282], [19.68954, 53.2339], [19.69054, 53.23539], [19.68908, 53.23606], [19.69187, 53.25215], [19.68981, 53.2543], [19.6832, 53.25417], [19.68582, 53.2557], [19.68386, 53.25605], [19.68418, 53.25675], [19.68212, 53.2568], [19.6828, 53.25845], [19.69088, 53.25972], [19.69351, 53.26385], [19.69698, 53.26548], [19.70339, 53.26685], [19.71316, 53.27453], [19.71761, 53.2723], [19.72761, 53.27008], [19.72974, 53.26996], [19.73057, 53.27095], [19.72858, 53.27451], [19.72774, 53.27315], [19.72625, 53.27351], [19.72487, 53.27648], [19.719, 53.27916], [19.71703, 53.28093], [19.71955, 53.28426], [19.71974, 53.28332], [19.72288, 53.28271], [19.72265, 53.28359], [19.72574, 53.28419], [19.72156, 53.28653], [19.71658, 53.28727], [19.71397, 53.28879], [19.71215, 53.28868], [19.71812, 53.30207], [19.71231, 53.30247], [19.70899, 53.30361], [19.68976, 53.30682], [19.68839, 53.30513], [19.68517, 53.30409], [19.68653, 53.30638], [19.68431, 53.3071], [19.6893, 53.30824], [19.68914, 53.31287], [19.68728, 53.31194], [19.68713, 53.31492], [19.69005, 53.33626], [19.67203, 53.3374], [19.65649, 53.34177], [19.64647, 53.34233], [19.64123, 53.3446], [19.61242, 53.33826], [19.61036, 53.3423], [19.60756, 53.34169], [19.59581, 53.3378], [19.59672, 53.33403], [19.58763, 53.3318], [19.56372, 53.33081], [19.51973, 53.33045], [19.51929, 53.33231], [19.52028, 53.33324], [19.52188, 53.33323], [19.52091, 53.3337], [19.52221, 53.33419], [19.52256, 53.33684], [19.5209, 53.33631], [19.5211, 53.33787], [19.5189, 53.33912], [19.52184, 53.33985], [19.52057, 53.34078], [19.52158, 53.34189], [19.52023, 53.34233], [19.52331, 53.34287], [19.52528, 53.34447], [19.52483, 53.34556], [19.52296, 53.34389], [19.52208, 53.3446], [19.52777, 53.34923], [19.52702, 53.35171], [19.52861, 53.35297], [19.52674, 53.35369], [19.52707, 53.35257], [19.52512, 53.35147], [19.52568, 53.35335], [19.52436, 53.35488], [19.52287, 53.35456], [19.52336, 53.35673], [19.52111, 53.35707], [19.52386, 53.35954], [19.5208, 53.35971], [19.51831, 53.35854], [19.51827, 53.36477], [19.51988, 53.37026], [19.51177, 53.37037], [19.50854, 53.37106], [19.50775, 53.36846], [19.49755, 53.36344], [19.48463, 53.36], [19.48144, 53.36034], [19.47857, 53.3622], [19.48187, 53.36737], [19.48182, 53.36836], [19.48026, 53.36828], [19.48202, 53.3704], [19.48148, 53.37144], [19.47808, 53.37156], [19.47596, 53.37006], [19.47319, 53.37163], [19.47004, 53.36993], [19.46648, 53.36994], [19.46558, 53.36538], [19.46288, 53.36478], [19.45799, 53.35969], [19.45575, 53.36027], [19.4538, 53.35958], [19.44685, 53.36089], [19.44084, 53.35888], [19.43426, 53.35776], [19.42877, 53.35924], [19.42733, 53.35991], [19.42793, 53.361], [19.43245, 53.36292], [19.4396, 53.3718], [19.44286, 53.37411], [19.44509, 53.3749], [19.4465, 53.3745], [19.44736, 53.37564], [19.41784, 53.37886], [19.41661, 53.38238], [19.41339, 53.38531], [19.4126, 53.38739], [19.40796, 53.38938], [19.41106, 53.39171], [19.40803, 53.39246], [19.39917, 53.39089], [19.39736, 53.39194], [19.39656, 53.39477], [19.39476, 53.39463], [19.39472, 53.39035], [19.39744, 53.3887], [19.39617, 53.38793], [19.39285, 53.38836], [19.38945, 53.39078], [19.39238, 53.39247], [19.38961, 53.39524], [19.39081, 53.39765], [19.38869, 53.3993], [19.388, 53.40358], [19.38614, 53.40335], [19.38177, 53.40637], [19.38128, 53.40742], [19.38244, 53.40847], [19.3829, 53.40961], [19.3806, 53.41091], [19.36921, 53.41284], [19.36687, 53.41264], [19.36629, 53.41142], [19.36192, 53.41059], [19.35867, 53.40885], [19.3534, 53.40912], [19.35267, 53.40775], [19.34685, 53.40738], [19.34311, 53.40828], [19.32951, 53.40505], [19.32579, 53.40532], [19.3247, 53.40766], [19.31995, 53.41036], [19.30738, 53.41149], [19.30773, 53.40677], [19.29669, 53.40329], [19.29222, 53.39882], [19.2951, 53.39987], [19.29696, 53.40236], [19.30021, 53.40292], [19.30338, 53.40202], [19.30514, 53.40006], [19.30474, 53.39858], [19.2997, 53.39704], [19.3003, 53.3949], [19.29903, 53.39429], [19.29596, 53.39498], [19.29123, 53.38917], [19.29275, 53.38632], [19.29174, 53.38506], [19.28753, 53.3906], [19.27149, 53.39532], [19.25913, 53.39648], [19.25577, 53.40275], [19.25238, 53.40508], [19.24919, 53.40599], [19.24715, 53.40955], [19.24447, 53.41088], [19.23374, 53.41324], [19.23165, 53.41458], [19.23729, 53.4159], [19.23284, 53.41748], [19.2325, 53.42118], [19.2333, 53.42171], [19.23951, 53.41723], [19.24972, 53.42261], [19.25459, 53.43153], [19.24618, 53.43471], [19.24319, 53.44087], [19.24097, 53.441], [19.24101, 53.44172], [19.2427, 53.44191], [19.24217, 53.44312], [19.24567, 53.44403], [19.24168, 53.45302], [19.24649, 53.45526], [19.24364, 53.45937], [19.24393, 53.45784], [19.24149, 53.45744], [19.24101, 53.45662], [19.23793, 53.45675], [19.23868, 53.45536], [19.23753, 53.45538], [19.23411, 53.45307], [19.22965, 53.45252], [19.22878, 53.45357], [19.22583, 53.45314], [19.22432, 53.45663], [19.22653, 53.45673], [19.22468, 53.45861], [19.22644, 53.4598], [19.22587, 53.46115], [19.22909, 53.46159], [19.22907, 53.46306], [19.23022, 53.4634], [19.22954, 53.46409], [19.23123, 53.46545], [19.23664, 53.46753], [19.23505, 53.46984], [19.2326, 53.47127], [19.23359, 53.47177], [19.23269, 53.47195], [19.23073, 53.47683], [19.22324, 53.4804], [19.22412, 53.48473], [19.22528, 53.48642], [19.22649, 53.48638], [19.22582, 53.48854], [19.21573, 53.49389], [19.20585, 53.49666], [19.20131, 53.50015], [19.20157, 53.50249], [19.20011, 53.50425], [19.1971, 53.50505], [19.19513, 53.50682], [19.19565, 53.50834], [19.19394, 53.50778], [19.1892, 53.51156], [19.19166, 53.51409], [19.18948, 53.51532], [19.20174, 53.51914], [19.20185, 53.52092], [19.20428, 53.52308], [19.21074, 53.52471], [19.21884, 53.52426], [19.22, 53.52842], [19.21378, 53.53191], [19.21427, 53.5346], [19.21155, 53.53803], [19.21403, 53.53877], [19.21355, 53.54082], [19.21084, 53.54191], [19.20879, 53.54135], [19.20849, 53.54242], [19.21061, 53.54292], [19.20788, 53.54809], [19.19524, 53.54395], [19.18925, 53.54777], [19.19651, 53.55885], [19.1997, 53.57006], [19.1965, 53.57178], [19.18513, 53.57509], [19.1847, 53.57611], [19.17979, 53.5779], [19.18204, 53.57903], [19.17414, 53.58114], [19.16134, 53.58414], [19.15773, 53.5815], [19.12928, 53.58826], [19.13044, 53.5997], [19.12764, 53.60219], [19.12931, 53.60375], [19.13036, 53.60828], [19.13869, 53.61004], [19.15246, 53.62031], [19.15411, 53.61938], [19.16286, 53.62433], [19.1791, 53.64032], [19.18447, 53.63712], [19.18994, 53.64031], [19.19344, 53.64113], [19.20116, 53.63817], [19.20018, 53.63597], [19.2027, 53.63496], [19.20343, 53.63647], [19.20653, 53.63781], [19.21234, 53.64337], [19.21026, 53.64629], [19.21172, 53.64827], [19.21048, 53.6504], [19.21521, 53.64839], [19.21305, 53.65337], [19.21369, 53.66971], [19.21802, 53.66956], [19.22232, 53.66793], [19.22366, 53.66874], [19.21296, 53.69137], [19.22351, 53.6998], [19.22444, 53.70381], [19.22621, 53.7052], [19.22811, 53.70602], [19.23025, 53.70486], [19.23367, 53.70688], [19.23734, 53.70774], [19.23847, 53.70992], [19.23785, 53.71137], [19.24465, 53.71532], [19.26388, 53.72994], [19.26503, 53.73048], [19.2667, 53.72973], [19.26754, 53.73065], [19.27087, 53.73081], [19.27381, 53.73281], [19.27783, 53.73238], [19.28114, 53.737], [19.28427, 53.73766], [19.28647, 53.74018], [19.28931, 53.73951], [19.28854, 53.74069], [19.29174, 53.74145], [19.29632, 53.74626], [19.29685, 53.74924], [19.29828, 53.74921], [19.30214, 53.75355], [19.30417, 53.75404], [19.30353, 53.75514], [19.30035, 53.75562], [19.30092, 53.76091], [19.29944, 53.76225], [19.30407, 53.76735], [19.29968, 53.76876], [19.29864, 53.7709], [19.29919, 53.77377], [19.30298, 53.77818], [19.29871, 53.7789], [19.30023, 53.78258], [19.30156, 53.78246], [19.3019, 53.78371], [19.30405, 53.7835], [19.30486, 53.78845], [19.30886, 53.78807], [19.30987, 53.79153], [19.31595, 53.7909], [19.31405, 53.79401], [19.30886, 53.79455], [19.31233, 53.80091], [19.30972, 53.80138], [19.31115, 53.80448], [19.32108, 53.8104], [19.32177, 53.81307], [19.32347, 53.81407], [19.33506, 53.81466], [19.34662, 53.81378], [19.34961, 53.81419], [19.35134, 53.81549], [19.35407, 53.81531], [19.35719, 53.81312], [19.36436, 53.81289], [19.36743, 53.81424], [19.36847, 53.8136], [19.37053, 53.8142], [19.43408, 53.80144], [19.4403, 53.79965], [19.45421, 53.79755], [19.45634, 53.79657], [19.45489, 53.79411], [19.45679, 53.79099], [19.45489, 53.78975], [19.45679, 53.78658], [19.45885, 53.78637], [19.45981, 53.78536], [19.46185, 53.78555], [19.46017, 53.78448], [19.46046, 53.78318], [19.46958, 53.7802], [19.47081, 53.77853], [19.47462, 53.77975], [19.47566, 53.77709], [19.47769, 53.77735], [19.48087, 53.77511], [19.4806, 53.77715], [19.48253, 53.78021], [19.47755, 53.78282], [19.4748, 53.78244], [19.4747, 53.78443], [19.47188, 53.78486], [19.50037, 53.80665], [19.47962, 53.81684], [19.51858, 53.84664], [19.51823, 53.84725], [19.51805, 53.84657], [19.51351, 53.84625], [19.51347, 53.84711], [19.51227, 53.84721], [19.51418, 53.85668], [19.51763, 53.85626], [19.52035, 53.86082], [19.5244, 53.86008], [19.52587, 53.86461], [19.5275, 53.86693], [19.52877, 53.86683], [19.5296, 53.86916], [19.52646, 53.86993], [19.52746, 53.87099], [19.53062, 53.87161], [19.53043, 53.8743], [19.53795, 53.87524], [19.53715, 53.87838], [19.53988, 53.87886], [19.5335, 53.8801], [19.53431, 53.88141], [19.53975, 53.88503], [19.54217, 53.88403], [19.54392, 53.88572], [19.54317, 53.88688], [19.5443, 53.88894], [19.552, 53.89364], [19.55394, 53.89638], [19.55707, 53.89777], [19.55486, 53.89836], [19.55818, 53.90581], [19.55913, 53.90991], [19.55739, 53.91026], [19.56074, 53.91942], [19.55589, 53.92571], [19.56557, 53.92588], [19.56547, 53.92691], [19.56799, 53.92698], [19.5676, 53.92802], [19.57355, 53.92833], [19.58134, 53.92706], [19.58207, 53.93958], [19.57985, 53.94005], [19.57674, 53.94313], [19.57479, 53.94373], [19.57761, 53.94779], [19.576, 53.94832], [19.57412, 53.94669], [19.56671, 53.94343], [19.56472, 53.94429], [19.55771, 53.94423], [19.55907, 53.94728], [19.55661, 53.94803], [19.54931, 53.94689], [19.54837, 53.94738], [19.5466, 53.9461], [19.54187, 53.94642], [19.53932, 53.94505], [19.5353, 53.94437], [19.53127, 53.94463], [19.52781, 53.94597], [19.51275, 53.94738], [19.50566, 53.94488], [19.49688, 53.94504], [19.48918, 53.94663], [19.48543, 53.94473], [19.48425, 53.9427], [19.47579, 53.94424], [19.45868, 53.94205], [19.45257, 53.93918], [19.44437, 53.93694], [19.44362, 53.93457], [19.43986, 53.93275], [19.42376, 53.92899], [19.4168, 53.92628], [19.41455, 53.92738], [19.40051, 53.93021], [19.4017, 53.93426], [19.37371, 53.93543], [19.36887, 53.93803], [19.37237, 53.94617], [19.37232, 53.94911], [19.37083, 53.9545], [19.36587, 53.96079], [19.37283, 53.97265], [19.3778, 53.98487], [19.38508, 53.99074], [19.41073, 53.9994], [19.40457, 54.00247], [19.40223, 54.00079], [19.39569, 54.00289], [19.39324, 54.00083], [19.39005, 54.00189], [19.38905, 54.00067], [19.37201, 54.00193], [19.36824, 54.00385], [19.36671, 54.00596], [19.3602, 54.00452], [19.3249, 54.02013], [19.32007, 54.02714], [19.29295, 54.02476], [19.28889, 54.01638], [19.28509, 54.01384], [19.27884, 54.01289], [19.27285, 54.01644], [19.27238, 54.01757], [19.27108, 54.0175], [19.27146, 54.02377], [19.26848, 54.02409], [19.2665, 54.02749], [19.26233, 54.02945], [19.25804, 54.03518], [19.26589, 54.03689], [19.2714, 54.04189], [19.28221, 54.04172], [19.27855, 54.04864], [19.27457, 54.05321], [19.26677, 54.05084], [19.23767, 54.06485], [19.23294, 54.06407], [19.22895, 54.06528], [19.22973, 54.06586], [19.22072, 54.06952], [19.22537, 54.07709], [19.23846, 54.08074], [19.25354, 54.08373], [19.25562, 54.08578], [19.23162, 54.11208], [19.22683, 54.11474], [19.21728, 54.11557], [19.21772, 54.11682], [19.22252, 54.11993], [19.23798, 54.12689], [19.24256, 54.13236], [19.24712, 54.14072], [19.25781, 54.15123], [19.25702, 54.15487], [19.25813, 54.1552], [19.25608, 54.15744], [19.25387, 54.15821], [19.25552, 54.15823], [19.25505, 54.15883], [19.2489, 54.15999], [19.24675, 54.1614], [19.247, 54.16716], [19.25389, 54.16989], [19.25608, 54.17184], [19.254, 54.17207], [19.25873, 54.17541], [19.27402, 54.17992], [19.28529, 54.18648], [19.29378, 54.1875], [19.29883, 54.18887], [19.31357, 54.18913], [19.318, 54.19036], [19.32275, 54.19369], [19.32627, 54.20208], [19.32645, 54.20623], [19.32471, 54.21006], [19.31412, 54.21902], [19.31427, 54.22145], [19.31746, 54.22573], [19.30473, 54.23481], [19.29978, 54.24639], [19.29667, 54.24857], [19.29235, 54.25015], [19.28877, 54.25484], [19.28106, 54.25638], [19.27608, 54.25859], [19.27227, 54.26243], [19.2653, 54.26546], [19.25893, 54.26699], [19.25343, 54.27028], [19.25833, 54.28167], [19.29083, 54.29917], [19.415, 54.32012], [19.49567, 54.34567], [19.63571, 54.39224], [19.64874, 54.45327], [19.8103, 54.44193], [19.81148, 54.4423], [19.89074, 54.43532], [19.89723, 54.43411], [19.93512, 54.43155], [20.00739, 54.42474], [20.05127, 54.42318], [20.06068, 54.42179], [20.06911, 54.42215], [20.17291, 54.41358], [20.22099, 54.40876], [20.24192, 54.40815], [20.28617, 54.40421], [20.33202, 54.40115], [20.36107, 54.39586], [20.36562, 54.39608], [20.38167, 54.39385], [20.40336, 54.39286], [20.43846, 54.38794], [20.46748, 54.38623], [20.47171, 54.38526], [20.48251, 54.38481], [20.48811, 54.38358], [20.5055, 54.38271], [20.51514, 54.38061], [20.53593, 54.38089], [20.58396, 54.37802], [20.61288, 54.37269], [20.61689, 54.37255], [20.62239, 54.37101], [20.63107, 54.36631], [20.64811, 54.37118], [20.69286, 54.37211], [20.71749, 54.36923], [20.72895, 54.36872], [20.74084, 54.36928], [20.7525, 54.3674], [20.81844, 54.36001], [20.84847, 54.36069], [20.85564, 54.35938], [20.88737, 54.35844], [20.89472, 54.35756], [20.89918, 54.3582], [20.92596, 54.35643], [20.95134, 54.35713], [20.95816, 54.35464], [21.00669, 54.35362], [21.03808, 54.34859], [21.06209, 54.34795], [21.08296, 54.34635], [21.08979, 54.34727], [21.09879, 54.34674], [21.14323, 54.34255], [21.16412, 54.3373], [21.19673, 54.33778], [21.26129, 54.3292], [21.27439, 54.32839], [21.29059, 54.33232], [21.30286, 54.33354], [21.32387, 54.32936], [21.33751, 54.33056], [21.35113, 54.32985], [21.35704, 54.33117], [21.37947, 54.33105], [21.39353, 54.32792], [21.4143, 54.32622], [21.43368, 54.3269], [21.43703, 54.32617], [21.44124, 54.32145], [21.44611, 54.31822], [21.46775, 54.32001], [21.49583, 54.32397], [21.51381, 54.32404], [21.52875, 54.32542], [21.55282, 54.32521], [21.55322, 54.32286], [21.57019, 54.32202], [21.57357, 54.32536], [21.57742, 54.32555], [21.63492, 54.32741], [21.6469, 54.32654], [21.67672, 54.3268], [21.74453, 54.33014], [21.79711, 54.33179], [21.85058, 54.33128], [21.85587, 54.33204], [21.8997, 54.33271], [21.91346, 54.33371], [21.96968, 54.33271], [21.99497, 54.33557], [22.01019, 54.33622], [22.06131, 54.33563], [22.09725, 54.33741], [22.12107, 54.33636], [22.15279, 54.33657], [22.17593, 54.3381], [22.17948, 54.3372], [22.18153, 54.33846], [22.22571, 54.34377], [22.22924, 54.3405], [22.23197, 54.34028], [22.23628, 54.34168], [22.23881, 54.34173], [22.24339, 54.34088], [22.26008, 54.34058], [22.30895, 54.3414], [22.31878, 54.34052], [22.31977, 54.34294], [22.32925, 54.34454], [22.33076, 54.34331], [22.38251, 54.34468], [22.3908, 54.3457], [22.40525, 54.34612], [22.41797, 54.34742], [22.42179, 54.34846], [22.43446, 54.34627], [22.43754, 54.34757], [22.44691, 54.34868], [22.46431, 54.34898], [22.46864, 54.34839], [22.49078, 54.34949], [22.52808, 54.34919], [22.5367, 54.35077], [22.53857, 54.35038], [22.55951, 54.35185], [22.57135, 54.35387], [22.59274, 54.35408], [22.59636, 54.35354], [22.61655, 54.35568], [22.6233, 54.35579], [22.62664, 54.35493], [22.64155, 54.35377], [22.66044, 54.35555], [22.66888, 54.35821], [22.6806, 54.36024], [22.70985, 54.36174], [22.72386, 54.36085], [22.785, 54.36378], [22.792, 54.36332], [22.80132, 54.35191], [22.80614, 54.34962], [22.80299, 54.34099], [22.79697, 54.33963], [22.78179, 54.33337], [22.7765, 54.32802], [22.78602, 54.3282], [22.78565, 54.32725], [22.78707, 54.32596], [22.78836, 54.32584], [22.78888, 54.32687], [22.79028, 54.32594], [22.79154, 54.32652], [22.79534, 54.32493], [22.7949, 54.32372], [22.79229, 54.32339], [22.7888, 54.31111], [22.78509, 54.31094], [22.784, 54.30583], [22.78624, 54.30484], [22.78695, 54.30172], [22.78924, 54.30191], [22.79, 54.29989], [22.77914, 54.29357], [22.77723, 54.29485], [22.768, 54.28944], [22.76143, 54.29459], [22.75607, 54.29736], [22.7513, 54.29816], [22.74566, 54.29121], [22.72775, 54.28438], [22.7036, 54.27933], [22.70043, 54.27716], [22.69839, 54.27784], [22.69445, 54.27545], [22.67952, 54.27927], [22.6685, 54.28056], [22.6665, 54.28167], [22.66396, 54.28185], [22.66159, 54.28371], [22.6518, 54.2856], [22.64469, 54.28785], [22.64051, 54.28571], [22.63757, 54.28149], [22.63472, 54.28011], [22.62544, 54.26951], [22.61533, 54.26399], [22.615, 54.2621], [22.6107, 54.25992], [22.57978, 54.26515], [22.57603, 54.26715], [22.57936, 54.25828], [22.56875, 54.25844], [22.5627, 54.25195], [22.56602, 54.24984], [22.55897, 54.24741], [22.55712, 54.2498], [22.55231, 54.24927], [22.55273, 54.2514], [22.53208, 54.24912], [22.52744, 54.2346], [22.52779, 54.22935], [22.52401, 54.22979], [22.5149, 54.22426], [22.51719, 54.22171], [22.51717, 54.21936], [22.51901, 54.2186], [22.51831, 54.2175], [22.51613, 54.2166], [22.51454, 54.21682], [22.51014, 54.22023], [22.50593, 54.21786], [22.49235, 54.2144], [22.49737, 54.21051], [22.49424, 54.20923], [22.4949, 54.20883], [22.48818, 54.20653], [22.4839, 54.20807], [22.48296, 54.2054], [22.48387, 54.20281], [22.48153, 54.20244], [22.48132, 54.2017], [22.48032, 54.20229], [22.47656, 54.20131], [22.4784, 54.19942], [22.48422, 54.19962], [22.48821, 54.19368], [22.48936, 54.1943], [22.50344, 54.19334], [22.50448, 54.18969], [22.50769, 54.19118], [22.51034, 54.19082], [22.5091, 54.18903], [22.50994, 54.1872], [22.503, 54.18711], [22.50062, 54.18645], [22.50378, 54.18047], [22.50784, 54.1756], [22.51318, 54.17404], [22.51595, 54.17193], [22.51907, 54.16772], [22.51802, 54.1638], [22.5191, 54.16126], [22.52663, 54.16179], [22.52589, 54.16007], [22.52745, 54.15969], [22.53337, 54.16106], [22.53435, 54.16002], [22.53686, 54.1604], [22.53795, 54.15904], [22.53666, 54.15882], [22.53565, 54.15632], [22.53377, 54.15524], [22.53772, 54.15496], [22.53543, 54.15292], [22.5389, 54.14782], [22.54536, 54.14847], [22.54613, 54.14764], [22.54617, 54.14534], [22.5447, 54.14384], [22.54713, 54.13773], [22.58083, 54.142], [22.57899, 54.14366], [22.57824, 54.14647], [22.59141, 54.15065], [22.59373, 54.14118], [22.60193, 54.13652], [22.60817, 54.12504], [22.61285, 54.12013], [22.62011, 54.11485], [22.62051, 54.11289], [22.6361, 54.1079], [22.63729, 54.09765], [22.63516, 54.09605], [22.63546, 54.09302], [22.63235, 54.09221], [22.63049, 54.09276], [22.62501, 54.09188], [22.62396, 54.09115], [22.62463, 54.0884], [22.62338, 54.08695], [22.61557, 54.08561], [22.61105, 54.08558], [22.60384, 54.08194], [22.60472, 54.07381], [22.60192, 54.07093], [22.60163, 54.06817], [22.59687, 54.06655]]]}}, {"type": "Feature", "properties": {"kod": "30", "nazwa": "wielkopolskie"}, "geometry": {"type": "Polygon", "coordinates": [[[17.51673, 52.67421], [17.52444, 52.67255], [17.52361, 52.67812], [17.52731, 52.68146], [17.54617, 52.69088], [17.54692, 52.68981], [17.55387, 52.68946], [17.55744, 52.68818], [17.56688, 52.69286], [17.57435, 52.69165], [17.57557, 52.69439], [17.57792, 52.69463], [17.57715, 52.69797], [17.57882, 52.69976], [17.57908, 52.705], [17.59428, 52.70449], [17.60036, 52.70513], [17.61401, 52.70297], [17.61912, 52.70635], [17.62766, 52.70819], [17.62953, 52.70529], [17.63144, 52.70425], [17.63153, 52.70153], [17.64044, 52.69235], [17.64291, 52.69316], [17.64194, 52.69154], [17.64275, 52.69101], [17.64676, 52.69132], [17.64772, 52.69043], [17.64419, 52.6881], [17.6438, 52.68652], [17.63954, 52.68242], [17.63723, 52.68216], [17.63722, 52.68129], [17.63186, 52.67942], [17.63102, 52.67823], [17.6322, 52.67678], [17.63038, 52.67322], [17.63608, 52.67129], [17.63865, 52.66339], [17.6302, 52.65493], [17.63386, 52.65263], [17.63515, 52.65071], [17.63507, 52.64993], [17.63359, 52.64967], [17.63452, 52.64713], [17.63812, 52.64853], [17.64655, 52.6448], [17.67753, 52.64855], [17.68158, 52.65071], [17.68166, 52.64714], [17.67667, 52.6441], [17.67539, 52.6402], [17.67773, 52.63751], [17.67756, 52.63571], [17.67913, 52.63382], [17.67818, 52.63294], [17.67989, 52.63163], [17.67938, 52.63036], [17.68238, 52.62506], [17.68242, 52.62377], [17.67694, 52.61951], [17.67769, 52.61928], [17.6762, 52.61798], [17.67676, 52.6172], [17.6757, 52.61725], [17.67485, 52.61596], [17.67652, 52.61516], [17.67699, 52.60678], [17.67618, 52.60513], [17.67806, 52.6024], [17.68516, 52.60244], [17.68744, 52.60166], [17.68971, 52.60213], [17.6912, 52.60559], [17.69438, 52.60725], [17.69343, 52.60774], [17.69464, 52.6091], [17.6954, 52.60947], [17.69486, 52.60843], [17.69663, 52.60931], [17.69631, 52.61059], [17.69956, 52.61258], [17.69929, 52.61325], [17.70231, 52.61354], [17.70214, 52.61552], [17.70329, 52.61629], [17.70523, 52.61485], [17.70472, 52.61279], [17.70103, 52.61156], [17.69939, 52.60982], [17.70162, 52.60874], [17.70112, 52.60714], [17.70263, 52.60444], [17.70399, 52.60384], [17.70608, 52.60858], [17.71359, 52.615], [17.7191, 52.6173], [17.72371, 52.62101], [17.7381, 52.62727], [17.74059, 52.6297], [17.74911, 52.6325], [17.74601, 52.63531], [17.74451, 52.64252], [17.74204, 52.64194], [17.73699, 52.63897], [17.73802, 52.638], [17.73334, 52.63576], [17.73121, 52.63685], [17.72922, 52.63603], [17.72638, 52.63612], [17.72381, 52.63309], [17.72121, 52.63311], [17.72032, 52.63638], [17.71558, 52.63969], [17.73079, 52.64605], [17.73586, 52.6503], [17.7495, 52.65119], [17.75178, 52.65257], [17.75833, 52.65396], [17.76087, 52.65688], [17.7653, 52.6556], [17.7616, 52.6508], [17.76292, 52.65048], [17.76272, 52.64978], [17.76045, 52.64949], [17.76654, 52.63851], [17.76459, 52.63795], [17.76263, 52.64026], [17.75997, 52.63942], [17.75905, 52.63741], [17.761, 52.63419], [17.76835, 52.63594], [17.77713, 52.63633], [17.77807, 52.63691], [17.77871, 52.63881], [17.77761, 52.64], [17.78028, 52.64856], [17.78566, 52.65161], [17.79004, 52.64914], [17.79414, 52.64994], [17.80269, 52.64689], [17.81365, 52.64456], [17.81669, 52.64126], [17.81834, 52.64096], [17.82701, 52.64263], [17.82885, 52.63644], [17.825, 52.63586], [17.8255, 52.63453], [17.84471, 52.62819], [17.85194, 52.62943], [17.86206, 52.62988], [17.8713, 52.63168], [17.87683, 52.63388], [17.8774, 52.63027], [17.87649, 52.62857], [17.8955, 52.6174], [17.90138, 52.61162], [17.9057, 52.61067], [17.909, 52.61199], [17.90942, 52.61125], [17.91472, 52.61282], [17.91555, 52.61239], [17.91453, 52.61102], [17.91239, 52.6105], [17.90893, 52.60808], [17.91027, 52.60097], [17.90785, 52.59512], [17.9094, 52.59459], [17.9127, 52.59504], [17.91977, 52.5988], [17.92125, 52.59834], [17.91587, 52.59469], [17.9076, 52.59322], [17.90338, 52.58786], [17.90045, 52.58641], [17.90149, 52.58565], [17.90512, 52.58553], [17.90439, 52.58326], [17.91208, 52.58255], [17.91173, 52.58106], [17.91812, 52.58042], [17.91638, 52.57562], [17.92513, 52.57403], [17.92458, 52.57205], [17.93273, 52.57125], [17.93125, 52.57521], [17.93197, 52.57907], [17.92939, 52.58056], [17.92875, 52.58382], [17.93351, 52.58766], [17.93737, 52.58764], [17.93559, 52.58513], [17.93293, 52.5842], [17.93252, 52.58255], [17.94643, 52.57817], [17.94612, 52.56878], [17.95478, 52.56834], [17.95522, 52.57023], [17.96007, 52.56996], [17.96124, 52.57053], [17.9596, 52.57537], [17.97022, 52.57552], [17.96981, 52.56901], [17.97223, 52.56908], [17.97209, 52.56731], [17.96493, 52.5666], [17.96472, 52.5653], [17.96772, 52.56536], [17.97433, 52.56294], [17.97626, 52.5677], [17.98257, 52.5671], [17.98118, 52.56451], [17.98355, 52.56431], [17.9859, 52.56823], [17.98436, 52.57275], [17.98572, 52.57527], [17.98471, 52.57709], [17.98646, 52.5776], [17.99049, 52.57039], [17.99038, 52.56626], [17.99156, 52.56381], [17.98768, 52.55695], [17.98541, 52.55538], [17.98542, 52.55467], [17.98779, 52.55435], [17.9872, 52.55339], [17.99007, 52.54985], [17.98755, 52.54568], [17.98741, 52.54317], [17.99323, 52.54281], [17.99454, 52.54375], [17.99463, 52.54175], [17.99713, 52.54192], [17.99773, 52.54137], [17.99821, 52.54211], [17.99895, 52.54636], [17.99802, 52.55083], [18.00255, 52.55497], [18.02275, 52.55505], [18.03138, 52.55191], [18.03132, 52.55083], [18.03431, 52.54951], [18.04904, 52.54695], [18.05161, 52.54723], [18.05102, 52.54482], [18.05948, 52.54278], [18.05905, 52.54778], [18.06268, 52.54756], [18.06444, 52.55178], [18.07724, 52.55157], [18.08209, 52.55267], [18.08786, 52.55164], [18.09539, 52.55312], [18.10538, 52.54451], [18.10682, 52.53855], [18.10514, 52.53844], [18.10343, 52.53706], [18.10126, 52.53699], [18.10016, 52.53309], [18.09618, 52.53314], [18.09173, 52.53161], [18.09243, 52.52417], [18.0905, 52.52224], [18.09047, 52.52043], [18.1063, 52.51375], [18.12422, 52.51636], [18.12448, 52.51348], [18.12307, 52.51067], [18.12498, 52.50712], [18.12678, 52.50656], [18.13056, 52.50719], [18.13607, 52.50496], [18.1382, 52.5049], [18.14007, 52.506], [18.14256, 52.50582], [18.14548, 52.5077], [18.15007, 52.50718], [18.15478, 52.50946], [18.15933, 52.50916], [18.16668, 52.50662], [18.18274, 52.5037], [18.19871, 52.50479], [18.2026, 52.50064], [18.19977, 52.49315], [18.20016, 52.48631], [18.20458, 52.48317], [18.21146, 52.48378], [18.22029, 52.48271], [18.22122, 52.48404], [18.23474, 52.48508], [18.24115, 52.48801], [18.25649, 52.48346], [18.26, 52.48117], [18.26635, 52.48633], [18.27188, 52.48693], [18.27556, 52.49143], [18.29464, 52.49987], [18.2964, 52.50017], [18.2994, 52.49933], [18.30131, 52.50218], [18.30416, 52.50328], [18.30622, 52.50284], [18.33461, 52.51772], [18.34118, 52.52074], [18.34535, 52.52177], [18.34597, 52.52351], [18.34295, 52.52652], [18.3432, 52.52807], [18.33994, 52.53046], [18.33911, 52.53338], [18.33982, 52.53751], [18.34439, 52.53904], [18.3524, 52.54337], [18.37486, 52.53725], [18.37715, 52.53746], [18.37661, 52.53627], [18.38595, 52.53197], [18.38469, 52.52974], [18.38803, 52.52687], [18.38684, 52.5236], [18.38328, 52.52241], [18.37588, 52.50386], [18.38519, 52.48665], [18.38701, 52.48492], [18.38443, 52.48261], [18.38561, 52.48096], [18.38401, 52.47825], [18.38444, 52.4751], [18.38722, 52.47423], [18.38699, 52.47198], [18.39036, 52.4714], [18.39006, 52.47056], [18.39167, 52.47022], [18.39536, 52.47292], [18.39996, 52.47411], [18.40348, 52.47034], [18.40528, 52.47036], [18.40499, 52.47285], [18.40793, 52.47161], [18.40897, 52.47304], [18.41966, 52.47318], [18.42021, 52.4763], [18.4229, 52.47953], [18.43225, 52.47985], [18.43621, 52.47906], [18.44105, 52.48074], [18.44726, 52.47886], [18.44902, 52.47754], [18.46346, 52.47658], [18.46692, 52.48163], [18.46631, 52.48491], [18.46386, 52.48689], [18.4622, 52.49044], [18.47253, 52.48948], [18.47349, 52.49203], [18.48631, 52.49811], [18.48463, 52.5007], [18.48554, 52.50282], [18.49052, 52.50477], [18.49246, 52.50317], [18.49769, 52.50226], [18.52557, 52.49945], [18.52955, 52.49746], [18.53227, 52.49701], [18.53043, 52.494], [18.53322, 52.49152], [18.5397, 52.49094], [18.5393, 52.48714], [18.53739, 52.48666], [18.53575, 52.48334], [18.53895, 52.48268], [18.53828, 52.48123], [18.53951, 52.48122], [18.54261, 52.48572], [18.54776, 52.48404], [18.55559, 52.48514], [18.55779, 52.48514], [18.55958, 52.48419], [18.56151, 52.47881], [18.56181, 52.47289], [18.5627, 52.47298], [18.56015, 52.46333], [18.57406, 52.46518], [18.57379, 52.464], [18.58896, 52.46156], [18.59005, 52.46808], [18.59276, 52.46947], [18.59621, 52.46672], [18.60247, 52.46385], [18.60869, 52.45546], [18.62572, 52.45572], [18.6368, 52.45322], [18.642, 52.45339], [18.65018, 52.45027], [18.64931, 52.44941], [18.65074, 52.4469], [18.65025, 52.44022], [18.64874, 52.43947], [18.65109, 52.43756], [18.65095, 52.43578], [18.65413, 52.43342], [18.6573, 52.42624], [18.65799, 52.42185], [18.66964, 52.42418], [18.67007, 52.42153], [18.67687, 52.42324], [18.68427, 52.42836], [18.68482, 52.42805], [18.67706, 52.41756], [18.68322, 52.40962], [18.6795, 52.40068], [18.69606, 52.39978], [18.71197, 52.40082], [18.71364, 52.39897], [18.71501, 52.39882], [18.71818, 52.39357], [18.71697, 52.39261], [18.71833, 52.38999], [18.72064, 52.3904], [18.72025, 52.38885], [18.72174, 52.38969], [18.72462, 52.38853], [18.72657, 52.3842], [18.73202, 52.38032], [18.73255, 52.37362], [18.73992, 52.37359], [18.73924, 52.36919], [18.74351, 52.36624], [18.74239, 52.36471], [18.74699, 52.36414], [18.74757, 52.36268], [18.75323, 52.36342], [18.75456, 52.36131], [18.75311, 52.35982], [18.75293, 52.35324], [18.75113, 52.34632], [18.75342, 52.34495], [18.75182, 52.34159], [18.75216, 52.33814], [18.75579, 52.33178], [18.76129, 52.33352], [18.75894, 52.33608], [18.76014, 52.33645], [18.76646, 52.33603], [18.77225, 52.33284], [18.77407, 52.33299], [18.77342, 52.33379], [18.77855, 52.33439], [18.78042, 52.34196], [18.78724, 52.34198], [18.81422, 52.35237], [18.81914, 52.34742], [18.82445, 52.34822], [18.82776, 52.3437], [18.8304, 52.34521], [18.83193, 52.3452], [18.83218, 52.34388], [18.83559, 52.34313], [18.84006, 52.34587], [18.843, 52.34516], [18.85136, 52.34871], [18.85553, 52.34839], [18.85582, 52.34919], [18.85851, 52.35015], [18.85884, 52.35157], [18.86104, 52.35137], [18.86032, 52.35224], [18.86275, 52.35482], [18.86979, 52.36008], [18.87408, 52.36032], [18.87752, 52.36321], [18.87998, 52.36379], [18.88386, 52.36129], [18.88975, 52.35949], [18.88906, 52.36086], [18.89288, 52.36315], [18.89702, 52.36373], [18.89961, 52.36331], [18.90086, 52.36392], [18.90476, 52.3632], [18.90674, 52.36532], [18.91251, 52.36623], [18.91237, 52.36993], [18.91042, 52.37278], [18.91114, 52.37605], [18.91024, 52.37831], [18.91744, 52.37704], [18.92055, 52.37577], [18.9269, 52.3768], [18.93006, 52.3783], [18.9277, 52.379], [18.92628, 52.38143], [18.92771, 52.38255], [18.92392, 52.38795], [18.92085, 52.39887], [18.92442, 52.39989], [18.93161, 52.39383], [18.94084, 52.39155], [18.94016, 52.38974], [18.94457, 52.38466], [18.95284, 52.37907], [18.96462, 52.37739], [18.96933, 52.37784], [18.97535, 52.375], [18.97686, 52.3707], [18.97355, 52.3699], [18.97999, 52.36455], [18.96693, 52.3612], [18.96945, 52.35533], [18.98223, 52.3565], [18.99934, 52.35296], [19.00806, 52.34932], [19.00532, 52.33984], [19.01331, 52.33944], [19.02001, 52.33785], [19.02901, 52.33209], [19.03256, 52.33334], [19.04164, 52.33349], [19.04712, 52.3328], [19.04744, 52.32632], [19.04501, 52.31847], [19.03124, 52.31796], [19.03069, 52.31591], [19.03636, 52.31534], [19.03855, 52.2993], [19.04566, 52.29567], [19.04188, 52.29094], [19.03796, 52.27991], [19.03015, 52.27313], [19.03117, 52.26995], [19.0448, 52.27119], [19.05021, 52.27339], [19.05501, 52.27353], [19.06076, 52.27191], [19.07435, 52.27338], [19.07434, 52.27185], [19.07679, 52.27076], [19.08145, 52.27095], [19.08323, 52.26995], [19.08716, 52.26937], [19.08764, 52.27017], [19.09479, 52.27062], [19.10031, 52.26592], [19.10144, 52.24933], [19.10404, 52.24614], [19.105, 52.24155], [19.10243, 52.24253], [19.09577, 52.24146], [19.09598, 52.24019], [19.08046, 52.23848], [19.07993, 52.23075], [19.07367, 52.23022], [19.0709, 52.22837], [19.07328, 52.22281], [19.0783, 52.22331], [19.07877, 52.22208], [19.08229, 52.22271], [19.08975, 52.20681], [19.07764, 52.20011], [19.05245, 52.21263], [19.02019, 52.21536], [18.99955, 52.21115], [18.99218, 52.21446], [18.98091, 52.20765], [18.97515, 52.20649], [18.97196, 52.20723], [18.9721, 52.20591], [18.96986, 52.20586], [18.97028, 52.20258], [18.96609, 52.20245], [18.96569, 52.20576], [18.96472, 52.20575], [18.96511, 52.20242], [18.96409, 52.20236], [18.96364, 52.20642], [18.95104, 52.1954], [18.94325, 52.1994], [18.94012, 52.19746], [18.93058, 52.19922], [18.92774, 52.19555], [18.92404, 52.19628], [18.91822, 52.18597], [18.91726, 52.17686], [18.91566, 52.17309], [18.91564, 52.1608], [18.90996, 52.15577], [18.90868, 52.15255], [18.90837, 52.14645], [18.91113, 52.13274], [18.91277, 52.13024], [18.91935, 52.12889], [18.93157, 52.12324], [18.93382, 52.1235], [18.93583, 52.12563], [18.94246, 52.12789], [18.94334, 52.12466], [18.94714, 52.12478], [18.94977, 52.11941], [18.94401, 52.10334], [18.9399, 52.10107], [18.93545, 52.10371], [18.93076, 52.10436], [18.92919, 52.09509], [18.9301, 52.09378], [18.92509, 52.07926], [18.91837, 52.07936], [18.91827, 52.07813], [18.91571, 52.07808], [18.91399, 52.07988], [18.91195, 52.0797], [18.91232, 52.08041], [18.90516, 52.07963], [18.90411, 52.0801], [18.90501, 52.08103], [18.90427, 52.08237], [18.90034, 52.08392], [18.8992, 52.08284], [18.89674, 52.08271], [18.89489, 52.08097], [18.88688, 52.08108], [18.88554, 52.07998], [18.88057, 52.08321], [18.87732, 52.08334], [18.87672, 52.08506], [18.8738, 52.08435], [18.87268, 52.08587], [18.87138, 52.08423], [18.87022, 52.08533], [18.8706, 52.0867], [18.86864, 52.08625], [18.86677, 52.08753], [18.86559, 52.08574], [18.86428, 52.08598], [18.86437, 52.08718], [18.8623, 52.08687], [18.86252, 52.0859], [18.86111, 52.08686], [18.86067, 52.08587], [18.85898, 52.0868], [18.85811, 52.086], [18.85688, 52.08662], [18.85626, 52.08579], [18.85171, 52.08525], [18.85342, 52.08135], [18.84208, 52.0802], [18.83988, 52.07175], [18.82781, 52.06419], [18.8194, 52.06514], [18.8193, 52.06989], [18.81549, 52.07115], [18.81479, 52.06836], [18.81202, 52.06719], [18.80309, 52.06574], [18.79649, 52.06326], [18.79514, 52.06138], [18.78657, 52.06093], [18.77209, 52.06439], [18.77012, 52.06589], [18.7636, 52.06756], [18.76025, 52.07178], [18.75277, 52.07498], [18.75273, 52.07651], [18.7238, 52.06483], [18.72324, 52.06623], [18.71786, 52.06571], [18.72027, 52.06373], [18.71941, 52.05978], [18.72248, 52.05469], [18.71805, 52.04835], [18.71661, 52.04359], [18.71912, 52.03889], [18.71808, 52.03649], [18.71609, 52.03525], [18.7156, 52.03273], [18.7272, 52.02134], [18.73026, 52.01432], [18.72601, 52.01306], [18.72668, 52.01111], [18.73039, 52.00742], [18.73075, 52.00434], [18.73473, 52.00271], [18.71756, 51.99499], [18.71711, 51.9929], [18.71988, 51.99174], [18.71888, 51.99109], [18.72047, 51.99106], [18.71986, 51.99027], [18.72184, 51.9902], [18.72288, 51.98881], [18.72194, 51.98913], [18.72139, 51.98852], [18.72463, 51.98741], [18.72374, 51.98719], [18.72478, 51.98641], [18.72584, 51.98652], [18.7251, 51.98573], [18.7305, 51.98532], [18.72991, 51.98294], [18.73333, 51.97949], [18.73214, 51.97725], [18.73325, 51.9748], [18.73315, 51.96824], [18.71567, 51.97022], [18.71496, 51.96825], [18.7239, 51.95718], [18.72838, 51.95794], [18.72984, 51.95468], [18.73818, 51.96271], [18.74167, 51.95705], [18.74016, 51.9566], [18.74122, 51.95082], [18.73622, 51.94463], [18.74158, 51.94515], [18.7434, 51.94358], [18.74439, 51.94021], [18.74308, 51.93938], [18.74246, 51.9371], [18.76795, 51.92784], [18.76466, 51.92378], [18.75783, 51.91841], [18.75427, 51.9131], [18.75018, 51.91074], [18.74856, 51.90731], [18.73676, 51.90097], [18.73923, 51.89896], [18.73542, 51.89555], [18.74035, 51.89394], [18.74042, 51.89304], [18.73636, 51.89214], [18.73383, 51.88888], [18.73057, 51.88731], [18.73018, 51.8862], [18.72861, 51.88626], [18.72491, 51.88066], [18.72117, 51.88068], [18.72326, 51.87965], [18.72164, 51.87756], [18.72058, 51.87761], [18.72097, 51.87346], [18.72205, 51.8735], [18.72325, 51.87207], [18.7158, 51.87033], [18.71383, 51.87066], [18.71284, 51.86932], [18.70875, 51.87108], [18.69683, 51.86569], [18.69869, 51.85685], [18.69817, 51.85462], [18.70098, 51.85295], [18.69993, 51.8502], [18.69682, 51.85057], [18.69466, 51.84982], [18.69542, 51.84843], [18.69949, 51.84861], [18.69275, 51.84506], [18.69424, 51.84247], [18.6921, 51.84099], [18.69127, 51.83895], [18.69265, 51.83695], [18.69084, 51.83407], [18.69106, 51.83184], [18.69005, 51.83184], [18.68851, 51.83368], [18.68664, 51.83292], [18.68905, 51.83111], [18.69049, 51.8285], [18.6885, 51.82663], [18.68971, 51.82423], [18.68857, 51.82248], [18.68448, 51.82079], [18.67918, 51.82227], [18.67721, 51.82364], [18.67235, 51.82469], [18.67074, 51.8236], [18.66912, 51.82384], [18.66784, 51.82441], [18.66871, 51.82496], [18.66648, 51.82535], [18.66543, 51.8265], [18.65947, 51.8267], [18.65922, 51.82576], [18.65617, 51.82586], [18.65636, 51.82652], [18.64868, 51.82676], [18.6425, 51.8339], [18.63063, 51.83072], [18.6132, 51.83441], [18.61051, 51.83934], [18.60154, 51.84419], [18.6, 51.84594], [18.59468, 51.84805], [18.58871, 51.84617], [18.58008, 51.84589], [18.56667, 51.8442], [18.55969, 51.84445], [18.5598, 51.8456], [18.54996, 51.84543], [18.54637, 51.84292], [18.54102, 51.84306], [18.53806, 51.84151], [18.53496, 51.84173], [18.53484, 51.83917], [18.53364, 51.83906], [18.53446, 51.83596], [18.52344, 51.83444], [18.51725, 51.83508], [18.51554, 51.83419], [18.50992, 51.84209], [18.51046, 51.85063], [18.50717, 51.85428], [18.49414, 51.85267], [18.49406, 51.85135], [18.48701, 51.85042], [18.4869, 51.84934], [18.47201, 51.85105], [18.46864, 51.84507], [18.47142, 51.84216], [18.4713, 51.84111], [18.46943, 51.83894], [18.4644, 51.83778], [18.46382, 51.83455], [18.4671, 51.83172], [18.46286, 51.83142], [18.46269, 51.82978], [18.46701, 51.82955], [18.46762, 51.82576], [18.47196, 51.81989], [18.46482, 51.82121], [18.45655, 51.82498], [18.44776, 51.82707], [18.44138, 51.82647], [18.43926, 51.82482], [18.44255, 51.81745], [18.44112, 51.80938], [18.4435, 51.80579], [18.44217, 51.80318], [18.44428, 51.7985], [18.43741, 51.79768], [18.4383, 51.79449], [18.43687, 51.79362], [18.42601, 51.79242], [18.42582, 51.79493], [18.42909, 51.80157], [18.4244, 51.80062], [18.42432, 51.7928], [18.4093, 51.79167], [18.41213, 51.78799], [18.41654, 51.78502], [18.42016, 51.77942], [18.42535, 51.77751], [18.42627, 51.77361], [18.42928, 51.77324], [18.42947, 51.76937], [18.43219, 51.7653], [18.42992, 51.75718], [18.42155, 51.75794], [18.42004, 51.75677], [18.4172, 51.7485], [18.40273, 51.75043], [18.40504, 51.74659], [18.41537, 51.74531], [18.42015, 51.74145], [18.42348, 51.73592], [18.42081, 51.72679], [18.41557, 51.72721], [18.41548, 51.72583], [18.40819, 51.72659], [18.40706, 51.7263], [18.40668, 51.72373], [18.40105, 51.72386], [18.40044, 51.72224], [18.40265, 51.72019], [18.41021, 51.7161], [18.41143, 51.71153], [18.40955, 51.70593], [18.41093, 51.70607], [18.41185, 51.70496], [18.41371, 51.70455], [18.41193, 51.70054], [18.40582, 51.70092], [18.40341, 51.70013], [18.39297, 51.70135], [18.39633, 51.6987], [18.39688, 51.69576], [18.38794, 51.69547], [18.38541, 51.69461], [18.37885, 51.68923], [18.38011, 51.68644], [18.37977, 51.68435], [18.36614, 51.68247], [18.36204, 51.6797], [18.35787, 51.67249], [18.35531, 51.66053], [18.37004, 51.65684], [18.37277, 51.65547], [18.37218, 51.65464], [18.37597, 51.65421], [18.38085, 51.65232], [18.38134, 51.65079], [18.38014, 51.64944], [18.38021, 51.6468], [18.37429, 51.63741], [18.37026, 51.6359], [18.37, 51.63433], [18.36115, 51.63427], [18.35279, 51.63332], [18.35327, 51.62985], [18.35003, 51.6269], [18.35854, 51.62632], [18.36499, 51.62386], [18.36514, 51.62093], [18.36858, 51.61707], [18.35268, 51.6072], [18.34867, 51.60135], [18.35207, 51.60065], [18.37682, 51.60007], [18.37861, 51.59233], [18.37049, 51.59095], [18.37193, 51.58703], [18.37155, 51.58171], [18.3726, 51.57684], [18.36989, 51.57325], [18.37042, 51.57046], [18.36734, 51.56861], [18.36484, 51.56446], [18.36781, 51.56159], [18.36961, 51.55625], [18.36834, 51.5497], [18.37385, 51.54792], [18.36938, 51.54375], [18.36279, 51.54238], [18.35976, 51.5405], [18.35848, 51.53636], [18.36082, 51.53378], [18.36062, 51.53143], [18.3715, 51.52335], [18.37529, 51.5219], [18.37709, 51.51895], [18.38005, 51.51833], [18.38249, 51.47686], [18.37752, 51.47457], [18.37672, 51.47277], [18.36196, 51.46865], [18.36156, 51.46801], [18.35327, 51.47065], [18.35179, 51.46985], [18.35614, 51.46823], [18.35802, 51.46647], [18.35618, 51.4642], [18.35746, 51.46063], [18.35605, 51.45901], [18.35619, 51.45656], [18.35142, 51.44966], [18.34565, 51.44723], [18.34074, 51.44099], [18.34035, 51.42997], [18.33545, 51.42554], [18.33078, 51.42328], [18.32631, 51.41982], [18.32294, 51.42177], [18.31575, 51.42321], [18.31297, 51.42478], [18.30809, 51.42617], [18.30636, 51.42596], [18.29644, 51.42942], [18.28884, 51.43032], [18.27934, 51.43254], [18.27132, 51.4356], [18.25534, 51.43881], [18.24476, 51.44481], [18.22789, 51.45195], [18.21274, 51.45434], [18.21144, 51.45192], [18.2157, 51.44766], [18.20265, 51.44391], [18.18818, 51.4412], [18.19035, 51.43934], [18.18998, 51.43848], [18.19162, 51.43859], [18.1942, 51.43661], [18.19559, 51.43744], [18.19626, 51.43608], [18.19858, 51.43624], [18.19924, 51.43387], [18.20292, 51.43458], [18.20634, 51.43277], [18.20812, 51.42975], [18.2072, 51.42811], [18.20792, 51.42653], [18.21054, 51.42647], [18.20992, 51.42567], [18.21135, 51.42546], [18.2105, 51.42515], [18.21136, 51.42354], [18.21071, 51.42075], [18.20865, 51.41794], [18.20691, 51.41705], [18.20445, 51.41742], [18.20388, 51.41674], [18.20589, 51.41658], [18.20417, 51.41512], [18.20556, 51.41424], [18.20404, 51.41387], [18.20547, 51.41247], [18.20694, 51.41242], [18.20496, 51.41175], [18.20679, 51.41116], [18.20595, 51.41034], [18.20721, 51.41054], [18.20541, 51.40925], [18.20669, 51.40936], [18.20797, 51.40828], [18.20657, 51.40723], [18.20852, 51.40599], [18.20705, 51.40546], [18.20759, 51.40336], [18.20592, 51.40106], [18.20426, 51.40109], [18.20393, 51.39955], [18.20234, 51.39891], [18.20274, 51.39794], [18.20129, 51.39828], [18.19925, 51.39704], [18.19903, 51.39615], [18.2002, 51.39571], [18.19888, 51.39515], [18.19627, 51.39557], [18.19762, 51.3943], [18.19366, 51.39227], [18.19519, 51.39176], [18.19528, 51.39016], [18.19177, 51.38983], [18.19163, 51.38862], [18.19296, 51.38861], [18.19312, 51.38773], [18.18965, 51.38657], [18.18782, 51.38671], [18.14921, 51.3915], [18.13786, 51.37812], [18.13912, 51.37956], [18.13793, 51.3781], [18.13506, 51.36081], [18.1297, 51.36217], [18.12655, 51.3576], [18.1092, 51.35875], [18.0986, 51.36204], [18.08561, 51.35445], [18.07783, 51.35199], [18.07452, 51.34992], [18.08092, 51.34615], [18.0934, 51.34113], [18.09173, 51.32719], [18.09242, 51.32569], [18.11285, 51.3108], [18.11222, 51.30746], [18.10881, 51.30691], [18.10912, 51.30501], [18.11089, 51.30464], [18.11361, 51.29713], [18.11192, 51.29702], [18.10984, 51.29315], [18.11375, 51.29199], [18.11187, 51.28995], [18.12021, 51.28661], [18.11359, 51.28488], [18.10503, 51.28549], [18.10624, 51.28187], [18.10302, 51.28039], [18.11359, 51.27881], [18.11499, 51.27771], [18.11692, 51.27748], [18.11636, 51.27575], [18.11287, 51.27343], [18.10948, 51.27283], [18.10784, 51.26934], [18.10339, 51.26827], [18.10683, 51.26284], [18.10796, 51.26364], [18.11003, 51.26021], [18.11362, 51.26151], [18.11799, 51.26127], [18.11928, 51.2621], [18.11787, 51.26538], [18.12111, 51.26597], [18.12287, 51.26419], [18.12447, 51.26504], [18.12639, 51.26892], [18.13665, 51.26973], [18.13787, 51.26791], [18.13797, 51.26412], [18.1533, 51.26405], [18.1507, 51.27317], [18.15625, 51.27262], [18.15625, 51.2719], [18.15936, 51.27363], [18.16356, 51.27208], [18.16879, 51.27188], [18.17225, 51.26903], [18.17258, 51.26831], [18.16911, 51.26795], [18.17038, 51.26756], [18.17041, 51.26371], [18.17207, 51.263], [18.17146, 51.26115], [18.1693, 51.26047], [18.17015, 51.25859], [18.1675, 51.25567], [18.16826, 51.25268], [18.167, 51.25049], [18.16857, 51.24815], [18.16839, 51.2471], [18.16674, 51.24627], [18.16903, 51.24576], [18.16688, 51.24277], [18.16821, 51.24253], [18.16924, 51.24051], [18.17097, 51.24177], [18.17197, 51.24135], [18.17314, 51.23867], [18.17488, 51.23823], [18.17611, 51.23612], [18.17474, 51.23594], [18.17527, 51.23513], [18.17404, 51.23426], [18.17522, 51.2336], [18.17383, 51.23283], [18.17562, 51.23183], [18.17433, 51.23092], [18.17584, 51.23004], [18.17501, 51.2297], [18.17598, 51.22894], [18.17556, 51.22797], [18.17699, 51.22764], [18.17644, 51.22622], [18.17838, 51.2262], [18.17764, 51.22524], [18.17899, 51.22515], [18.17779, 51.22401], [18.17936, 51.22405], [18.18032, 51.22325], [18.17896, 51.22289], [18.17976, 51.22219], [18.17762, 51.21909], [18.17317, 51.21803], [18.17206, 51.21506], [18.16967, 51.21379], [18.17018, 51.21223], [18.16522, 51.21234], [18.16406, 51.20643], [18.1621, 51.20552], [18.16301, 51.19952], [18.16213, 51.19234], [18.1736, 51.19194], [18.17637, 51.19081], [18.17114, 51.18818], [18.16829, 51.18268], [18.16694, 51.18239], [18.16634, 51.18123], [18.16854, 51.17959], [18.1686, 51.1782], [18.1662, 51.17688], [18.16368, 51.17252], [18.16204, 51.17303], [18.16108, 51.17468], [18.15342, 51.17313], [18.15333, 51.17217], [18.15141, 51.17127], [18.14055, 51.1711], [18.13763, 51.17128], [18.13698, 51.17196], [18.12433, 51.16855], [18.10448, 51.1534], [18.10208, 51.15874], [18.09377, 51.15662], [18.08894, 51.15941], [18.08567, 51.16362], [18.08186, 51.16607], [18.07816, 51.16618], [18.07474, 51.16363], [18.07554, 51.16273], [18.07279, 51.15878], [18.07049, 51.1593], [18.06996, 51.15642], [18.0735, 51.15457], [18.0745, 51.15603], [18.07619, 51.15559], [18.07722, 51.157], [18.08176, 51.15453], [18.08011, 51.15415], [18.07969, 51.15288], [18.07285, 51.15271], [18.0734, 51.15117], [18.06788, 51.14951], [18.07549, 51.14694], [18.07327, 51.14483], [18.05957, 51.14163], [18.05544, 51.13952], [18.05029, 51.13508], [18.03935, 51.13104], [18.01512, 51.12712], [18.00367, 51.12187], [17.99292, 51.12107], [17.93946, 51.10887], [17.93155, 51.1134], [17.92496, 51.11151], [17.92233, 51.11398], [17.91685, 51.11244], [17.90858, 51.10766], [17.89864, 51.10608], [17.89659, 51.10639], [17.88585, 51.10365], [17.88315, 51.10498], [17.88207, 51.10455], [17.88009, 51.10535], [17.87926, 51.10776], [17.87529, 51.11185], [17.87171, 51.11052], [17.86872, 51.11061], [17.86346, 51.11463], [17.86126, 51.11509], [17.85514, 51.1142], [17.85486, 51.11341], [17.85173, 51.11279], [17.84869, 51.11692], [17.83912, 51.11655], [17.82914, 51.11927], [17.82348, 51.11789], [17.82248, 51.1183], [17.81913, 51.12225], [17.81701, 51.13236], [17.81218, 51.13245], [17.81313, 51.13801], [17.81839, 51.13967], [17.82384, 51.14011], [17.83151, 51.13744], [17.8323, 51.13806], [17.83279, 51.14299], [17.83823, 51.14953], [17.83752, 51.15012], [17.83864, 51.15326], [17.84194, 51.15962], [17.85118, 51.17244], [17.84798, 51.1835], [17.8422, 51.18891], [17.83684, 51.19136], [17.82781, 51.19326], [17.82577, 51.19461], [17.81846, 51.19007], [17.81421, 51.18907], [17.81323, 51.18699], [17.81209, 51.1867], [17.81156, 51.1896], [17.81025, 51.19028], [17.80208, 51.19225], [17.79838, 51.19231], [17.7965, 51.19455], [17.79483, 51.194], [17.77499, 51.19889], [17.76759, 51.20385], [17.76332, 51.21024], [17.75665, 51.21633], [17.75484, 51.22172], [17.75696, 51.22292], [17.7578, 51.22669], [17.75516, 51.23029], [17.75551, 51.2331], [17.75413, 51.23525], [17.74895, 51.23848], [17.74397, 51.24302], [17.74583, 51.2498], [17.74302, 51.25418], [17.7429, 51.25728], [17.74663, 51.26514], [17.74904, 51.26696], [17.74949, 51.26955], [17.74886, 51.27062], [17.73823, 51.27567], [17.74283, 51.27832], [17.74714, 51.27979], [17.74799, 51.27932], [17.7516, 51.2812], [17.75092, 51.28188], [17.75222, 51.28356], [17.7473, 51.28601], [17.75032, 51.29069], [17.75714, 51.29405], [17.76648, 51.30074], [17.76014, 51.30229], [17.7644, 51.30589], [17.7589, 51.30829], [17.7605, 51.30965], [17.75591, 51.31129], [17.76056, 51.31474], [17.76494, 51.31643], [17.7626, 51.32009], [17.75785, 51.32261], [17.75228, 51.32376], [17.74694, 51.32617], [17.74394, 51.32876], [17.74426, 51.3364], [17.74091, 51.3386], [17.74157, 51.34195], [17.73963, 51.34287], [17.7434, 51.34513], [17.74367, 51.34654], [17.73697, 51.34893], [17.73272, 51.34943], [17.7285, 51.35212], [17.72894, 51.35386], [17.72306, 51.35948], [17.72022, 51.35892], [17.71765, 51.3594], [17.71743, 51.35861], [17.70979, 51.35892], [17.70769, 51.36044], [17.70986, 51.36085], [17.71065, 51.36237], [17.70996, 51.36351], [17.70611, 51.36392], [17.70661, 51.36589], [17.70432, 51.36673], [17.7061, 51.37164], [17.71547, 51.37147], [17.71569, 51.37517], [17.7199, 51.38608], [17.73039, 51.38644], [17.73295, 51.38727], [17.73153, 51.38855], [17.73213, 51.39085], [17.72999, 51.39269], [17.72909, 51.39571], [17.73738, 51.39496], [17.73807, 51.39759], [17.73645, 51.39777], [17.73651, 51.40007], [17.74675, 51.3982], [17.75246, 51.39861], [17.75581, 51.4053], [17.75468, 51.40736], [17.74995, 51.41132], [17.74561, 51.41265], [17.74848, 51.41464], [17.74583, 51.41474], [17.74548, 51.41568], [17.73843, 51.41577], [17.7345, 51.41671], [17.73798, 51.41906], [17.73289, 51.4207], [17.73213, 51.42034], [17.72952, 51.42166], [17.72626, 51.42083], [17.72316, 51.42274], [17.7191, 51.42128], [17.71861, 51.42262], [17.71597, 51.4215], [17.71685, 51.41979], [17.71409, 51.41853], [17.71631, 51.41474], [17.71517, 51.41133], [17.71728, 51.4102], [17.71958, 51.4064], [17.71866, 51.40318], [17.71565, 51.40155], [17.71512, 51.40195], [17.70701, 51.40065], [17.70307, 51.39949], [17.70036, 51.40174], [17.68679, 51.40539], [17.68806, 51.40782], [17.68231, 51.40911], [17.68287, 51.41098], [17.67288, 51.41522], [17.66833, 51.41598], [17.66735, 51.4145], [17.66243, 51.41215], [17.6611, 51.40998], [17.65679, 51.41118], [17.65709, 51.41197], [17.65264, 51.41276], [17.6491, 51.41795], [17.64401, 51.41886], [17.64023, 51.42114], [17.6408, 51.42336], [17.63909, 51.42378], [17.63088, 51.42346], [17.63137, 51.42159], [17.62658, 51.41907], [17.61872, 51.42058], [17.61856, 51.42182], [17.61669, 51.42195], [17.61577, 51.42291], [17.6129, 51.42299], [17.61212, 51.41985], [17.6039, 51.40937], [17.58486, 51.40964], [17.57064, 51.40511], [17.56338, 51.40616], [17.56178, 51.40764], [17.55431, 51.41053], [17.55306, 51.41189], [17.55356, 51.41331], [17.55224, 51.41349], [17.55225, 51.41425], [17.5491, 51.41621], [17.54851, 51.41895], [17.54425, 51.41959], [17.54057, 51.42128], [17.54335, 51.42665], [17.54431, 51.4265], [17.5453, 51.42836], [17.54837, 51.42782], [17.54895, 51.43184], [17.55195, 51.43517], [17.54763, 51.44359], [17.53905, 51.44905], [17.53713, 51.44947], [17.53704, 51.45038], [17.53203, 51.45216], [17.52954, 51.45595], [17.52468, 51.45859], [17.52286, 51.46126], [17.52067, 51.46232], [17.52905, 51.46981], [17.52156, 51.47264], [17.52005, 51.47605], [17.52315, 51.48026], [17.52128, 51.48078], [17.52338, 51.48483], [17.51797, 51.4856], [17.51874, 51.4871], [17.51606, 51.48812], [17.51727, 51.48944], [17.51852, 51.48918], [17.5181, 51.4914], [17.51978, 51.49233], [17.51952, 51.49333], [17.52441, 51.49453], [17.52459, 51.49691], [17.5238, 51.49696], [17.52638, 51.49992], [17.51398, 51.50155], [17.51305, 51.50227], [17.51434, 51.50353], [17.51215, 51.50551], [17.51463, 51.51098], [17.52003, 51.51115], [17.5216, 51.51458], [17.53302, 51.51331], [17.5352, 51.51376], [17.53553, 51.51616], [17.54463, 51.5156], [17.54588, 51.51709], [17.54787, 51.51671], [17.55121, 51.51786], [17.55509, 51.51781], [17.55514, 51.51908], [17.55788, 51.51955], [17.56019, 51.52133], [17.56232, 51.52168], [17.56368, 51.52421], [17.56507, 51.52428], [17.56911, 51.52822], [17.57273, 51.52988], [17.57325, 51.53648], [17.57465, 51.53753], [17.57459, 51.53964], [17.57628, 51.53964], [17.57532, 51.5485], [17.57191, 51.55518], [17.57236, 51.56676], [17.56296, 51.56901], [17.56299, 51.57029], [17.56012, 51.5704], [17.56021, 51.5749], [17.5568, 51.57558], [17.5546, 51.57852], [17.55578, 51.58455], [17.54537, 51.58623], [17.5337, 51.58952], [17.52326, 51.58942], [17.52184, 51.59016], [17.52062, 51.5928], [17.52128, 51.5962], [17.51855, 51.60207], [17.51949, 51.60451], [17.52127, 51.6057], [17.51194, 51.60901], [17.50362, 51.60928], [17.49865, 51.61592], [17.49713, 51.61557], [17.48634, 51.61685], [17.47631, 51.62302], [17.4732, 51.62369], [17.47133, 51.62609], [17.46982, 51.62647], [17.45961, 51.62637], [17.4597, 51.62816], [17.43822, 51.63293], [17.43778, 51.63168], [17.43034, 51.63264], [17.41889, 51.63057], [17.41169, 51.63115], [17.38921, 51.63625], [17.3862, 51.63514], [17.3804, 51.63603], [17.37068, 51.63938], [17.36169, 51.64124], [17.35861, 51.643], [17.34583, 51.64501], [17.33727, 51.64526], [17.33012, 51.64791], [17.32443, 51.64801], [17.31676, 51.64637], [17.29952, 51.64539], [17.29063, 51.64378], [17.27745, 51.64417], [17.27225, 51.64316], [17.25826, 51.64303], [17.25745, 51.64277], [17.26039, 51.64041], [17.24932, 51.6405], [17.24485, 51.63939], [17.24168, 51.63705], [17.24124, 51.63353], [17.24298, 51.63332], [17.24215, 51.62971], [17.2391, 51.63026], [17.24117, 51.63359], [17.23375, 51.6341], [17.22667, 51.63328], [17.22586, 51.63242], [17.22919, 51.62988], [17.22143, 51.63038], [17.22111, 51.62931], [17.2184, 51.63106], [17.21548, 51.62961], [17.2114, 51.61949], [17.21233, 51.6154], [17.20827, 51.61109], [17.20963, 51.6092], [17.20846, 51.60826], [17.20977, 51.60267], [17.21549, 51.59932], [17.21547, 51.59392], [17.21074, 51.58969], [17.21447, 51.58555], [17.21359, 51.58034], [17.21469, 51.57385], [17.20844, 51.56829], [17.20543, 51.56681], [17.20294, 51.56778], [17.1992, 51.5745], [17.188, 51.57649], [17.17865, 51.57393], [17.17083, 51.5698], [17.1255, 51.56532], [17.10853, 51.57607], [17.09152, 51.57232], [17.08364, 51.56913], [17.08077, 51.57056], [17.06465, 51.56637], [17.07014, 51.55504], [17.06925, 51.55246], [17.05932, 51.55173], [17.05981, 51.54566], [17.0538, 51.5452], [17.04605, 51.55596], [17.02042, 51.55347], [17.01992, 51.55532], [17.01158, 51.55445], [17.01059, 51.55037], [17.00705, 51.54934], [16.98639, 51.55012], [16.98179, 51.55091], [16.98117, 51.54813], [16.97872, 51.54493], [16.97511, 51.54781], [16.97187, 51.54361], [16.96733, 51.54483], [16.96238, 51.54471], [16.9646, 51.54919], [16.96196, 51.54942], [16.96264, 51.55108], [16.95808, 51.55249], [16.94884, 51.55266], [16.94862, 51.55207], [16.94547, 51.55243], [16.94291, 51.55169], [16.94077, 51.5524], [16.93947, 51.55179], [16.92796, 51.55235], [16.92376, 51.55565], [16.92098, 51.55611], [16.91451, 51.55945], [16.91109, 51.56255], [16.91157, 51.56405], [16.90789, 51.56642], [16.90474, 51.57137], [16.89574, 51.57833], [16.88741, 51.58101], [16.86843, 51.5789], [16.85881, 51.5802], [16.85115, 51.57999], [16.84332, 51.57721], [16.83775, 51.57711], [16.8319, 51.57594], [16.82835, 51.57217], [16.81934, 51.57766], [16.81645, 51.58123], [16.81558, 51.58474], [16.81235, 51.58525], [16.81119, 51.58677], [16.8038, 51.58634], [16.79279, 51.59053], [16.79478, 51.59172], [16.79538, 51.59967], [16.80266, 51.60085], [16.79987, 51.6033], [16.78425, 51.61072], [16.77482, 51.61245], [16.77205, 51.6136], [16.76606, 51.62773], [16.76845, 51.6295], [16.77644, 51.63133], [16.77976, 51.6351], [16.78156, 51.63979], [16.78347, 51.64099], [16.76912, 51.64465], [16.74354, 51.64495], [16.73445, 51.64233], [16.73294, 51.6425], [16.72834, 51.64309], [16.72918, 51.64582], [16.72752, 51.6474], [16.71409, 51.64867], [16.70943, 51.64724], [16.70523, 51.64798], [16.70376, 51.64747], [16.69495, 51.64809], [16.68141, 51.64695], [16.68024, 51.65062], [16.68239, 51.65102], [16.685, 51.65592], [16.6829, 51.6567], [16.67726, 51.65775], [16.67185, 51.65664], [16.66368, 51.6563], [16.65394, 51.65798], [16.64986, 51.65784], [16.64325, 51.66072], [16.63915, 51.66603], [16.63877, 51.66793], [16.63858, 51.67165], [16.63992, 51.67164], [16.63879, 51.67786], [16.64319, 51.68206], [16.64202, 51.68347], [16.66371, 51.68857], [16.65755, 51.68923], [16.66169, 51.69428], [16.65892, 51.69545], [16.65947, 51.69676], [16.66151, 51.69686], [16.66203, 51.69794], [16.66323, 51.69763], [16.6638, 51.69878], [16.67307, 51.69303], [16.67634, 51.69217], [16.67741, 51.69473], [16.67496, 51.69528], [16.67637, 51.69754], [16.67562, 51.69773], [16.67688, 51.69927], [16.6803, 51.69868], [16.68245, 51.70268], [16.6823, 51.70791], [16.67485, 51.71019], [16.66814, 51.71062], [16.66233, 51.71239], [16.65662, 51.71601], [16.65307, 51.71625], [16.65266, 51.71883], [16.64503, 51.72189], [16.64412, 51.72547], [16.6458, 51.72925], [16.63969, 51.73163], [16.6394, 51.73299], [16.64094, 51.73463], [16.63983, 51.73496], [16.64642, 51.7409], [16.64794, 51.74416], [16.64579, 51.74453], [16.64316, 51.74628], [16.64002, 51.74658], [16.63518, 51.74908], [16.63296, 51.74797], [16.62311, 51.74696], [16.619, 51.74469], [16.60635, 51.74484], [16.60436, 51.74601], [16.6036, 51.74512], [16.60026, 51.74592], [16.60019, 51.74742], [16.59468, 51.7505], [16.58303, 51.75078], [16.58063, 51.75211], [16.57982, 51.76585], [16.57669, 51.76859], [16.54388, 51.76572], [16.54086, 51.7663], [16.53996, 51.76712], [16.54215, 51.76951], [16.54107, 51.77073], [16.54405, 51.774], [16.54189, 51.77613], [16.54529, 51.78007], [16.54047, 51.78149], [16.5279, 51.78084], [16.51415, 51.78169], [16.49241, 51.7814], [16.4845, 51.78229], [16.47716, 51.78573], [16.46896, 51.786], [16.46387, 51.78406], [16.45783, 51.78528], [16.4552, 51.78698], [16.44888, 51.78801], [16.43034, 51.78472], [16.42142, 51.78527], [16.41096, 51.78412], [16.40461, 51.7865], [16.40099, 51.78997], [16.39342, 51.7866], [16.38858, 51.79122], [16.38828, 51.79333], [16.39331, 51.79638], [16.40198, 51.80478], [16.40178, 51.8123], [16.40076, 51.81418], [16.39397, 51.81983], [16.39518, 51.82375], [16.40068, 51.83062], [16.39876, 51.83535], [16.40064, 51.83787], [16.37963, 51.839], [16.38711, 51.84637], [16.38126, 51.85005], [16.37985, 51.84946], [16.37827, 51.85109], [16.37265, 51.85388], [16.35771, 51.8574], [16.35305, 51.86056], [16.35105, 51.86332], [16.34135, 51.86894], [16.34171, 51.86961], [16.33506, 51.87105], [16.3379, 51.87598], [16.34608, 51.87497], [16.35152, 51.88067], [16.32036, 51.88688], [16.3128, 51.88642], [16.30862, 51.88786], [16.30802, 51.88912], [16.29901, 51.89362], [16.29189, 51.89523], [16.28692, 51.90026], [16.27886, 51.89999], [16.27781, 51.89952], [16.27912, 51.89767], [16.27273, 51.89508], [16.26989, 51.8958], [16.26906, 51.898], [16.26683, 51.89774], [16.25924, 51.89888], [16.25881, 51.89727], [16.2574, 51.89754], [16.25734, 51.89926], [16.25585, 51.89954], [16.25666, 51.90186], [16.25576, 51.90223], [16.25409, 51.90173], [16.2548, 51.90088], [16.25367, 51.89938], [16.2521, 51.90047], [16.24813, 51.90074], [16.24863, 51.89882], [16.24552, 51.89648], [16.24562, 51.89146], [16.24409, 51.89012], [16.24395, 51.88812], [16.24252, 51.88761], [16.23958, 51.88377], [16.23539, 51.88212], [16.22926, 51.87599], [16.22672, 51.87608], [16.22309, 51.87468], [16.21474, 51.86977], [16.20014, 51.87193], [16.19357, 51.87983], [16.19289, 51.88508], [16.18568, 51.88466], [16.18813, 51.88287], [16.18789, 51.88125], [16.18455, 51.88153], [16.18131, 51.8832], [16.17228, 51.88342], [16.16915, 51.88435], [16.16574, 51.88789], [16.16167, 51.89004], [16.16173, 51.89248], [16.15283, 51.89245], [16.14354, 51.89505], [16.14013, 51.8944], [16.13373, 51.89574], [16.12361, 51.89644], [16.10657, 51.89585], [16.10288, 51.89279], [16.10067, 51.8927], [16.09894, 51.89354], [16.09821, 51.89594], [16.1019, 51.89612], [16.10044, 51.90076], [16.09952, 51.90075], [16.09999, 51.90307], [16.10363, 51.90499], [16.10887, 51.90352], [16.11846, 51.91208], [16.1184, 51.91329], [16.12505, 51.91612], [16.12786, 51.91572], [16.12907, 51.91693], [16.13317, 51.91699], [16.13238, 51.92027], [16.12532, 51.91981], [16.12682, 51.92166], [16.13552, 51.92286], [16.13616, 51.92505], [16.13816, 51.92547], [16.13808, 51.92701], [16.13731, 51.92695], [16.1341, 51.93195], [16.12695, 51.93156], [16.12616, 51.93389], [16.13106, 51.94044], [16.12631, 51.94075], [16.12569, 51.942], [16.13063, 51.94364], [16.12382, 51.9514], [16.13733, 51.95437], [16.13505, 51.96093], [16.13619, 51.96098], [16.13461, 51.96695], [16.13248, 51.96665], [16.13098, 51.97181], [16.13342, 51.97232], [16.13025, 51.97896], [16.12799, 51.97739], [16.12691, 51.97979], [16.12806, 51.97962], [16.1277, 51.98107], [16.12427, 51.98469], [16.12121, 51.99188], [16.12292, 51.99313], [16.10763, 51.99577], [16.10605, 51.99683], [16.08471, 51.98615], [16.07955, 51.9828], [16.06064, 51.97716], [16.03231, 51.97839], [16.01003, 51.98149], [16.0085, 51.98289], [16.00941, 51.9845], [16.00568, 51.99313], [16.00311, 51.9956], [15.99796, 51.99779], [15.996, 51.99952], [15.99183, 52.00077], [15.98803, 52.0039], [15.98546, 52.00388], [15.98683, 51.99887], [15.98976, 51.99647], [15.98359, 51.99516], [15.98387, 51.99772], [15.9815, 51.99766], [15.97966, 51.99958], [15.97619, 51.99814], [15.97193, 51.99966], [15.96919, 52.00261], [15.96839, 52.01153], [15.96489, 52.01862], [15.96672, 52.02956], [15.96434, 52.03386], [15.99445, 52.03517], [15.99418, 52.03696], [15.99184, 52.03847], [15.98906, 52.04335], [15.99066, 52.04513], [15.98929, 52.04572], [15.99114, 52.04752], [15.99171, 52.05038], [15.99371, 52.05016], [15.99348, 52.05122], [16.00071, 52.05394], [16.00553, 52.05428], [16.00281, 52.05797], [16.00146, 52.05763], [15.99975, 52.05996], [15.99503, 52.05871], [15.98921, 52.06107], [15.98966, 52.06159], [15.98772, 52.06215], [15.98935, 52.06395], [15.98716, 52.06473], [15.98868, 52.06689], [15.98658, 52.06807], [15.98599, 52.07002], [15.98278, 52.06995], [15.97731, 52.0723], [15.97557, 52.07415], [15.96974, 52.07542], [15.9722, 52.07743], [15.96746, 52.08195], [15.94614, 52.08721], [15.94609, 52.08774], [15.9431, 52.08758], [15.94138, 52.08845], [15.93243, 52.08764], [15.93244, 52.08362], [15.93087, 52.08045], [15.92663, 52.07659], [15.92448, 52.06748], [15.89923, 52.07693], [15.89782, 52.07687], [15.89804, 52.07842], [15.89134, 52.08347], [15.88425, 52.0849], [15.87783, 52.08797], [15.86695, 52.08568], [15.86495, 52.08553], [15.8625, 52.08683], [15.86034, 52.08647], [15.85329, 52.09466], [15.84798, 52.09903], [15.84518, 52.0984], [15.83742, 52.1059], [15.83656, 52.10832], [15.83414, 52.10848], [15.8333, 52.11112], [15.83886, 52.1111], [15.84142, 52.11239], [15.84945, 52.11351], [15.85539, 52.11688], [15.85367, 52.11758], [15.85507, 52.11876], [15.8541, 52.12022], [15.85678, 52.12399], [15.86172, 52.12442], [15.86718, 52.12924], [15.87498, 52.13047], [15.87852, 52.14276], [15.88355, 52.15488], [15.88357, 52.1559], [15.88096, 52.15622], [15.88159, 52.16195], [15.88308, 52.16285], [15.87586, 52.16441], [15.87658, 52.16587], [15.87293, 52.16685], [15.87252, 52.1658], [15.86867, 52.16575], [15.86842, 52.16731], [15.8662, 52.16715], [15.86657, 52.16803], [15.85842, 52.16901], [15.85913, 52.17405], [15.85814, 52.1741], [15.86212, 52.17742], [15.85982, 52.18571], [15.8581, 52.18768], [15.85998, 52.19047], [15.85951, 52.19454], [15.86126, 52.19784], [15.85799, 52.20285], [15.85502, 52.20489], [15.85099, 52.21368], [15.8495, 52.21329], [15.86068, 52.22776], [15.8588, 52.2335], [15.85757, 52.24813], [15.85129, 52.25564], [15.85493, 52.2611], [15.85254, 52.2623], [15.85697, 52.26788], [15.8592, 52.26731], [15.86605, 52.27212], [15.87116, 52.27749], [15.86998, 52.27785], [15.87051, 52.28084], [15.87247, 52.28058], [15.87345, 52.28257], [15.87411, 52.28201], [15.87537, 52.28278], [15.87712, 52.28221], [15.88142, 52.28418], [15.87972, 52.28812], [15.88096, 52.2884], [15.88064, 52.29106], [15.8782, 52.29514], [15.87865, 52.29814], [15.88382, 52.30435], [15.88176, 52.30882], [15.88423, 52.31118], [15.88563, 52.30709], [15.88862, 52.30727], [15.89195, 52.31032], [15.89153, 52.31145], [15.89004, 52.31109], [15.88989, 52.31761], [15.88755, 52.31855], [15.88769, 52.32274], [15.88605, 52.32398], [15.88368, 52.32427], [15.88405, 52.32511], [15.88248, 52.32675], [15.88282, 52.32999], [15.8877, 52.33344], [15.88833, 52.33614], [15.88687, 52.33813], [15.88301, 52.34008], [15.88134, 52.34244], [15.88098, 52.3507], [15.88119, 52.35215], [15.88935, 52.35235], [15.89035, 52.35347], [15.88824, 52.3666], [15.89037, 52.367], [15.88951, 52.36777], [15.89055, 52.3685], [15.89083, 52.37118], [15.88817, 52.37198], [15.8929, 52.37587], [15.89165, 52.37569], [15.8967, 52.38079], [15.90068, 52.3828], [15.89981, 52.38505], [15.90086, 52.3862], [15.89917, 52.38813], [15.9001, 52.38849], [15.90038, 52.39084], [15.8963, 52.39417], [15.89081, 52.39388], [15.88843, 52.3948], [15.88716, 52.39376], [15.88395, 52.39395], [15.87519, 52.39607], [15.87017, 52.39649], [15.86928, 52.39808], [15.8631, 52.40166], [15.85892, 52.40306], [15.85481, 52.4022], [15.85129, 52.40351], [15.84997, 52.40299], [15.84981, 52.40174], [15.84339, 52.40306], [15.83836, 52.40929], [15.83816, 52.41089], [15.84017, 52.41035], [15.83966, 52.41306], [15.8378, 52.41284], [15.83566, 52.41502], [15.83402, 52.41493], [15.83099, 52.41651], [15.82738, 52.42158], [15.82446, 52.42224], [15.82528, 52.42433], [15.82677, 52.42421], [15.82792, 52.42561], [15.82608, 52.42659], [15.82245, 52.42501], [15.82293, 52.42452], [15.82109, 52.42456], [15.81963, 52.42611], [15.81576, 52.42726], [15.81572, 52.42873], [15.81865, 52.4292], [15.8148, 52.43031], [15.81291, 52.4323], [15.81063, 52.43247], [15.81119, 52.43442], [15.8094, 52.4362], [15.8085, 52.43651], [15.80645, 52.43526], [15.80656, 52.439], [15.80494, 52.44017], [15.80415, 52.44371], [15.80524, 52.44493], [15.8069, 52.44475], [15.80825, 52.442], [15.81253, 52.44096], [15.81343, 52.44175], [15.8094, 52.44284], [15.81034, 52.44438], [15.81393, 52.44527], [15.81408, 52.4466], [15.82197, 52.44854], [15.82013, 52.45034], [15.82063, 52.45095], [15.82288, 52.45074], [15.82307, 52.45134], [15.82349, 52.45042], [15.82504, 52.45014], [15.82667, 52.45142], [15.82581, 52.45442], [15.8271, 52.45461], [15.83054, 52.44727], [15.83328, 52.44456], [15.83173, 52.43945], [15.83444, 52.43828], [15.83289, 52.43677], [15.83149, 52.4372], [15.83139, 52.43518], [15.83675, 52.43361], [15.84093, 52.43394], [15.84407, 52.43176], [15.85188, 52.4316], [15.85643, 52.4326], [15.85632, 52.43606], [15.85437, 52.43603], [15.85443, 52.43723], [15.85647, 52.43746], [15.85744, 52.43978], [15.86165, 52.44028], [15.86209, 52.43877], [15.86385, 52.43891], [15.86439, 52.43753], [15.86709, 52.43697], [15.86828, 52.43509], [15.87364, 52.43534], [15.87338, 52.43623], [15.87542, 52.43623], [15.87521, 52.43727], [15.87785, 52.43727], [15.87526, 52.44271], [15.89317, 52.44622], [15.89319, 52.44682], [15.89556, 52.44665], [15.89565, 52.44743], [15.89817, 52.44737], [15.89868, 52.44926], [15.89602, 52.44904], [15.89658, 52.45156], [15.8932, 52.45599], [15.89271, 52.46048], [15.88774, 52.46126], [15.88712, 52.46334], [15.8838, 52.46571], [15.87971, 52.46539], [15.87765, 52.46954], [15.87884, 52.46991], [15.87695, 52.47185], [15.87887, 52.47248], [15.88575, 52.46479], [15.89034, 52.46478], [15.89284, 52.46817], [15.89034, 52.47302], [15.89157, 52.47316], [15.89116, 52.47531], [15.88929, 52.47488], [15.88478, 52.48272], [15.88511, 52.48416], [15.88365, 52.48506], [15.8853, 52.48609], [15.88512, 52.48819], [15.88368, 52.48924], [15.88508, 52.48891], [15.88574, 52.48963], [15.88286, 52.49025], [15.88029, 52.49304], [15.87886, 52.49309], [15.87841, 52.49555], [15.87683, 52.49594], [15.87542, 52.49504], [15.87253, 52.49629], [15.87336, 52.4971], [15.8722, 52.49838], [15.87041, 52.49859], [15.8712, 52.4997], [15.8705, 52.50076], [15.86759, 52.50256], [15.8726, 52.50201], [15.86962, 52.5042], [15.87579, 52.50649], [15.87718, 52.51068], [15.87193, 52.51098], [15.87076, 52.51023], [15.86961, 52.51083], [15.86781, 52.51032], [15.86718, 52.51095], [15.86298, 52.51041], [15.85775, 52.51398], [15.85285, 52.5152], [15.85021, 52.51682], [15.8433, 52.52482], [15.83477, 52.52925], [15.84874, 52.53671], [15.85855, 52.54436], [15.85814, 52.547], [15.85618, 52.54893], [15.84919, 52.55282], [15.8446, 52.55354], [15.84172, 52.55569], [15.84365, 52.55716], [15.84307, 52.5596], [15.84087, 52.5598], [15.83236, 52.56618], [15.82465, 52.56714], [15.82402, 52.57094], [15.82653, 52.57332], [15.82588, 52.5759], [15.82918, 52.57734], [15.83008, 52.57689], [15.83035, 52.57756], [15.82825, 52.58285], [15.83558, 52.58629], [15.836, 52.58719], [15.83141, 52.58619], [15.83188, 52.58756], [15.82917, 52.58858], [15.82052, 52.58968], [15.82032, 52.59195], [15.81238, 52.59341], [15.80668, 52.59728], [15.80605, 52.60455], [15.79588, 52.6058], [15.7959, 52.60847], [15.78924, 52.61361], [15.78809, 52.6166], [15.78534, 52.61735], [15.78457, 52.61851], [15.78635, 52.62006], [15.78626, 52.62192], [15.7925, 52.62228], [15.79301, 52.62155], [15.79607, 52.62135], [15.79949, 52.62239], [15.8006, 52.62377], [15.8005, 52.62461], [15.79616, 52.62509], [15.79409, 52.62739], [15.79594, 52.63581], [15.79367, 52.63707], [15.78163, 52.63664], [15.77635, 52.63787], [15.77852, 52.64138], [15.77707, 52.64339], [15.77993, 52.64416], [15.77818, 52.64956], [15.78072, 52.64988], [15.78085, 52.65148], [15.78292, 52.65279], [15.78187, 52.66165], [15.78614, 52.66768], [15.78841, 52.66623], [15.79311, 52.66496], [15.81396, 52.66779], [15.81287, 52.67916], [15.80708, 52.68556], [15.80366, 52.69382], [15.80031, 52.69528], [15.79565, 52.70446], [15.79326, 52.70693], [15.79422, 52.70807], [15.81233, 52.70966], [15.83731, 52.70635], [15.8458, 52.70916], [15.85346, 52.70913], [15.86503, 52.71025], [15.88585, 52.71502], [15.88998, 52.715], [15.89596, 52.71381], [15.90542, 52.71421], [15.92016, 52.7233], [15.93544, 52.72734], [15.94004, 52.72703], [15.94542, 52.73002], [15.94735, 52.73484], [15.94851, 52.74453], [15.94745, 52.74901], [15.94551, 52.75147], [15.9472, 52.75563], [15.94893, 52.75585], [15.94171, 52.75921], [15.93656, 52.76582], [15.93839, 52.76751], [15.93792, 52.769], [15.93342, 52.77436], [15.92726, 52.77845], [15.92574, 52.78215], [15.92613, 52.78402], [15.93837, 52.78617], [15.93866, 52.78768], [15.93481, 52.79303], [15.93456, 52.80144], [15.93284, 52.80209], [15.93432, 52.80347], [15.93526, 52.80327], [15.934, 52.80408], [15.93188, 52.80387], [15.93123, 52.80299], [15.92558, 52.802], [15.91887, 52.80365], [15.91169, 52.80366], [15.91184, 52.80652], [15.9032, 52.80612], [15.89322, 52.81277], [15.89655, 52.81529], [15.89515, 52.81904], [15.89715, 52.82071], [15.89448, 52.82578], [15.89707, 52.82553], [15.90454, 52.82665], [15.9004, 52.83309], [15.90275, 52.83588], [15.90616, 52.83527], [15.90666, 52.83741], [15.90909, 52.83808], [15.91213, 52.83751], [15.9147, 52.84006], [15.91873, 52.84114], [15.92361, 52.83118], [15.95176, 52.8431], [15.94639, 52.85427], [15.94785, 52.855], [15.95481, 52.8561], [15.95997, 52.85433], [15.96996, 52.85384], [15.96819, 52.85548], [15.96309, 52.85708], [15.96641, 52.85816], [15.97105, 52.85716], [15.97286, 52.85764], [15.97409, 52.85903], [15.97299, 52.86421], [15.97153, 52.86685], [15.96968, 52.86577], [15.96855, 52.8683], [15.96138, 52.8693], [15.96315, 52.87402], [15.96588, 52.87449], [15.96934, 52.87301], [15.97565, 52.87297], [15.97727, 52.87693], [15.97895, 52.87659], [15.97938, 52.87792], [15.97881, 52.87944], [15.97981, 52.88067], [15.97664, 52.882], [15.97604, 52.88382], [15.97801, 52.88614], [15.97557, 52.88685], [15.97436, 52.88839], [15.97486, 52.89093], [15.97199, 52.89235], [15.97394, 52.89477], [15.9678, 52.89845], [15.96729, 52.89997], [15.97456, 52.90189], [15.97247, 52.90381], [15.97251, 52.90523], [15.97665, 52.90869], [15.97669, 52.91005], [15.97951, 52.90896], [15.98015, 52.91362], [15.97882, 52.91463], [15.97903, 52.91753], [15.97683, 52.92059], [15.97781, 52.92208], [15.97236, 52.92892], [15.97273, 52.92988], [15.97574, 52.93015], [15.97929, 52.93279], [15.97972, 52.9338], [15.97793, 52.9356], [15.97908, 52.93705], [15.97362, 52.94106], [15.96933, 52.94678], [15.96664, 52.94763], [15.96956, 52.94929], [15.96693, 52.94984], [15.96448, 52.954], [15.96066, 52.95611], [15.96177, 52.95839], [15.95964, 52.95969], [15.96204, 52.96319], [15.95871, 52.9643], [15.96004, 52.96501], [15.95924, 52.96707], [15.96162, 52.96716], [15.96127, 52.97091], [15.95411, 52.97144], [15.95348, 52.96978], [15.95168, 52.97202], [15.94687, 52.97095], [15.94598, 52.9713], [15.94855, 52.97249], [15.94632, 52.97275], [15.94636, 52.97347], [15.94931, 52.97344], [15.95184, 52.97479], [15.95423, 52.97451], [15.9564, 52.97599], [15.95357, 52.97811], [15.95414, 52.98028], [15.95151, 52.98084], [15.95519, 52.98225], [15.95469, 52.98443], [15.95125, 52.98556], [15.95537, 52.98864], [15.95098, 52.99121], [15.95371, 52.99356], [15.94997, 52.99524], [15.9506, 52.9968], [15.94945, 52.99853], [15.95393, 53.00164], [15.95352, 53.00685], [15.95597, 53.00813], [15.9569, 53.01137], [15.95431, 53.01313], [15.95561, 53.01343], [15.95652, 53.01285], [15.95882, 53.01421], [15.95671, 53.01472], [15.95483, 53.01723], [15.95591, 53.01856], [15.95462, 53.01989], [15.95639, 53.02005], [15.95582, 53.02231], [15.95791, 53.02288], [15.95657, 53.02522], [15.95568, 53.0252], [15.95722, 53.02683], [15.95588, 53.02725], [15.95715, 53.02797], [15.95558, 53.02981], [15.95708, 53.03192], [15.95539, 53.03233], [15.95547, 53.03307], [15.95229, 53.03268], [15.95167, 53.03465], [15.95523, 53.03615], [15.95517, 53.03746], [15.95654, 53.03757], [15.95421, 53.03771], [15.95579, 53.03833], [15.95452, 53.03835], [15.95665, 53.04107], [15.959, 53.04015], [15.95927, 53.04096], [15.96071, 53.04063], [15.96198, 53.04148], [15.96375, 53.04072], [15.97543, 53.04019], [15.98319, 53.03906], [16.00247, 53.03572], [16.01006, 53.03369], [16.02386, 53.03552], [16.03316, 53.03286], [16.03795, 53.03055], [16.04504, 53.02883], [16.04549, 53.02726], [16.04836, 53.0263], [16.05452, 53.02162], [16.06872, 53.01837], [16.07351, 53.0162], [16.08356, 53.01454], [16.08771, 53.01537], [16.09601, 53.0155], [16.1132, 53.01248], [16.12071, 53.01195], [16.13129, 53.01276], [16.13929, 53.0142], [16.15365, 53.01998], [16.15888, 53.02358], [16.18617, 53.03357], [16.20836, 53.03577], [16.22947, 53.03942], [16.244, 53.04456], [16.25981, 53.0476], [16.2675, 53.04801], [16.26991, 53.04907], [16.27249, 53.04856], [16.27672, 53.0455], [16.2795, 53.04564], [16.28796, 53.04421], [16.28599, 53.04103], [16.29487, 53.03813], [16.31693, 53.0367], [16.31706, 53.0385], [16.31519, 53.03917], [16.3173, 53.04395], [16.31037, 53.04532], [16.31283, 53.04965], [16.31494, 53.04906], [16.31607, 53.05122], [16.32406, 53.04974], [16.32403, 53.05799], [16.33031, 53.05662], [16.33358, 53.06004], [16.3353, 53.05962], [16.33907, 53.06034], [16.34363, 53.06704], [16.34754, 53.06925], [16.35088, 53.07273], [16.36281, 53.07657], [16.3643, 53.08198], [16.3613, 53.0871], [16.35929, 53.09351], [16.35549, 53.09656], [16.35534, 53.09908], [16.35198, 53.10378], [16.34681, 53.10811], [16.34601, 53.11237], [16.35539, 53.11317], [16.3599, 53.11437], [16.3669, 53.12117], [16.36295, 53.123], [16.37235, 53.12845], [16.37543, 53.1284], [16.37478, 53.12763], [16.37586, 53.12659], [16.38396, 53.1298], [16.39053, 53.13095], [16.39149, 53.14092], [16.39835, 53.14838], [16.39572, 53.15385], [16.39157, 53.15778], [16.39701, 53.16036], [16.39827, 53.15941], [16.40175, 53.16047], [16.39918, 53.16366], [16.40952, 53.16363], [16.40894, 53.16291], [16.41102, 53.16246], [16.41136, 53.16118], [16.40744, 53.16113], [16.40532, 53.15851], [16.41278, 53.15579], [16.4109, 53.15551], [16.41124, 53.15425], [16.41647, 53.15225], [16.4151, 53.15136], [16.41665, 53.14887], [16.42477, 53.14865], [16.42553, 53.15065], [16.43254, 53.15638], [16.43794, 53.15653], [16.44503, 53.15444], [16.44712, 53.15504], [16.44556, 53.1621], [16.44926, 53.16215], [16.44937, 53.15984], [16.4562, 53.16261], [16.45495, 53.16435], [16.4605, 53.1648], [16.4591, 53.16563], [16.47245, 53.16982], [16.47649, 53.17029], [16.48384, 53.16418], [16.49958, 53.16329], [16.50121, 53.16675], [16.50104, 53.17261], [16.50397, 53.17575], [16.50779, 53.17622], [16.50588, 53.17784], [16.51023, 53.18232], [16.5157, 53.18171], [16.51479, 53.18407], [16.51342, 53.18394], [16.51299, 53.18492], [16.5206, 53.18582], [16.52756, 53.19723], [16.52778, 53.19971], [16.53965, 53.20143], [16.53085, 53.20693], [16.52897, 53.21545], [16.53245, 53.21548], [16.53212, 53.21901], [16.53583, 53.2187], [16.53569, 53.22009], [16.54505, 53.21717], [16.55642, 53.22129], [16.55067, 53.22334], [16.55858, 53.22904], [16.55655, 53.2298], [16.55937, 53.23316], [16.56934, 53.22985], [16.57469, 53.23167], [16.57693, 53.23132], [16.57954, 53.22705], [16.59607, 53.2297], [16.59571, 53.2277], [16.60042, 53.22281], [16.59646, 53.2176], [16.60956, 53.20871], [16.61321, 53.20892], [16.62074, 53.20627], [16.62566, 53.20858], [16.62022, 53.21353], [16.62992, 53.21837], [16.63832, 53.21498], [16.63461, 53.2199], [16.62503, 53.22645], [16.63453, 53.22782], [16.63226, 53.2337], [16.62067, 53.2336], [16.62234, 53.24124], [16.62501, 53.24259], [16.62937, 53.24938], [16.6345, 53.25276], [16.64468, 53.25558], [16.64325, 53.25709], [16.64138, 53.25668], [16.64005, 53.25719], [16.63878, 53.25903], [16.63559, 53.25894], [16.63527, 53.26036], [16.63219, 53.26023], [16.63206, 53.2592], [16.63005, 53.26002], [16.64562, 53.2679], [16.65604, 53.26667], [16.66085, 53.26688], [16.65985, 53.26793], [16.65785, 53.26775], [16.65758, 53.27142], [16.65608, 53.2715], [16.65086, 53.27563], [16.65136, 53.28078], [16.65387, 53.28143], [16.65578, 53.27919], [16.66184, 53.27856], [16.67451, 53.29011], [16.67498, 53.29073], [16.67274, 53.29139], [16.67372, 53.29222], [16.67607, 53.29075], [16.71447, 53.29913], [16.71322, 53.29993], [16.71339, 53.30158], [16.7057, 53.30354], [16.69976, 53.30134], [16.69691, 53.30105], [16.69514, 53.3024], [16.69651, 53.3053], [16.69433, 53.3074], [16.69058, 53.30834], [16.68902, 53.30703], [16.68753, 53.30719], [16.68121, 53.31157], [16.68228, 53.31697], [16.67868, 53.31948], [16.67606, 53.31964], [16.6698, 53.31793], [16.66171, 53.32023], [16.65671, 53.32087], [16.65636, 53.32287], [16.65392, 53.3253], [16.65097, 53.32647], [16.64849, 53.32607], [16.6462, 53.32706], [16.64534, 53.3287], [16.63686, 53.32833], [16.63547, 53.33075], [16.63812, 53.33303], [16.63847, 53.33544], [16.63442, 53.33774], [16.62911, 53.33923], [16.63164, 53.34298], [16.62858, 53.34578], [16.62854, 53.34759], [16.62351, 53.34624], [16.6057, 53.34513], [16.594, 53.34503], [16.58512, 53.34666], [16.57431, 53.35434], [16.57605, 53.35546], [16.57201, 53.35845], [16.56261, 53.35298], [16.55916, 53.35362], [16.55839, 53.35583], [16.55576, 53.3545], [16.55473, 53.35569], [16.55114, 53.35656], [16.55123, 53.35866], [16.54549, 53.36341], [16.54658, 53.3666], [16.54531, 53.36685], [16.54402, 53.36523], [16.54178, 53.36561], [16.54154, 53.36681], [16.54338, 53.36896], [16.54243, 53.37022], [16.54028, 53.3708], [16.54084, 53.37234], [16.53803, 53.37355], [16.53914, 53.37552], [16.53655, 53.37578], [16.53549, 53.37828], [16.53276, 53.3758], [16.52922, 53.36978], [16.52566, 53.36719], [16.50842, 53.37612], [16.50748, 53.37835], [16.51019, 53.3796], [16.5024, 53.38429], [16.49941, 53.38501], [16.49593, 53.38327], [16.48876, 53.38784], [16.48712, 53.38797], [16.48892, 53.38438], [16.49164, 53.38264], [16.48079, 53.38676], [16.47525, 53.38779], [16.47452, 53.3901], [16.47704, 53.39736], [16.47396, 53.40015], [16.47434, 53.40292], [16.47256, 53.405], [16.46657, 53.40411], [16.44385, 53.45309], [16.44668, 53.45508], [16.45222, 53.45249], [16.4595, 53.45246], [16.46388, 53.45727], [16.46406, 53.45952], [16.46258, 53.46], [16.46208, 53.45866], [16.45988, 53.45824], [16.45705, 53.45995], [16.45108, 53.4606], [16.44755, 53.4589], [16.44812, 53.45744], [16.44669, 53.45724], [16.44191, 53.45797], [16.43624, 53.46056], [16.45421, 53.48848], [16.48204, 53.47687], [16.48253, 53.47558], [16.48543, 53.47341], [16.48785, 53.47275], [16.49006, 53.4703], [16.53268, 53.47834], [16.56166, 53.47909], [16.58029, 53.47874], [16.58442, 53.48371], [16.58825, 53.48236], [16.59659, 53.48388], [16.61442, 53.4834], [16.62107, 53.4854], [16.6337, 53.48574], [16.64251, 53.48426], [16.64604, 53.48474], [16.65205, 53.48704], [16.65485, 53.49103], [16.67313, 53.50235], [16.69563, 53.51831], [16.69692, 53.51814], [16.69768, 53.51599], [16.70061, 53.51477], [16.706, 53.51484], [16.71056, 53.51605], [16.71449, 53.51854], [16.71529, 53.52046], [16.72196, 53.52214], [16.72059, 53.52616], [16.72632, 53.52865], [16.72996, 53.52924], [16.71704, 53.5336], [16.71923, 53.5394], [16.71875, 53.54422], [16.72719, 53.55515], [16.72544, 53.56059], [16.72766, 53.56718], [16.73237, 53.56899], [16.73564, 53.56639], [16.74024, 53.5668], [16.74637, 53.57566], [16.73953, 53.58372], [16.73992, 53.5885], [16.73796, 53.58848], [16.74264, 53.59098], [16.74387, 53.59604], [16.74068, 53.59888], [16.74227, 53.60021], [16.74956, 53.60093], [16.75414, 53.61069], [16.76031, 53.61754], [16.76286, 53.61809], [16.76051, 53.62103], [16.759, 53.6209], [16.75823, 53.62412], [16.76763, 53.62529], [16.77474, 53.62715], [16.7954, 53.62959], [16.81383, 53.63081], [16.81634, 53.63393], [16.81602, 53.63544], [16.81314, 53.63743], [16.81317, 53.63998], [16.81454, 53.64105], [16.81977, 53.64161], [16.82606, 53.64341], [16.82915, 53.63975], [16.83086, 53.6349], [16.83663, 53.63055], [16.84017, 53.62929], [16.83847, 53.62843], [16.84128, 53.6258], [16.8449, 53.62705], [16.8448, 53.62649], [16.84753, 53.62686], [16.84909, 53.62722], [16.84863, 53.62878], [16.85194, 53.62936], [16.85532, 53.63237], [16.85369, 53.63866], [16.86644, 53.65033], [16.86952, 53.64763], [16.87741, 53.65104], [16.88172, 53.65187], [16.88081, 53.65281], [16.88209, 53.65389], [16.89224, 53.65587], [16.90003, 53.63954], [16.89573, 53.63623], [16.89935, 53.63371], [16.89767, 53.63248], [16.8962, 53.63243], [16.89683, 53.63137], [16.89336, 53.62848], [16.89632, 53.62725], [16.90022, 53.62793], [16.90213, 53.62655], [16.89618, 53.62113], [16.90284, 53.6178], [16.90313, 53.61543], [16.90601, 53.61318], [16.91002, 53.61285], [16.91212, 53.60695], [16.91395, 53.60597], [16.91878, 53.60525], [16.91917, 53.60397], [16.91432, 53.60147], [16.91629, 53.6005], [16.92297, 53.59964], [16.92312, 53.59754], [16.92535, 53.59724], [16.9259, 53.59574], [16.9258, 53.59408], [16.92396, 53.59295], [16.92956, 53.59177], [16.93036, 53.58987], [16.93226, 53.5887], [16.93072, 53.58753], [16.93389, 53.58674], [16.93436, 53.58448], [16.93592, 53.58414], [16.93907, 53.58507], [16.94036, 53.5842], [16.94104, 53.58165], [16.93733, 53.57913], [16.93993, 53.57602], [16.9384, 53.57467], [16.93836, 53.57227], [16.93957, 53.57098], [16.94371, 53.56969], [16.94394, 53.56305], [16.94968, 53.55744], [16.94878, 53.54838], [16.95154, 53.54317], [16.95317, 53.54191], [16.95355, 53.54404], [16.95725, 53.54772], [16.96489, 53.54809], [16.9658, 53.54867], [16.96767, 53.54787], [16.96905, 53.5488], [16.97023, 53.54853], [16.97017, 53.55051], [16.97272, 53.55088], [16.97389, 53.55225], [16.97516, 53.55183], [16.9755, 53.55284], [16.97687, 53.55261], [16.97588, 53.55399], [16.97684, 53.55444], [16.97796, 53.55382], [16.97883, 53.55554], [16.98144, 53.55691], [16.98226, 53.5558], [16.98499, 53.55618], [16.9854, 53.55486], [16.98832, 53.55387], [16.99177, 53.55542], [16.99319, 53.55442], [16.99386, 53.55198], [16.99613, 53.55146], [17.00014, 53.55201], [16.99963, 53.55102], [17.00046, 53.54945], [17.00139, 53.54961], [17.00571, 53.53803], [17.00539, 53.53544], [17.00656, 53.53467], [17.00388, 53.53313], [17.00276, 53.53372], [16.99936, 53.5333], [16.99689, 53.5312], [16.99307, 53.53159], [16.99321, 53.53006], [16.99136, 53.52899], [16.99275, 53.52813], [16.99232, 53.5256], [16.99714, 53.52591], [17.00076, 53.52506], [17.00008, 53.52169], [16.99856, 53.52067], [16.99965, 53.51806], [17.0069, 53.51818], [17.01232, 53.52022], [17.02252, 53.51731], [17.02625, 53.51791], [17.03247, 53.51554], [17.04533, 53.51851], [17.04922, 53.52024], [17.05851, 53.52043], [17.06462, 53.52325], [17.06523, 53.52654], [17.06792, 53.52732], [17.07318, 53.53243], [17.07919, 53.53452], [17.0805, 53.53583], [17.08399, 53.53661], [17.08416, 53.53888], [17.08978, 53.54273], [17.09342, 53.54171], [17.09533, 53.54244], [17.10119, 53.5425], [17.10615, 53.54126], [17.11781, 53.53645], [17.12123, 53.53623], [17.12367, 53.53701], [17.12864, 53.53583], [17.13194, 53.53633], [17.13761, 53.53445], [17.1407, 53.53239], [17.14183, 53.53334], [17.14403, 53.53308], [17.14516, 53.53085], [17.14976, 53.52927], [17.16106, 53.52783], [17.16393, 53.52821], [17.1646, 53.52954], [17.16355, 53.52976], [17.16454, 53.53067], [17.16784, 53.53044], [17.17367, 53.53301], [17.1794, 53.53322], [17.18346, 53.53449], [17.18644, 53.53395], [17.18884, 53.53445], [17.19709, 53.53232], [17.20146, 53.53333], [17.20263, 53.53444], [17.20599, 53.53481], [17.20841, 53.53636], [17.21429, 53.53507], [17.21657, 53.53375], [17.22533, 53.53312], [17.22645, 53.53388], [17.2312, 53.53428], [17.23256, 53.53329], [17.23684, 53.53318], [17.23824, 53.5325], [17.24006, 53.53328], [17.24012, 53.53181], [17.24454, 53.53123], [17.25329, 53.53335], [17.25483, 53.53288], [17.25968, 53.53546], [17.26279, 53.53551], [17.26564, 53.53699], [17.26715, 53.53639], [17.26849, 53.53727], [17.272, 53.53596], [17.27221, 53.5346], [17.27807, 53.5351], [17.28162, 53.534], [17.29086, 53.52861], [17.29584, 53.52458], [17.30257, 53.52906], [17.305, 53.52845], [17.31003, 53.52425], [17.30824, 53.52111], [17.30872, 53.51719], [17.30546, 53.51504], [17.30506, 53.51292], [17.32447, 53.51297], [17.32665, 53.50265], [17.3351, 53.50349], [17.33879, 53.50251], [17.33859, 53.50186], [17.34044, 53.50162], [17.33653, 53.49771], [17.34128, 53.49535], [17.34949, 53.49553], [17.35078, 53.49348], [17.36312, 53.49725], [17.36754, 53.49572], [17.36876, 53.49651], [17.3733, 53.49472], [17.37568, 53.49513], [17.37731, 53.49639], [17.38637, 53.49671], [17.38704, 53.4911], [17.38925, 53.49172], [17.39405, 53.4903], [17.39246, 53.48821], [17.3918, 53.48854], [17.38249, 53.4686], [17.37335, 53.46699], [17.36855, 53.46216], [17.3629, 53.45853], [17.35216, 53.45349], [17.34946, 53.45424], [17.34734, 53.45327], [17.34593, 53.45343], [17.34442, 53.44983], [17.34211, 53.45064], [17.33886, 53.44977], [17.33997, 53.44793], [17.33788, 53.44782], [17.33837, 53.4465], [17.33567, 53.44647], [17.33647, 53.44538], [17.33476, 53.44504], [17.33635, 53.44369], [17.33549, 53.44276], [17.33688, 53.44258], [17.33331, 53.44099], [17.33417, 53.44081], [17.3329, 53.43974], [17.33322, 53.43854], [17.32878, 53.43511], [17.32638, 53.43465], [17.32404, 53.43272], [17.31993, 53.43295], [17.31577, 53.4317], [17.31315, 53.42995], [17.31377, 53.42959], [17.31181, 53.42923], [17.30994, 53.42661], [17.30052, 53.42279], [17.29465, 53.42175], [17.2942, 53.41988], [17.29526, 53.41934], [17.29148, 53.4177], [17.2915, 53.41596], [17.29011, 53.41494], [17.29398, 53.4121], [17.29306, 53.41152], [17.2952, 53.40838], [17.29601, 53.40374], [17.29365, 53.4027], [17.29388, 53.4017], [17.29143, 53.401], [17.29068, 53.39991], [17.29162, 53.39924], [17.28959, 53.39694], [17.28607, 53.39636], [17.28523, 53.39429], [17.27714, 53.39256], [17.27448, 53.38991], [17.2672, 53.38849], [17.26783, 53.38776], [17.26624, 53.3877], [17.26686, 53.38729], [17.26541, 53.38705], [17.26547, 53.38612], [17.26302, 53.38562], [17.26391, 53.38443], [17.26161, 53.38392], [17.25851, 53.38082], [17.25561, 53.38127], [17.2552, 53.38049], [17.24806, 53.38029], [17.24801, 53.3781], [17.24712, 53.37782], [17.24795, 53.37591], [17.2472, 53.37462], [17.24878, 53.37421], [17.25221, 53.37066], [17.25242, 53.36875], [17.25309, 53.36807], [17.25513, 53.36852], [17.25756, 53.36663], [17.25572, 53.36435], [17.25724, 53.36339], [17.26406, 53.36337], [17.27184, 53.35997], [17.27494, 53.36023], [17.27889, 53.35817], [17.29148, 53.35396], [17.30011, 53.35244], [17.31126, 53.35157], [17.32517, 53.34701], [17.32758, 53.347], [17.33246, 53.34872], [17.33816, 53.34768], [17.3407, 53.34498], [17.33855, 53.34191], [17.34196, 53.33874], [17.34214, 53.33717], [17.34525, 53.33564], [17.3512, 53.33531], [17.35458, 53.33346], [17.35467, 53.33176], [17.35609, 53.33077], [17.35538, 53.32888], [17.35716, 53.32855], [17.35775, 53.32732], [17.35344, 53.32391], [17.35501, 53.32099], [17.35959, 53.31812], [17.3656, 53.31809], [17.36574, 53.31591], [17.36918, 53.31377], [17.37457, 53.31285], [17.37738, 53.31162], [17.37883, 53.31183], [17.3806, 53.30599], [17.38468, 53.30695], [17.38731, 53.30088], [17.38553, 53.30063], [17.3883, 53.29819], [17.39411, 53.29512], [17.40139, 53.29364], [17.39875, 53.29263], [17.39679, 53.29311], [17.39233, 53.29094], [17.39537, 53.28842], [17.40726, 53.28248], [17.4071, 53.28167], [17.4107, 53.28713], [17.42021, 53.28336], [17.42523, 53.27771], [17.43879, 53.26751], [17.4326, 53.26342], [17.43057, 53.26043], [17.42366, 53.2553], [17.41831, 53.25337], [17.42197, 53.25169], [17.42791, 53.24642], [17.41267, 53.24142], [17.41728, 53.23094], [17.41319, 53.22995], [17.40921, 53.22725], [17.39811, 53.22681], [17.38873, 53.22833], [17.3689, 53.22679], [17.36688, 53.22429], [17.3637, 53.22335], [17.3504, 53.22155], [17.33195, 53.21779], [17.33371, 53.21538], [17.33209, 53.21458], [17.32904, 53.21396], [17.32156, 53.21627], [17.32113, 53.21147], [17.32352, 53.21197], [17.33429, 53.2085], [17.34576, 53.20109], [17.34431, 53.19779], [17.34713, 53.19626], [17.3367, 53.18416], [17.33521, 53.17949], [17.3369, 53.17149], [17.34192, 53.16757], [17.34303, 53.16567], [17.3438, 53.16524], [17.34605, 53.16608], [17.3468, 53.16344], [17.34215, 53.15872], [17.33525, 53.15543], [17.35313, 53.15477], [17.35132, 53.15103], [17.37412, 53.14856], [17.3897, 53.14414], [17.3928, 53.14196], [17.38995, 53.14156], [17.39037, 53.13766], [17.38711, 53.13759], [17.3879, 53.13522], [17.38672, 53.13515], [17.38706, 53.13374], [17.38391, 53.13346], [17.38398, 53.13297], [17.3688, 53.13209], [17.36408, 53.13303], [17.36065, 53.13196], [17.35256, 53.13115], [17.3569, 53.12391], [17.35962, 53.1241], [17.36094, 53.11744], [17.35715, 53.0872], [17.35023, 53.08522], [17.3345, 53.07743], [17.32395, 53.07826], [17.32685, 53.06629], [17.32926, 53.06211], [17.33063, 53.05122], [17.33669, 53.04274], [17.33489, 53.0262], [17.33229, 53.02062], [17.33341, 53.01912], [17.32891, 53.01777], [17.32588, 53.01926], [17.32234, 53.01828], [17.32054, 53.01875], [17.31854, 53.02075], [17.31542, 53.01914], [17.31319, 53.01596], [17.31321, 53.01174], [17.30944, 53.00634], [17.30588, 53.00389], [17.30372, 52.99729], [17.30156, 52.9948], [17.30892, 52.9926], [17.31089, 52.99275], [17.317, 52.98997], [17.318, 52.98722], [17.31886, 52.98714], [17.31692, 52.97404], [17.34948, 52.97226], [17.36046, 52.97518], [17.36873, 52.97443], [17.3686, 52.97326], [17.39478, 52.98233], [17.39709, 52.98147], [17.41103, 52.971], [17.42075, 52.96941], [17.42564, 52.96758], [17.43385, 52.96182], [17.44805, 52.95715], [17.45806, 52.95059], [17.46454, 52.94872], [17.46993, 52.94831], [17.47533, 52.94832], [17.4854, 52.94999], [17.48618, 52.94804], [17.49126, 52.94578], [17.49835, 52.93247], [17.51865, 52.92804], [17.51524, 52.92249], [17.50958, 52.91777], [17.51479, 52.90183], [17.51898, 52.89678], [17.51772, 52.88828], [17.51835, 52.88567], [17.52651, 52.88564], [17.52702, 52.88475], [17.52846, 52.88481], [17.52662, 52.87765], [17.52382, 52.8764], [17.52328, 52.87406], [17.5263, 52.86892], [17.52375, 52.86564], [17.52678, 52.86507], [17.52702, 52.86423], [17.52465, 52.86389], [17.52715, 52.85818], [17.52181, 52.85513], [17.51333, 52.85488], [17.51333, 52.84523], [17.51559, 52.84277], [17.51581, 52.83882], [17.51234, 52.83181], [17.51967, 52.82694], [17.52096, 52.82153], [17.51402, 52.81818], [17.51388, 52.81207], [17.5119, 52.81082], [17.5132, 52.80956], [17.51097, 52.80972], [17.5045, 52.80405], [17.50707, 52.80108], [17.50536, 52.79858], [17.50983, 52.79581], [17.50722, 52.79371], [17.50404, 52.78734], [17.49821, 52.78492], [17.49664, 52.78563], [17.48423, 52.78608], [17.47339, 52.78758], [17.46044, 52.78677], [17.46033, 52.79075], [17.45283, 52.79723], [17.44306, 52.78785], [17.4324, 52.78388], [17.42705, 52.78633], [17.41583, 52.78374], [17.41086, 52.78518], [17.41277, 52.77677], [17.40812, 52.77149], [17.41126, 52.76994], [17.41238, 52.76832], [17.42252, 52.7666], [17.42127, 52.76471], [17.41381, 52.76674], [17.41416, 52.76248], [17.40774, 52.7618], [17.40967, 52.75705], [17.40517, 52.75825], [17.40437, 52.75672], [17.41561, 52.75614], [17.41876, 52.75127], [17.42995, 52.7522], [17.43442, 52.75058], [17.43929, 52.75036], [17.44884, 52.74473], [17.44978, 52.74278], [17.45572, 52.74146], [17.4586, 52.73999], [17.45852, 52.73895], [17.47058, 52.73718], [17.4692, 52.7336], [17.47914, 52.73231], [17.4877, 52.72952], [17.48967, 52.72729], [17.48807, 52.7273], [17.48703, 52.72564], [17.48749, 52.72128], [17.48245, 52.71953], [17.47947, 52.71495], [17.48006, 52.71145], [17.50027, 52.7111], [17.50037, 52.70862], [17.49532, 52.70395], [17.48612, 52.70463], [17.48386, 52.7058], [17.47788, 52.70683], [17.47575, 52.70527], [17.47288, 52.70228], [17.47484, 52.6963], [17.47134, 52.69254], [17.47253, 52.68939], [17.47123, 52.68735], [17.47185, 52.68578], [17.46726, 52.6804], [17.48466, 52.68198], [17.48503, 52.68467], [17.48334, 52.68468], [17.48212, 52.68784], [17.48297, 52.68884], [17.48516, 52.68879], [17.48783, 52.68768], [17.48976, 52.68434], [17.49722, 52.68366], [17.50081, 52.68465], [17.50613, 52.67313], [17.51289, 52.67294], [17.51673, 52.67421]]]}}, {"type": "Feature", "properties": {"kod": "32", "nazwa": "zachodniopomorskie"}, "geometry": {"type": "Polygon", "coordinates": [[[16.59878, 54.55797], [16.68981, 54.57022], [16.69852, 54.57013], [16.71216, 54.55457], [16.73918, 54.53836], [16.7475, 54.53041], [16.74814, 54.52757], [16.74569, 54.52706], [16.74325, 54.52501], [16.7408, 54.52473], [16.73929, 54.51782], [16.75271, 54.49683], [16.75466, 54.49681], [16.75474, 54.49476], [16.75684, 54.49445], [16.75899, 54.49058], [16.76275, 54.48771], [16.76113, 54.48578], [16.76763, 54.4875], [16.7705, 54.48603], [16.77895, 54.4846], [16.79331, 54.48744], [16.79316, 54.48439], [16.79946, 54.48432], [16.80066, 54.48066], [16.81074, 54.48185], [16.81164, 54.48312], [16.81005, 54.4802], [16.81166, 54.47431], [16.81715, 54.46874], [16.81804, 54.46867], [16.81747, 54.46918], [16.8191, 54.47062], [16.81803, 54.47274], [16.81976, 54.47297], [16.82753, 54.46474], [16.82386, 54.46386], [16.82525, 54.46076], [16.82711, 54.46125], [16.82825, 54.45875], [16.82106, 54.45631], [16.82386, 54.45436], [16.82212, 54.45371], [16.82697, 54.44894], [16.84112, 54.43843], [16.83962, 54.432], [16.83037, 54.42429], [16.82439, 54.41572], [16.83346, 54.41144], [16.84013, 54.40527], [16.84042, 54.39873], [16.84724, 54.39357], [16.84977, 54.38992], [16.85112, 54.38898], [16.85315, 54.389], [16.85362, 54.38758], [16.8522, 54.38611], [16.85862, 54.38258], [16.85747, 54.37823], [16.85073, 54.37413], [16.84371, 54.37221], [16.84437, 54.37541], [16.83817, 54.37582], [16.8375, 54.37046], [16.82151, 54.36833], [16.80779, 54.37046], [16.80975, 54.35955], [16.81555, 54.3602], [16.81946, 54.35472], [16.82816, 54.34603], [16.82513, 54.34187], [16.82407, 54.33807], [16.82282, 54.33795], [16.82412, 54.33164], [16.81977, 54.32482], [16.81382, 54.31841], [16.82158, 54.31663], [16.824, 54.31834], [16.82588, 54.31774], [16.82466, 54.31673], [16.82548, 54.31626], [16.83873, 54.31625], [16.8395, 54.31472], [16.83804, 54.31388], [16.84331, 54.31237], [16.84477, 54.31078], [16.85012, 54.30975], [16.85433, 54.30759], [16.85453, 54.29972], [16.85716, 54.29793], [16.86417, 54.28556], [16.8654, 54.27592], [16.86442, 54.27048], [16.862, 54.26597], [16.86509, 54.26102], [16.84845, 54.25408], [16.84278, 54.25002], [16.8313, 54.24578], [16.82597, 54.24723], [16.82528, 54.24662], [16.8204, 54.24687], [16.81611, 54.24622], [16.81355, 54.24425], [16.80947, 54.24299], [16.80163, 54.24412], [16.79655, 54.24363], [16.79714, 54.2429], [16.79343, 54.24172], [16.78967, 54.24162], [16.78162, 54.2393], [16.77787, 54.23933], [16.77436, 54.24067], [16.77238, 54.24052], [16.77028, 54.2388], [16.7685, 54.23927], [16.76637, 54.23845], [16.76571, 54.23696], [16.76362, 54.23664], [16.76102, 54.23403], [16.75443, 54.23577], [16.75098, 54.23449], [16.75008, 54.2328], [16.74724, 54.23126], [16.74062, 54.23034], [16.7337, 54.2328], [16.73143, 54.23111], [16.73021, 54.23162], [16.72926, 54.23052], [16.73014, 54.2298], [16.72874, 54.2286], [16.72959, 54.22782], [16.72856, 54.22655], [16.73002, 54.225], [16.7282, 54.22522], [16.72726, 54.22356], [16.72632, 54.22449], [16.725, 54.22291], [16.72405, 54.22393], [16.72207, 54.22221], [16.72239, 54.22121], [16.72093, 54.22143], [16.71983, 54.22054], [16.7188, 54.22117], [16.71811, 54.21938], [16.7165, 54.2196], [16.71496, 54.21701], [16.71678, 54.21652], [16.71189, 54.21413], [16.71271, 54.21256], [16.71722, 54.21214], [16.71594, 54.20975], [16.71958, 54.20935], [16.71976, 54.20239], [16.73274, 54.20365], [16.73409, 54.19536], [16.73564, 54.19404], [16.73488, 54.18999], [16.73567, 54.18863], [16.7351, 54.18461], [16.72869, 54.18415], [16.73104, 54.17837], [16.73524, 54.17636], [16.74554, 54.17419], [16.74885, 54.17273], [16.75726, 54.161], [16.75682, 54.15783], [16.7602, 54.15667], [16.7596, 54.15761], [16.76059, 54.15767], [16.76104, 54.15639], [16.76436, 54.15533], [16.76822, 54.15652], [16.77187, 54.15533], [16.77519, 54.15551], [16.77363, 54.15346], [16.77394, 54.15201], [16.77618, 54.15044], [16.77639, 54.14799], [16.77526, 54.14686], [16.77658, 54.14534], [16.77491, 54.14425], [16.77747, 54.13599], [16.77471, 54.13362], [16.77796, 54.1333], [16.77996, 54.13404], [16.78006, 54.13215], [16.7841, 54.1312], [16.78142, 54.12781], [16.77806, 54.12832], [16.77731, 54.12731], [16.77836, 54.12635], [16.77694, 54.12567], [16.77878, 54.12393], [16.77974, 54.12411], [16.77826, 54.12064], [16.77901, 54.11924], [16.79334, 54.12129], [16.79648, 54.12065], [16.80461, 54.11607], [16.80305, 54.11527], [16.80382, 54.11339], [16.80233, 54.11314], [16.80098, 54.1055], [16.7995, 54.1057], [16.79879, 54.10507], [16.79927, 54.10136], [16.7935, 54.10089], [16.79485, 54.09013], [16.79227, 54.0792], [16.79502, 54.07884], [16.79822, 54.0799], [16.79775, 54.07884], [16.79395, 54.07793], [16.79338, 54.07516], [16.79832, 54.0755], [16.80354, 54.07892], [16.8047, 54.07589], [16.80844, 54.07537], [16.81265, 54.07311], [16.809, 54.07057], [16.80849, 54.0663], [16.81181, 54.06108], [16.80654, 54.0565], [16.79843, 54.05561], [16.79618, 54.05361], [16.79431, 54.04531], [16.79808, 54.03832], [16.79757, 54.03532], [16.79496, 54.03374], [16.794, 54.03408], [16.79258, 54.03124], [16.78591, 54.02845], [16.78311, 54.02412], [16.78285, 54.02253], [16.78423, 54.02203], [16.78485, 54.0201], [16.78744, 54.0178], [16.78859, 54.01311], [16.79008, 54.01297], [16.78869, 54.01515], [16.78963, 54.01596], [16.79067, 54.01299], [16.79257, 54.01195], [16.796, 54.01259], [16.7943, 54.01172], [16.79568, 54.01072], [16.79985, 54.01102], [16.79904, 54.01026], [16.79353, 54.01001], [16.79287, 54.01096], [16.79068, 54.01124], [16.78955, 54.0108], [16.79143, 54.00819], [16.79486, 54.00823], [16.79426, 54.00694], [16.79516, 54.00649], [16.79775, 54.00707], [16.7977, 54.00597], [16.79892, 54.00754], [16.79893, 54.00571], [16.80071, 54.00539], [16.80135, 54.00399], [16.79951, 54.00293], [16.80109, 53.9997], [16.79573, 53.99536], [16.79679, 53.99478], [16.79586, 53.99225], [16.7971, 53.98945], [16.79585, 53.9888], [16.79722, 53.98863], [16.79879, 53.98678], [16.79516, 53.9855], [16.79058, 53.98505], [16.78999, 53.98145], [16.78779, 53.98019], [16.78897, 53.97954], [16.79138, 53.98048], [16.80042, 53.97982], [16.80535, 53.98112], [16.8065, 53.98002], [16.80433, 53.97906], [16.80574, 53.97753], [16.80755, 53.97814], [16.80628, 53.97923], [16.80725, 53.97958], [16.81399, 53.9796], [16.81329, 53.98363], [16.81053, 53.98461], [16.8107, 53.98574], [16.80668, 53.98603], [16.80482, 53.98537], [16.80251, 53.98577], [16.80233, 53.98692], [16.80391, 53.98938], [16.80465, 53.9876], [16.80717, 53.98749], [16.80574, 53.99031], [16.80424, 53.99097], [16.80334, 53.99423], [16.80529, 53.99428], [16.80636, 53.99341], [16.80817, 53.99455], [16.81296, 53.99548], [16.81459, 53.99674], [16.81487, 53.99852], [16.81348, 53.99893], [16.81506, 54.00026], [16.81289, 54.00098], [16.81321, 54.00147], [16.81505, 54.00168], [16.81612, 54.00051], [16.81796, 54.00096], [16.81799, 54.00382], [16.81448, 54.00503], [16.82156, 54.00365], [16.82504, 54.00436], [16.82772, 53.99973], [16.82645, 53.99812], [16.82856, 53.99517], [16.84225, 53.99785], [16.84324, 53.99514], [16.84232, 53.99381], [16.84421, 53.99248], [16.84383, 53.9908], [16.84687, 53.98387], [16.85452, 53.98362], [16.86118, 53.98005], [16.87426, 53.97721], [16.87682, 53.97151], [16.87638, 53.97072], [16.87435, 53.97045], [16.87465, 53.96916], [16.88, 53.96361], [16.87779, 53.96062], [16.87849, 53.95673], [16.87957, 53.95644], [16.87732, 53.95477], [16.87597, 53.95212], [16.87283, 53.9511], [16.86667, 53.9519], [16.8623, 53.95088], [16.86181, 53.94784], [16.85822, 53.94706], [16.86271, 53.94619], [16.86807, 53.9478], [16.87201, 53.9464], [16.87616, 53.94407], [16.87654, 53.94022], [16.88065, 53.94134], [16.90871, 53.92533], [16.91185, 53.92582], [16.9171, 53.92465], [16.92196, 53.92539], [16.92451, 53.92247], [16.92325, 53.92096], [16.93486, 53.91425], [16.93582, 53.91463], [16.9414, 53.91209], [16.95062, 53.91226], [16.9506, 53.90943], [16.95516, 53.90685], [16.962, 53.90757], [16.96453, 53.90484], [16.96584, 53.90471], [16.98206, 53.90491], [16.97634, 53.87975], [16.97055, 53.88058], [16.9707, 53.87797], [16.9505, 53.87923], [16.95469, 53.87468], [16.92465, 53.87468], [16.91462, 53.87565], [16.91164, 53.87741], [16.90961, 53.87661], [16.9099, 53.87601], [16.90727, 53.87578], [16.90174, 53.87704], [16.90167, 53.87423], [16.89744, 53.87531], [16.89593, 53.87807], [16.89269, 53.8789], [16.89365, 53.87504], [16.89597, 53.87258], [16.89355, 53.87159], [16.89031, 53.87262], [16.89003, 53.87158], [16.87248, 53.8686], [16.87113, 53.85751], [16.86832, 53.85438], [16.86516, 53.85481], [16.86468, 53.85334], [16.86072, 53.85224], [16.86848, 53.85123], [16.87018, 53.85013], [16.87011, 53.84713], [16.87246, 53.84497], [16.87166, 53.83766], [16.87359, 53.83746], [16.87404, 53.83617], [16.87284, 53.83436], [16.86996, 53.8349], [16.86847, 53.83406], [16.87278, 53.82962], [16.87396, 53.83182], [16.87622, 53.83177], [16.88546, 53.82913], [16.8942, 53.8234], [16.89973, 53.82366], [16.90271, 53.82164], [16.90628, 53.8221], [16.91052, 53.81977], [16.91104, 53.81639], [16.9098, 53.81515], [16.90754, 53.81547], [16.90691, 53.81314], [16.90749, 53.81116], [16.91041, 53.80837], [16.90923, 53.80687], [16.90979, 53.80425], [16.90864, 53.80366], [16.90951, 53.80178], [16.91646, 53.79946], [16.91805, 53.79807], [16.92063, 53.7992], [16.92936, 53.80039], [16.92974, 53.80102], [16.93759, 53.80185], [16.94035, 53.80671], [16.94173, 53.80567], [16.94516, 53.80541], [16.94561, 53.80619], [16.94807, 53.80572], [16.94453, 53.80092], [16.94506, 53.79977], [16.94343, 53.79853], [16.93982, 53.7905], [16.93778, 53.78951], [16.93629, 53.78656], [16.9366, 53.78417], [16.9341, 53.78399], [16.93306, 53.77946], [16.93066, 53.77724], [16.92063, 53.77463], [16.91618, 53.77229], [16.90318, 53.76524], [16.90066, 53.76105], [16.88072, 53.75566], [16.85765, 53.7471], [16.86799, 53.73065], [16.87728, 53.71905], [16.87571, 53.71507], [16.87927, 53.70119], [16.88025, 53.68845], [16.88623, 53.67619], [16.89224, 53.65587], [16.88209, 53.65389], [16.88081, 53.65281], [16.88172, 53.65187], [16.87741, 53.65104], [16.86952, 53.64763], [16.86644, 53.65033], [16.85369, 53.63866], [16.85532, 53.63237], [16.85194, 53.62936], [16.84863, 53.62878], [16.84909, 53.62722], [16.8448, 53.62649], [16.8449, 53.62705], [16.84128, 53.6258], [16.83847, 53.62843], [16.84017, 53.62929], [16.83663, 53.63055], [16.83086, 53.6349], [16.82915, 53.63975], [16.82606, 53.64341], [16.81977, 53.64161], [16.81454, 53.64105], [16.81317, 53.63998], [16.81314, 53.63743], [16.81602, 53.63544], [16.81634, 53.63393], [16.81383, 53.63081], [16.7954, 53.62959], [16.77474, 53.62715], [16.76763, 53.62529], [16.75823, 53.62412], [16.759, 53.6209], [16.76051, 53.62103], [16.76286, 53.61809], [16.76031, 53.61754], [16.75414, 53.61069], [16.74956, 53.60093], [16.74227, 53.60021], [16.74068, 53.59888], [16.74387, 53.59604], [16.74264, 53.59098], [16.73796, 53.58848], [16.73992, 53.5885], [16.73953, 53.58372], [16.74637, 53.57566], [16.74024, 53.5668], [16.73564, 53.56639], [16.73237, 53.56899], [16.72766, 53.56718], [16.72544, 53.56059], [16.72719, 53.55515], [16.71875, 53.54422], [16.71923, 53.5394], [16.71704, 53.5336], [16.72996, 53.52924], [16.72632, 53.52865], [16.72059, 53.52616], [16.72196, 53.52214], [16.71529, 53.52046], [16.71449, 53.51854], [16.71056, 53.51605], [16.706, 53.51484], [16.70061, 53.51477], [16.69768, 53.51599], [16.69692, 53.51814], [16.69563, 53.51831], [16.67313, 53.50235], [16.65485, 53.49103], [16.65093, 53.48656], [16.64251, 53.48426], [16.6337, 53.48574], [16.62107, 53.4854], [16.61442, 53.4834], [16.59659, 53.48388], [16.58825, 53.48236], [16.58442, 53.48371], [16.58029, 53.47874], [16.56166, 53.47909], [16.53268, 53.47834], [16.49006, 53.4703], [16.48785, 53.47275], [16.48543, 53.47341], [16.48253, 53.47558], [16.48204, 53.47687], [16.45421, 53.48848], [16.43624, 53.46056], [16.44191, 53.45797], [16.44669, 53.45724], [16.44812, 53.45744], [16.44755, 53.4589], [16.45108, 53.4606], [16.45705, 53.45995], [16.45988, 53.45824], [16.46208, 53.45866], [16.46258, 53.46], [16.46406, 53.45952], [16.46388, 53.45727], [16.4595, 53.45246], [16.45222, 53.45249], [16.44668, 53.45508], [16.44385, 53.45309], [16.46657, 53.40411], [16.47256, 53.405], [16.47434, 53.40292], [16.47396, 53.40015], [16.47704, 53.39736], [16.47452, 53.3901], [16.47525, 53.38779], [16.48079, 53.38676], [16.49164, 53.38264], [16.48892, 53.38438], [16.48712, 53.38797], [16.48876, 53.38784], [16.49593, 53.38327], [16.49941, 53.38501], [16.5024, 53.38429], [16.51019, 53.3796], [16.50748, 53.37835], [16.50842, 53.37612], [16.52566, 53.36719], [16.52922, 53.36978], [16.53276, 53.3758], [16.53549, 53.37828], [16.53655, 53.37578], [16.53914, 53.37552], [16.53803, 53.37355], [16.54084, 53.37234], [16.54028, 53.3708], [16.54243, 53.37022], [16.54338, 53.36896], [16.54154, 53.36681], [16.54178, 53.36561], [16.54402, 53.36523], [16.54531, 53.36685], [16.54658, 53.3666], [16.54549, 53.36341], [16.55123, 53.35866], [16.55114, 53.35656], [16.55473, 53.35569], [16.55576, 53.3545], [16.55839, 53.35583], [16.55916, 53.35362], [16.56261, 53.35298], [16.57201, 53.35845], [16.57605, 53.35546], [16.57431, 53.35434], [16.58512, 53.34666], [16.594, 53.34503], [16.6057, 53.34513], [16.62351, 53.34624], [16.62854, 53.34759], [16.62858, 53.34578], [16.63164, 53.34298], [16.62911, 53.33923], [16.63442, 53.33774], [16.63847, 53.33544], [16.63812, 53.33303], [16.63547, 53.33075], [16.63686, 53.32833], [16.64534, 53.3287], [16.6462, 53.32706], [16.64849, 53.32607], [16.65097, 53.32647], [16.65392, 53.3253], [16.65636, 53.32287], [16.65671, 53.32087], [16.66171, 53.32023], [16.6698, 53.31793], [16.67606, 53.31964], [16.67868, 53.31948], [16.68228, 53.31697], [16.68121, 53.31157], [16.68753, 53.30719], [16.68902, 53.30703], [16.69058, 53.30834], [16.69433, 53.3074], [16.69651, 53.3053], [16.69514, 53.3024], [16.69691, 53.30105], [16.69976, 53.30134], [16.7057, 53.30354], [16.71339, 53.30158], [16.71322, 53.29993], [16.71447, 53.29913], [16.67607, 53.29075], [16.67372, 53.29222], [16.67274, 53.29139], [16.67498, 53.29073], [16.67451, 53.29011], [16.66184, 53.27856], [16.65578, 53.27919], [16.65387, 53.28143], [16.65136, 53.28078], [16.65086, 53.27563], [16.65608, 53.2715], [16.65758, 53.27142], [16.65785, 53.26775], [16.65985, 53.26793], [16.66085, 53.26688], [16.65604, 53.26667], [16.64562, 53.2679], [16.63005, 53.26002], [16.63206, 53.2592], [16.63219, 53.26023], [16.63527, 53.26036], [16.63559, 53.25894], [16.63878, 53.25903], [16.64005, 53.25719], [16.64138, 53.25668], [16.64325, 53.25709], [16.64468, 53.25558], [16.6345, 53.25276], [16.62937, 53.24938], [16.62501, 53.24259], [16.62234, 53.24124], [16.62067, 53.2336], [16.63226, 53.2337], [16.63453, 53.22782], [16.62503, 53.22645], [16.63461, 53.2199], [16.63832, 53.21498], [16.62992, 53.21837], [16.62022, 53.21353], [16.62566, 53.20858], [16.62074, 53.20627], [16.61321, 53.20892], [16.60956, 53.20871], [16.59646, 53.2176], [16.60042, 53.22281], [16.59571, 53.2277], [16.59607, 53.2297], [16.57954, 53.22705], [16.57693, 53.23132], [16.57469, 53.23167], [16.56934, 53.22985], [16.55937, 53.23316], [16.55655, 53.2298], [16.55858, 53.22904], [16.55067, 53.22334], [16.55642, 53.22129], [16.54505, 53.21717], [16.53569, 53.22009], [16.53583, 53.2187], [16.53212, 53.21901], [16.53245, 53.21548], [16.52897, 53.21545], [16.53085, 53.20693], [16.53965, 53.20143], [16.52778, 53.19971], [16.52756, 53.19723], [16.5206, 53.18582], [16.51299, 53.18492], [16.51342, 53.18394], [16.51479, 53.18407], [16.5157, 53.18171], [16.51023, 53.18232], [16.50588, 53.17784], [16.50779, 53.17622], [16.50397, 53.17575], [16.50104, 53.17261], [16.50121, 53.16675], [16.49958, 53.16329], [16.48384, 53.16418], [16.47649, 53.17029], [16.47245, 53.16982], [16.4591, 53.16563], [16.4605, 53.1648], [16.45495, 53.16435], [16.4562, 53.16261], [16.44937, 53.15984], [16.44926, 53.16215], [16.44556, 53.1621], [16.44712, 53.15504], [16.44503, 53.15444], [16.43794, 53.15653], [16.43254, 53.15638], [16.42553, 53.15065], [16.42477, 53.14865], [16.41665, 53.14887], [16.4151, 53.15136], [16.41647, 53.15225], [16.41124, 53.15425], [16.4109, 53.15551], [16.41278, 53.15579], [16.40532, 53.15851], [16.40744, 53.16113], [16.41136, 53.16118], [16.41102, 53.16246], [16.40894, 53.16291], [16.40952, 53.16363], [16.39918, 53.16366], [16.40175, 53.16047], [16.39827, 53.15941], [16.39701, 53.16036], [16.39157, 53.15778], [16.39572, 53.15385], [16.39835, 53.14838], [16.39149, 53.14092], [16.39053, 53.13095], [16.38396, 53.1298], [16.37586, 53.12659], [16.37478, 53.12763], [16.37543, 53.1284], [16.37235, 53.12845], [16.36295, 53.123], [16.3669, 53.12117], [16.3599, 53.11437], [16.35539, 53.11317], [16.34601, 53.11237], [16.34681, 53.10811], [16.35198, 53.10378], [16.35534, 53.09908], [16.35549, 53.09656], [16.35929, 53.09351], [16.3613, 53.0871], [16.3643, 53.08198], [16.36281, 53.07657], [16.35088, 53.07273], [16.34754, 53.06925], [16.34363, 53.06704], [16.33907, 53.06034], [16.3353, 53.05962], [16.33358, 53.06004], [16.33031, 53.05662], [16.32403, 53.05799], [16.32406, 53.04974], [16.31607, 53.05122], [16.31494, 53.04906], [16.31283, 53.04965], [16.31037, 53.04532], [16.3173, 53.04395], [16.31519, 53.03917], [16.31706, 53.0385], [16.31693, 53.0367], [16.29487, 53.03813], [16.28599, 53.04103], [16.28796, 53.04421], [16.2795, 53.04564], [16.27672, 53.0455], [16.27249, 53.04856], [16.26991, 53.04907], [16.2675, 53.04801], [16.25981, 53.0476], [16.244, 53.04456], [16.22947, 53.03942], [16.20836, 53.03577], [16.18617, 53.03357], [16.15888, 53.02358], [16.15365, 53.01998], [16.13758, 53.01367], [16.12071, 53.01195], [16.1132, 53.01248], [16.09601, 53.0155], [16.08771, 53.01537], [16.08356, 53.01454], [16.07351, 53.0162], [16.06872, 53.01837], [16.05452, 53.02162], [16.04836, 53.0263], [16.04549, 53.02726], [16.04504, 53.02883], [16.03795, 53.03055], [16.03316, 53.03286], [16.02386, 53.03552], [16.01006, 53.03369], [16.00247, 53.03572], [15.98135, 53.03936], [15.96453, 53.04063], [15.96248, 53.04134], [15.96534, 53.04206], [15.96511, 53.04287], [15.96709, 53.04403], [15.96654, 53.04628], [15.96833, 53.04617], [15.97441, 53.05126], [15.97343, 53.05222], [15.97464, 53.05371], [15.97248, 53.05688], [15.97567, 53.0555], [15.97539, 53.05494], [15.97845, 53.05679], [15.98025, 53.05642], [15.98147, 53.05434], [15.98312, 53.05546], [15.98512, 53.05464], [15.98495, 53.05372], [15.98613, 53.05425], [15.98686, 53.05345], [15.98635, 53.05487], [15.98806, 53.05533], [15.98876, 53.05462], [15.98967, 53.05589], [15.98781, 53.0568], [15.98812, 53.05775], [15.98536, 53.06029], [15.98691, 53.06247], [15.98476, 53.06432], [15.98635, 53.06489], [15.98556, 53.0659], [15.98728, 53.06915], [15.99047, 53.07077], [15.99044, 53.07173], [15.99199, 53.07181], [15.99452, 53.07354], [15.99413, 53.07746], [15.99538, 53.07826], [15.99432, 53.07837], [15.9924, 53.08077], [15.99533, 53.08155], [15.99667, 53.08292], [15.99825, 53.08701], [15.99261, 53.09169], [15.98883, 53.09301], [15.98658, 53.09293], [15.98578, 53.09211], [15.98593, 53.09602], [15.98341, 53.09717], [15.98094, 53.09728], [15.98426, 53.10074], [15.98314, 53.10233], [15.98158, 53.10257], [15.98077, 53.10155], [15.97916, 53.10327], [15.98187, 53.10613], [15.98184, 53.10959], [15.98408, 53.11096], [15.98513, 53.11335], [15.98324, 53.11512], [15.98145, 53.11566], [15.98042, 53.11446], [15.97928, 53.11031], [15.91641, 53.11926], [15.91288, 53.11997], [15.91176, 53.12395], [15.88039, 53.11866], [15.87745, 53.11934], [15.87533, 53.12115], [15.86588, 53.11807], [15.85874, 53.11684], [15.85772, 53.11685], [15.85714, 53.11807], [15.84818, 53.11524], [15.85999, 53.09372], [15.83694, 53.08937], [15.83352, 53.08761], [15.83021, 53.08803], [15.81145, 53.08441], [15.81252, 53.08238], [15.80937, 53.08077], [15.81353, 53.08052], [15.82161, 53.06521], [15.79151, 53.05916], [15.78815, 53.05993], [15.78576, 53.05965], [15.78275, 53.06108], [15.77981, 53.06019], [15.78029, 53.05904], [15.77888, 53.058], [15.78978, 53.05736], [15.79437, 53.05345], [15.79883, 53.05344], [15.79916, 53.05268], [15.80198, 53.05262], [15.80225, 53.05118], [15.80415, 53.0505], [15.803, 53.04743], [15.80868, 53.04537], [15.80214, 53.04386], [15.79911, 53.04446], [15.79552, 53.04367], [15.79402, 53.04407], [15.79307, 53.04376], [15.79328, 53.04254], [15.79147, 53.04238], [15.79092, 53.04346], [15.7879, 53.0428], [15.79015, 53.041], [15.78506, 53.03988], [15.78176, 53.0358], [15.78156, 53.03353], [15.77874, 53.03337], [15.77802, 53.02982], [15.77355, 53.02878], [15.77285, 53.02671], [15.76268, 53.02665], [15.76244, 53.02557], [15.76741, 53.02037], [15.77012, 53.02026], [15.77729, 53.01728], [15.77684, 53.01617], [15.778, 53.01518], [15.77395, 53.01438], [15.77373, 53.01337], [15.77569, 53.01287], [15.77164, 53.00674], [15.77284, 53.00331], [15.7692, 52.99953], [15.7652, 52.99892], [15.76347, 53.00057], [15.76058, 52.99496], [15.75942, 52.99668], [15.75441, 52.99594], [15.74332, 52.99143], [15.7305, 52.98983], [15.72107, 52.9866], [15.71909, 52.98862], [15.71394, 52.98891], [15.70832, 52.99046], [15.70592, 52.99263], [15.70636, 52.9945], [15.70439, 52.99566], [15.70282, 52.99547], [15.70159, 52.99362], [15.69868, 52.99334], [15.69712, 52.99385], [15.69652, 52.99516], [15.6951, 52.99496], [15.69398, 52.99578], [15.69379, 52.99689], [15.69496, 52.99758], [15.69191, 52.99823], [15.68938, 52.99588], [15.68186, 52.99722], [15.68053, 52.99554], [15.67548, 52.99325], [15.66457, 52.99026], [15.66112, 52.98996], [15.65153, 52.98381], [15.6377, 52.97728], [15.63326, 52.97639], [15.61553, 52.9843], [15.61089, 52.98219], [15.60642, 52.98479], [15.60243, 52.98504], [15.58798, 52.98107], [15.5842, 52.98654], [15.58054, 52.98893], [15.57341, 52.98663], [15.57218, 52.98689], [15.57051, 52.98811], [15.56869, 52.99214], [15.56189, 52.99923], [15.56064, 53.00429], [15.55911, 53.00608], [15.55664, 53.00662], [15.5552, 53.01133], [15.55016, 53.01252], [15.54692, 53.01446], [15.53976, 53.00943], [15.54067, 53.00844], [15.53278, 53.00574], [15.52983, 53.00527], [15.52518, 53.00625], [15.52439, 53.00374], [15.50162, 52.99966], [15.50098, 53.00068], [15.49706, 52.99891], [15.48796, 52.99735], [15.47545, 52.99383], [15.4652, 52.98866], [15.45372, 52.98724], [15.44658, 52.98938], [15.44217, 52.98953], [15.41965, 52.98329], [15.41197, 52.98029], [15.40523, 52.97452], [15.38831, 52.97164], [15.38885, 52.97092], [15.38681, 52.96874], [15.38622, 52.96584], [15.38641, 52.96498], [15.38871, 52.96449], [15.38888, 52.96325], [15.39084, 52.96283], [15.38997, 52.96207], [15.38096, 52.95908], [15.37327, 52.95218], [15.37158, 52.94831], [15.36934, 52.94702], [15.36827, 52.9465], [15.36527, 52.94814], [15.36201, 52.94809], [15.36125, 52.94591], [15.36308, 52.94518], [15.36321, 52.9442], [15.35956, 52.94412], [15.3517, 52.94164], [15.35068, 52.94309], [15.33332, 52.94815], [15.31526, 52.9522], [15.30694, 52.9529], [15.28781, 52.95804], [15.28393, 52.95423], [15.28298, 52.94615], [15.29205, 52.93281], [15.30514, 52.92393], [15.30788, 52.91931], [15.31963, 52.90944], [15.32224, 52.90302], [15.32491, 52.90421], [15.32759, 52.90447], [15.32939, 52.90342], [15.33167, 52.9044], [15.33269, 52.90005], [15.33225, 52.8985], [15.32676, 52.89485], [15.32236, 52.89418], [15.32192, 52.89576], [15.28564, 52.88599], [15.28814, 52.88203], [15.28751, 52.87962], [15.28391, 52.88151], [15.28107, 52.88704], [15.27881, 52.88536], [15.2802, 52.88454], [15.27902, 52.88358], [15.27852, 52.88411], [15.27565, 52.88336], [15.27645, 52.88266], [15.27388, 52.88275], [15.27411, 52.88218], [15.26698, 52.88112], [15.16776, 52.85555], [15.16648, 52.8543], [15.16304, 52.85446], [15.16099, 52.85694], [15.15917, 52.85718], [15.15913, 52.8543], [15.15755, 52.85282], [15.11858, 52.84281], [15.11727, 52.84179], [15.07176, 52.83058], [15.06822, 52.83342], [15.0691, 52.83491], [15.0684, 52.83702], [15.06517, 52.83905], [15.05458, 52.84324], [15.04912, 52.84352], [15.04849, 52.84596], [15.04467, 52.84965], [15.04442, 52.85301], [15.04135, 52.8566], [15.04098, 52.85943], [15.03741, 52.8621], [15.03744, 52.86108], [15.03421, 52.86092], [15.03163, 52.85919], [15.03032, 52.85923], [15.02807, 52.85695], [15.02282, 52.85675], [15.02112, 52.85767], [15.01482, 52.85677], [15.01312, 52.85457], [15.01194, 52.85515], [15.00971, 52.85423], [15.00857, 52.85455], [15.00711, 52.8537], [15.0096, 52.84774], [15.00205, 52.84725], [14.9987, 52.84463], [14.99082, 52.84253], [14.98783, 52.84655], [14.98802, 52.84798], [14.98917, 52.84815], [14.98808, 52.85076], [14.98162, 52.84895], [14.97978, 52.85234], [14.97906, 52.85382], [14.98083, 52.85478], [14.97957, 52.85655], [14.98, 52.8599], [14.98309, 52.86154], [14.97832, 52.86615], [14.97747, 52.8657], [14.96886, 52.86969], [14.96316, 52.86772], [14.95721, 52.86945], [14.95637, 52.87089], [14.94888, 52.87151], [14.9546, 52.87437], [14.94892, 52.87848], [14.94454, 52.87645], [14.93845, 52.87864], [14.93142, 52.88182], [14.93499, 52.88434], [14.93385, 52.88506], [14.9328, 52.88423], [14.92866, 52.88493], [14.9259, 52.88414], [14.92491, 52.88252], [14.92331, 52.88293], [14.9261, 52.88831], [14.92536, 52.88967], [14.91779, 52.88928], [14.91531, 52.88764], [14.91229, 52.88822], [14.90419, 52.88391], [14.90175, 52.87577], [14.89679, 52.87241], [14.89388, 52.86707], [14.89448, 52.86624], [14.89296, 52.86566], [14.89405, 52.86418], [14.89238, 52.86368], [14.89381, 52.86307], [14.89306, 52.86231], [14.894, 52.86191], [14.89032, 52.86073], [14.89528, 52.85527], [14.90286, 52.85595], [14.9026, 52.8549], [14.90373, 52.85502], [14.90479, 52.85397], [14.91035, 52.85515], [14.91267, 52.85335], [14.91378, 52.85046], [14.91861, 52.84867], [14.91978, 52.84678], [14.91915, 52.84387], [14.91595, 52.84259], [14.91679, 52.84109], [14.91089, 52.83892], [14.91083, 52.83816], [14.90856, 52.83838], [14.90769, 52.83745], [14.90572, 52.83785], [14.90323, 52.83674], [14.90195, 52.83727], [14.90164, 52.83647], [14.89877, 52.83581], [14.89944, 52.83481], [14.8976, 52.83333], [14.89565, 52.83306], [14.89455, 52.83534], [14.89485, 52.84041], [14.8884, 52.84634], [14.87543, 52.84612], [14.87284, 52.84665], [14.87236, 52.84618], [14.86568, 52.84729], [14.86506, 52.84659], [14.86341, 52.84339], [14.86419, 52.8426], [14.86545, 52.84342], [14.86597, 52.8406], [14.87331, 52.83379], [14.8594, 52.82789], [14.85581, 52.83068], [14.85103, 52.82813], [14.85449, 52.82445], [14.85372, 52.82205], [14.85629, 52.82187], [14.85738, 52.82063], [14.85435, 52.81949], [14.85858, 52.81763], [14.85454, 52.81618], [14.85501, 52.81524], [14.85669, 52.81532], [14.85641, 52.81359], [14.8553, 52.81379], [14.85476, 52.81236], [14.86507, 52.81141], [14.86544, 52.81245], [14.86782, 52.81223], [14.86515, 52.8095], [14.86617, 52.80788], [14.86381, 52.8062], [14.8655, 52.80366], [14.86158, 52.80237], [14.86361, 52.80084], [14.86178, 52.80032], [14.86398, 52.79707], [14.86533, 52.79204], [14.86396, 52.79099], [14.85864, 52.79182], [14.85456, 52.79074], [14.85455, 52.79222], [14.84442, 52.79033], [14.84522, 52.78853], [14.84795, 52.78702], [14.84847, 52.7849], [14.85052, 52.78522], [14.8489, 52.7774], [14.83626, 52.77743], [14.8394, 52.77577], [14.83468, 52.77514], [14.8296, 52.77331], [14.81883, 52.77489], [14.81553, 52.77444], [14.81348, 52.773], [14.81493, 52.77213], [14.81075, 52.7696], [14.80903, 52.76488], [14.80581, 52.76238], [14.80453, 52.76274], [14.80099, 52.75845], [14.79592, 52.75844], [14.79134, 52.75703], [14.79205, 52.75442], [14.7894, 52.75197], [14.79969, 52.73751], [14.79521, 52.73587], [14.79793, 52.72652], [14.79645, 52.71784], [14.79141, 52.70458], [14.79159, 52.69713], [14.77832, 52.68224], [14.76509, 52.67365], [14.76344, 52.67017], [14.75539, 52.6712], [14.75242, 52.66888], [14.74914, 52.66215], [14.7476, 52.64707], [14.74924, 52.64436], [14.74223, 52.64325], [14.7434, 52.64132], [14.73009, 52.64196], [14.73258, 52.64046], [14.72896, 52.63728], [14.72489, 52.63618], [14.72682, 52.63393], [14.72201, 52.63257], [14.72182, 52.63094], [14.71524, 52.63261], [14.70327, 52.63227], [14.69918, 52.63276], [14.69909, 52.63362], [14.69164, 52.63305], [14.68988, 52.63337], [14.68994, 52.63579], [14.66971, 52.63782], [14.66992, 52.63838], [14.66682, 52.63962], [14.65828, 52.64235], [14.65909, 52.64465], [14.66357, 52.6463], [14.66248, 52.64804], [14.66051, 52.64907], [14.64724, 52.65123], [14.65036, 52.65328], [14.64764, 52.65368], [14.64395, 52.65707], [14.64015, 52.65774], [14.63834, 52.65929], [14.62862, 52.66041], [14.62849, 52.65485], [14.58271, 52.63239], [14.57721, 52.63346], [14.57811, 52.63505], [14.57673, 52.63636], [14.57455, 52.63561], [14.57161, 52.62898], [14.56876, 52.6298], [14.56727, 52.62736], [14.56469, 52.62687], [14.56392, 52.62445], [14.55083, 52.62751], [14.54897, 52.62912], [14.54097, 52.63113], [14.52093, 52.6389], [14.51184, 52.64061], [14.50802, 52.6432], [14.50158, 52.64487], [14.49541, 52.64861], [14.4838, 52.6529], [14.48187, 52.65458], [14.47819, 52.65483], [14.46225, 52.66298], [14.46021, 52.66646], [14.45911, 52.67222], [14.45325, 52.67702], [14.44808, 52.67897], [14.44376, 52.6788], [14.43352, 52.68115], [14.43008, 52.68437], [14.42906, 52.68623], [14.42941, 52.69015], [14.42522, 52.69516], [14.42105, 52.69791], [14.41447, 52.70017], [14.40738, 52.70724], [14.407, 52.7093], [14.4038, 52.71235], [14.39824, 52.71666], [14.3931, 52.71871], [14.38521, 52.72417], [14.38175, 52.72909], [14.37742, 52.73161], [14.37354, 52.73645], [14.36017, 52.74119], [14.35358, 52.74923], [14.35001, 52.75192], [14.33879, 52.75481], [14.32209, 52.76256], [14.31008, 52.7643], [14.28104, 52.77347], [14.27441, 52.77689], [14.26894, 52.78118], [14.25719, 52.78684], [14.25582, 52.78865], [14.24664, 52.7936], [14.24299, 52.79862], [14.2293, 52.80556], [14.22093, 52.81519], [14.21586, 52.81732], [14.20408, 52.81936], [14.19496, 52.81939], [14.16053, 52.82238], [14.15499, 52.82394], [14.1488, 52.82432], [14.14558, 52.82376], [14.13157, 52.82749], [14.12366, 52.83501], [14.12306, 52.8441], [14.12415, 52.84593], [14.13372, 52.85563], [14.13613, 52.85688], [14.1419, 52.8625], [14.14475, 52.86336], [14.14601, 52.86515], [14.14868, 52.86624], [14.15738, 52.87396], [14.16105, 52.88864], [14.15264, 52.90015], [14.15075, 52.91398], [14.14214, 52.93578], [14.14347, 52.9446], [14.13951, 52.95127], [14.14437, 52.96183], [14.14977, 52.96374], [14.16149, 52.96513], [14.16563, 52.96797], [14.17053, 52.97461], [14.18688, 52.97912], [14.2016, 52.98538], [14.21259, 52.98839], [14.22135, 52.98946], [14.23174, 52.99299], [14.23507, 52.99301], [14.24033, 52.9949], [14.24691, 52.9992], [14.26083, 53.00448], [14.2762, 53.014], [14.2823, 53.01539], [14.28864, 53.0185], [14.30315, 53.0282], [14.3079, 53.03043], [14.314, 53.03661], [14.32132, 53.03977], [14.32279, 53.04155], [14.33221, 53.04393], [14.33576, 53.04609], [14.33862, 53.04673], [14.34458, 53.05102], [14.34758, 53.05533], [14.35502, 53.06206], [14.35906, 53.07273], [14.36584, 53.07879], [14.37131, 53.09692], [14.36972, 53.10199], [14.37075, 53.1057], [14.37869, 53.11135], [14.38092, 53.1185], [14.38006, 53.12574], [14.38255, 53.12905], [14.38174, 53.1317], [14.38385, 53.13713], [14.38725, 53.14239], [14.37118, 53.15649], [14.36978, 53.15997], [14.37032, 53.16355], [14.36652, 53.17237], [14.36984, 53.17843], [14.37012, 53.18211], [14.37443, 53.18691], [14.377, 53.2014], [14.37949, 53.20308], [14.38447, 53.20475], [14.39493, 53.20578], [14.4004, 53.2071], [14.40659, 53.21127], [14.40764, 53.22034], [14.40917, 53.22387], [14.41997, 53.23377], [14.4306, 53.23892], [14.43366, 53.24211], [14.43565, 53.24924], [14.44192, 53.25549], [14.44892, 53.25895], [14.45047, 53.26251], [14.44883, 53.26703], [14.44426, 53.27179], [14.44509, 53.27434], [14.43442, 53.27583], [14.42121, 53.27613], [14.41735, 53.28853], [14.41492, 53.30193], [14.4068, 53.30872], [14.41545, 53.32437], [14.40841, 53.3355], [14.4055, 53.34707], [14.39032, 53.35374], [14.39314, 53.35855], [14.39538, 53.36924], [14.39485, 53.37572], [14.38929, 53.38783], [14.37335, 53.40895], [14.37302, 53.41823], [14.36978, 53.42398], [14.36869, 53.43261], [14.37067, 53.43794], [14.37189, 53.4478], [14.37092, 53.4489], [14.37128, 53.45643], [14.35806, 53.45732], [14.35633, 53.46203], [14.35696, 53.47005], [14.35352, 53.48226], [14.35418, 53.48859], [14.35068, 53.496], [14.3429, 53.49875], [14.33214, 53.50129], [14.32694, 53.50381], [14.32207, 53.51527], [14.31579, 53.52514], [14.31928, 53.5296], [14.31586, 53.53693], [14.3058, 53.54391], [14.30725, 53.55139], [14.3026, 53.55339], [14.31389, 53.56535], [14.31189, 53.57972], [14.31693, 53.61806], [14.3111, 53.61845], [14.28386, 53.63443], [14.28449, 53.65899], [14.27909, 53.66307], [14.2757, 53.66244], [14.27225, 53.66339], [14.27065, 53.66664], [14.27466, 53.66948], [14.27716, 53.66969], [14.27743, 53.67087], [14.28113, 53.67292], [14.28313, 53.67694], [14.28372, 53.68254], [14.28227, 53.6842], [14.27484, 53.68731], [14.27507, 53.68896], [14.27205, 53.68955], [14.27282, 53.69068], [14.27195, 53.69363], [14.26681, 53.6987], [14.26773, 53.70462], [14.27193, 53.70584], [14.26835, 53.70844], [14.273, 53.73784], [14.27172, 53.74071], [14.2739, 53.74382], [14.26695, 53.7535], [14.28367, 53.77236], [14.21237, 53.86742], [14.21542, 53.8808], [14.21356, 53.88709], [14.21226, 53.90027], [14.20392, 53.90662], [14.20577, 53.91055], [14.19239, 53.91209], [14.18533, 53.91196], [14.18533, 53.91409], [14.19111, 53.91577], [14.19685, 53.915], [14.20766, 53.91587], [14.2261, 53.92773], [14.22679, 53.93036], [14.24969, 53.92403], [14.27264, 53.92417], [14.27124, 53.93476], [14.28035, 53.93759], [14.30152, 53.93042], [14.30286, 53.91958], [14.31631, 53.91569], [14.34453, 53.91194], [14.36622, 53.91272], [14.40239, 53.91939], [14.43556, 53.92961], [14.44803, 53.9345], [14.47558, 53.94975], [14.497, 53.96306], [14.50342, 53.96547], [14.53261, 53.97078], [14.58717, 53.98697], [14.67956, 54.00714], [14.71303, 54.01794], [14.72625, 54.02446], [14.75503, 54.02867], [14.79081, 54.03656], [14.89525, 54.0557], [14.95728, 54.06922], [15.00822, 54.08322], [15.048, 54.09289], [15.06969, 54.09733], [15.09217, 54.10072], [15.22672, 54.13233], [15.24128, 54.13469], [15.27736, 54.14456], [15.28458, 54.14848], [15.29906, 54.14914], [15.34247, 54.15478], [15.38743, 54.15957], [15.43217, 54.16608], [15.45531, 54.16722], [15.48067, 54.16694], [15.49553, 54.16867], [15.5215, 54.17447], [15.54119, 54.18153], [15.5491, 54.19075], [15.59173, 54.18935], [15.67914, 54.20225], [15.75892, 54.21875], [15.81392, 54.23419], [15.84258, 54.24058], [15.86514, 54.24383], [15.96403, 54.25092], [16.02394, 54.25833], [16.053, 54.26336], [16.08878, 54.27167], [16.11667, 54.27964], [16.1306, 54.28572], [16.16158, 54.29586], [16.20886, 54.31853], [16.27311, 54.35725], [16.32311, 54.39164], [16.35178, 54.41708], [16.37206, 54.44201], [16.38972, 54.44525], [16.43211, 54.48803], [16.45228, 54.50117], [16.47511, 54.51453], [16.50506, 54.52764], [16.52089, 54.53761], [16.52251, 54.5407], [16.53086, 54.54369], [16.53499, 54.54251], [16.56361, 54.54847], [16.57339, 54.55189], [16.59878, 54.55797]]]}}]}