{"type": "FeatureCollection", "features": [{"type": "Feature", "properties": {"kod": "3", "nazwa": "Pozaalpejska Europa Środkowa", "pow_km2": 232426.4, "etykieta": [17.81403, 52.29874]}, "geometry": {"type": "Polygon", "coordinates": [[[20.26912, 53.51084], [20.27183, 53.50487], [20.27594, 53.5021], [20.27889, 53.50124], [20.28691, 53.50132], [20.29801, 53.49886], [20.30048, 53.5005], [20.30033, 53.50162], [20.29757, 53.50281], [20.29625, 53.50521], [20.29702, 53.50615], [20.3017, 53.50688], [20.30818, 53.50553], [20.30977, 53.49968], [20.31988, 53.49832], [20.32459, 53.50004], [20.32768, 53.50334], [20.33104, 53.50364], [20.33647, 53.49847], [20.34872, 53.49733], [20.35387, 53.49505], [20.35491, 53.49271], [20.351, 53.48675], [20.35153, 53.48597], [20.35546, 53.4867], [20.35688, 53.48424], [20.34815, 53.47923], [20.34649, 53.4737], [20.34325, 53.47236], [20.34868, 53.46951], [20.34581, 53.46698], [20.34704, 53.46406], [20.3483, 53.46329], [20.35666, 53.46286], [20.35935, 53.45961], [20.36337, 53.45745], [20.36779, 53.45607], [20.37245, 53.45602], [20.38164, 53.45269], [20.38687, 53.45307], [20.38802, 53.45428], [20.38337, 53.45665], [20.38313, 53.45845], [20.3878, 53.45884], [20.39168, 53.45802], [20.39208, 53.45901], [20.39473, 53.46009], [20.3975, 53.45961], [20.3998, 53.46159], [20.40428, 53.46187], [20.40873, 53.46148], [20.41315, 53.45999], [20.41873, 53.45437], [20.41699, 53.44117], [20.41915, 53.43903], [20.42979, 53.43468], [20.431, 53.43178], [20.44113, 53.42333], [20.44272, 53.42098], [20.44138, 53.41966], [20.43661, 53.41781], [20.4363, 53.41487], [20.44324, 53.41081], [20.44817, 53.40448], [20.45511, 53.40081], [20.45868, 53.39985], [20.47244, 53.40064], [20.48689, 53.39832], [20.48834, 53.39984], [20.49091, 53.39945], [20.49672, 53.40045], [20.50802, 53.40483], [20.52242, 53.41214], [20.52981, 53.41276], [20.53517, 53.41257], [20.54821, 53.40979], [20.56633, 53.40979], [20.57144, 53.40782], [20.57871, 53.39987], [20.58071, 53.39473], [20.57997, 53.38558], [20.57781, 53.38109], [20.57825, 53.3768], [20.58053, 53.37391], [20.57982, 53.36548], [20.58076, 53.36392], [20.58678, 53.36003], [20.59069, 53.35296], [20.59548, 53.34814], [20.6071, 53.33989], [20.60853, 53.33559], [20.60503, 53.33231], [20.60345, 53.32745], [20.61101, 53.32223], [20.62099, 53.31829], [20.62231, 53.31637], [20.62514, 53.31764], [20.62619, 53.31929], [20.63469, 53.31798], [20.64552, 53.32081], [20.65299, 53.31857], [20.66246, 53.31811], [20.6921, 53.31873], [20.71741, 53.31792], [20.73367, 53.3155], [20.74086, 53.31332], [20.73947, 53.31483], [20.74283, 53.31783], [20.7746, 53.31754], [20.7816, 53.31851], [20.78493, 53.3175], [20.78957, 53.31446], [20.79507, 53.31283], [20.80794, 53.3118], [20.81613, 53.31287], [20.82562, 53.31665], [20.8278, 53.31826], [20.83639, 53.31863], [20.84082, 53.31999], [20.84266, 53.32115], [20.8434, 53.32447], [20.83732, 53.3311], [20.83724, 53.33848], [20.83987, 53.34023], [20.85001, 53.33959], [20.86127, 53.34136], [20.8669, 53.34028], [20.87537, 53.34315], [20.87602, 53.34698], [20.87892, 53.35068], [20.88389, 53.35243], [20.89053, 53.3524], [20.89373, 53.35358], [20.89777, 53.35669], [20.90764, 53.36048], [20.9116, 53.3637], [20.91137, 53.36913], [20.91343, 53.37252], [20.91956, 53.37628], [20.93157, 53.37485], [20.93678, 53.37305], [20.9408, 53.36551], [20.94576, 53.36443], [20.96498, 53.3724], [20.96303, 53.37493], [20.95932, 53.37737], [20.95814, 53.37963], [20.95926, 53.38234], [20.96417, 53.38583], [20.97825, 53.38755], [20.98213, 53.38682], [20.9844, 53.38453], [20.99001, 53.38169], [20.99689, 53.38072], [21.02077, 53.38193], [21.04263, 53.38712], [21.05685, 53.39626], [21.05961, 53.39907], [21.06403, 53.40156], [21.06973, 53.40249], [21.08037, 53.4033], [21.10652, 53.40304], [21.12389, 53.39956], [21.13103, 53.39667], [21.13744, 53.38586], [21.14495, 53.37722], [21.15071, 53.37316], [21.15829, 53.37263], [21.16563, 53.37388], [21.17105, 53.37635], [21.17797, 53.38869], [21.17972, 53.39704], [21.18593, 53.39875], [21.19419, 53.40395], [21.22021, 53.40533], [21.25252, 53.40888], [21.28428, 53.42055], [21.29113, 53.42389], [21.29459, 53.42358], [21.3021, 53.41859], [21.31265, 53.40727], [21.32555, 53.40176], [21.33176, 53.3978], [21.35117, 53.39398], [21.3623, 53.39356], [21.38214, 53.39761], [21.38948, 53.40171], [21.39693, 53.40783], [21.40873, 53.41325], [21.41653, 53.41936], [21.41955, 53.42496], [21.41976, 53.42859], [21.41768, 53.43369], [21.41247, 53.43743], [21.39796, 53.44419], [21.38233, 53.44936], [21.37949, 53.45305], [21.3751, 53.4623], [21.37941, 53.46358], [21.38177, 53.46617], [21.3824, 53.47608], [21.38731, 53.47836], [21.38861, 53.48012], [21.38817, 53.48801], [21.39394, 53.49378], [21.40295, 53.49776], [21.40919, 53.49883], [21.43895, 53.49846], [21.44336, 53.49873], [21.44792, 53.5], [21.45153, 53.50368], [21.45035, 53.50573], [21.44593, 53.50831], [21.44702, 53.51335], [21.45404, 53.51735], [21.4547, 53.51973], [21.45714, 53.52224], [21.46482, 53.52519], [21.47941, 53.52357], [21.48698, 53.52502], [21.49048, 53.52496], [21.52324, 53.52128], [21.53075, 53.52151], [21.53885, 53.5239], [21.5446, 53.52401], [21.56736, 53.5202], [21.57813, 53.52389], [21.59251, 53.52328], [21.59698, 53.52211], [21.59893, 53.52052], [21.59928, 53.51863], [21.60272, 53.51684], [21.61928, 53.51184], [21.63016, 53.50408], [21.63288, 53.50339], [21.66949, 53.4952], [21.67816, 53.49506], [21.68308, 53.49638], [21.71411, 53.49169], [21.73531, 53.4917], [21.74672, 53.48922], [21.75278, 53.48885], [21.75744, 53.48689], [21.76235, 53.48666], [21.76954, 53.48495], [21.77433, 53.47895], [21.77821, 53.47731], [21.79386, 53.47564], [21.79794, 53.47393], [21.79942, 53.46961], [21.80212, 53.46741], [21.80033, 53.46138], [21.80524, 53.45407], [21.8039, 53.45336], [21.80628, 53.45015], [21.80895, 53.44907], [21.81144, 53.44911], [21.81024, 53.44824], [21.81263, 53.44734], [21.81371, 53.44096], [21.81269, 53.43936], [21.81467, 53.43757], [21.82104, 53.43628], [21.82681, 53.43249], [21.82972, 53.42921], [21.82698, 53.42873], [21.82552, 53.42674], [21.82264, 53.42526], [21.81796, 53.42382], [21.81359, 53.42107], [21.80416, 53.41732], [21.80062, 53.41459], [21.7964, 53.40791], [21.80054, 53.39817], [21.79951, 53.39474], [21.80024, 53.39068], [21.80461, 53.38439], [21.82161, 53.37352], [21.82328, 53.37138], [21.82681, 53.36991], [21.83124, 53.36536], [21.8315, 53.35908], [21.83429, 53.35538], [21.84557, 53.35228], [21.85165, 53.35213], [21.86031, 53.35031], [21.88417, 53.33336], [21.89201, 53.32458], [21.89651, 53.32169], [21.90005, 53.31537], [21.90631, 53.3109], [21.90737, 53.306], [21.91883, 53.29573], [21.92277, 53.28807], [21.9294, 53.28209], [21.93054, 53.27851], [21.93202, 53.27725], [21.93269, 53.27259], [21.93546, 53.26955], [21.96061, 53.26286], [21.97419, 53.26121], [21.99527, 53.25616], [21.99729, 53.2567], [21.99963, 53.25617], [22.00795, 53.2531], [22.01284, 53.25214], [22.03945, 53.24123], [22.05426, 53.23741], [22.06175, 53.234], [22.06646, 53.23055], [22.06964, 53.22237], [22.07522, 53.21437], [22.08083, 53.20971], [22.0936, 53.19438], [22.11756, 53.17507], [22.12335, 53.17302], [22.12958, 53.16881], [22.15918, 53.15386], [22.16694, 53.15163], [22.17919, 53.14607], [22.18339, 53.14394], [22.18596, 53.14125], [22.19774, 53.13462], [22.21217, 53.12927], [22.18312, 53.12041], [22.19563, 53.11683], [22.20128, 53.11037], [22.20644, 53.1], [22.21189, 53.09616], [22.22403, 53.09191], [22.22916, 53.08915], [22.23654, 53.0874], [22.24748, 53.0796], [22.24217, 53.07742], [22.23735, 53.0764], [22.23296, 53.07272], [22.23499, 53.07019], [22.23595, 53.06616], [22.22667, 53.06285], [22.22123, 53.06293], [22.21899, 53.05919], [22.21262, 53.05658], [22.20489, 53.05653], [22.20211, 53.05476], [22.19337, 53.0418], [22.19117, 53.04025], [22.18285, 53.04056], [22.17347, 53.03757], [22.1753, 53.0361], [22.17617, 53.0314], [22.17218, 53.02865], [22.16895, 53.0276], [22.16732, 53.02498], [22.15458, 53.01682], [22.1501, 53.01489], [22.11671, 53.00817], [22.11378, 53.00632], [22.11466, 53.00512], [22.13051, 53.00197], [22.13, 52.99901], [22.13166, 52.99573], [22.132, 52.98734], [22.14347, 52.98456], [22.14741, 52.98236], [22.15342, 52.97821], [22.1576, 52.97067], [22.16383, 52.96955], [22.16554, 52.96703], [22.15568, 52.96015], [22.15024, 52.96058], [22.13537, 52.95894], [22.13247, 52.95741], [22.11977, 52.95578], [22.11875, 52.95259], [22.1207, 52.94879], [22.11805, 52.94454], [22.11204, 52.94146], [22.1071, 52.93545], [22.10739, 52.93413], [22.1091, 52.93336], [22.10841, 52.93227], [22.10607, 52.93214], [22.09817, 52.92902], [22.09251, 52.92431], [22.09479, 52.92306], [22.09914, 52.9233], [22.10403, 52.92194], [22.10403, 52.9202], [22.10036, 52.91839], [22.09895, 52.91521], [22.09367, 52.91012], [22.08856, 52.90751], [22.08825, 52.90597], [22.09114, 52.90371], [22.09182, 52.89802], [22.09495, 52.89223], [22.0937, 52.88857], [22.08858, 52.88573], [22.08802, 52.88337], [22.08523, 52.88284], [22.07844, 52.88695], [22.07609, 52.88713], [22.07306, 52.88316], [22.06676, 52.8832], [22.06613, 52.88536], [22.06422, 52.88624], [22.06158, 52.885], [22.03847, 52.88231], [22.03479, 52.87868], [22.03422, 52.87789], [22.03695, 52.87626], [22.03817, 52.87409], [22.04811, 52.87003], [22.0511, 52.86781], [22.04907, 52.86691], [22.04533, 52.86677], [22.04361, 52.86467], [22.04057, 52.86344], [22.03296, 52.8627], [22.03363, 52.86231], [22.03109, 52.85851], [22.03109, 52.85445], [22.02804, 52.85076], [22.02344, 52.84772], [22.02024, 52.84712], [22.01837, 52.84758], [22.01406, 52.85179], [22.01242, 52.85173], [22.01034, 52.85011], [22.00686, 52.84532], [22.00249, 52.8317], [21.99737, 52.82432], [21.99508, 52.81896], [21.99415, 52.8109], [21.99484, 52.80814], [21.99708, 52.80493], [22.00488, 52.79985], [22.01018, 52.78562], [22.01407, 52.78158], [22.01549, 52.77025], [22.00799, 52.76854], [21.99784, 52.76784], [21.99636, 52.75913], [21.99811, 52.74891], [21.99744, 52.74726], [21.98992, 52.74202], [21.99112, 52.74012], [21.99043, 52.73502], [21.98207, 52.73324], [21.9675, 52.73195], [21.94977, 52.72317], [21.93859, 52.71904], [21.93524, 52.71546], [21.9316, 52.71432], [21.92937, 52.71079], [21.906, 52.70263], [21.90519, 52.70198], [21.90613, 52.701], [21.90849, 52.70065], [21.90518, 52.6999], [21.90565, 52.69894], [21.91191, 52.69309], [21.92349, 52.68905], [21.94162, 52.68726], [21.95748, 52.68376], [21.9644, 52.68318], [21.97308, 52.68472], [21.98522, 52.68943], [21.99915, 52.69258], [22.00664, 52.69306], [22.03307, 52.69224], [22.05276, 52.68968], [22.06399, 52.68952], [22.0729, 52.68729], [22.07719, 52.68698], [22.08592, 52.68834], [22.10706, 52.69568], [22.11156, 52.69643], [22.11797, 52.69596], [22.12936, 52.69637], [22.13515, 52.69788], [22.14125, 52.6982], [22.15632, 52.70339], [22.16003, 52.70329], [22.16361, 52.70129], [22.17389, 52.69983], [22.18084, 52.70119], [22.20271, 52.70286], [22.21212, 52.70296], [22.22454, 52.70132], [22.23588, 52.69577], [22.2376, 52.69251], [22.24211, 52.68989], [22.24653, 52.68881], [22.26014, 52.68213], [22.28433, 52.67313], [22.29102, 52.67092], [22.31898, 52.66788], [22.34348, 52.66053], [22.35232, 52.65587], [22.35626, 52.651], [22.36433, 52.64661], [22.39229, 52.62105], [22.39777, 52.61851], [22.40538, 52.6158], [22.41031, 52.61637], [22.41421, 52.61875], [22.42404, 52.62111], [22.43951, 52.61915], [22.44216, 52.61699], [22.4398, 52.61264], [22.43541, 52.60799], [22.4352, 52.6053], [22.4372, 52.60254], [22.43368, 52.6013], [22.4329, 52.59654], [22.447, 52.59147], [22.45082, 52.58878], [22.45563, 52.58852], [22.45789, 52.58919], [22.46045, 52.58838], [22.4642, 52.58496], [22.46545, 52.58296], [22.46423, 52.58018], [22.47085, 52.57226], [22.4824, 52.56567], [22.48568, 52.5614], [22.49235, 52.55679], [22.50256, 52.55355], [22.50404, 52.55203], [22.50192, 52.55063], [22.50395, 52.54836], [22.50675, 52.54055], [22.52733, 52.52388], [22.53148, 52.51799], [22.53925, 52.51224], [22.5455, 52.50495], [22.55324, 52.49135], [22.55546, 52.48895], [22.55964, 52.48846], [22.55957, 52.4876], [22.55709, 52.48682], [22.55756, 52.48509], [22.56052, 52.47948], [22.56506, 52.47604], [22.5664, 52.47036], [22.56896, 52.46967], [22.57841, 52.46987], [22.58129, 52.46819], [22.5808, 52.4671], [22.57747, 52.46573], [22.57118, 52.46482], [22.57048, 52.46361], [22.57192, 52.46161], [22.57915, 52.45673], [22.59031, 52.44585], [22.59495, 52.43884], [22.59976, 52.41908], [22.60568, 52.41301], [22.60756, 52.40903], [22.61255, 52.4063], [22.62305, 52.4023], [22.62796, 52.39872], [22.63481, 52.39667], [22.6441, 52.39504], [22.65345, 52.39426], [22.67689, 52.39414], [22.68202, 52.39558], [22.699, 52.39492], [22.70337, 52.39442], [22.70742, 52.39257], [22.71566, 52.39048], [22.7341, 52.38805], [22.75963, 52.39141], [22.76311, 52.39228], [22.76701, 52.39571], [22.77267, 52.39627], [22.77702, 52.39552], [22.79837, 52.39679], [22.8131, 52.39558], [22.83402, 52.39184], [22.85049, 52.38995], [22.85958, 52.39076], [22.86168, 52.3918], [22.87099, 52.39063], [22.8783, 52.39162], [22.88887, 52.38882], [22.89824, 52.38827], [22.90111, 52.3867], [22.91246, 52.38816], [22.91997, 52.38693], [22.91889, 52.38611], [22.92585, 52.38318], [22.92634, 52.38427], [22.92837, 52.38457], [22.93434, 52.38179], [22.94106, 52.38071], [22.94611, 52.38116], [22.95065, 52.38272], [22.97037, 52.38365], [22.98174, 52.38303], [22.98903, 52.37947], [22.99473, 52.37817], [22.99929, 52.37544], [22.99941, 52.37458], [23.00747, 52.37063], [23.0034, 52.36329], [22.99665, 52.35738], [22.9943, 52.35354], [22.99849, 52.34665], [22.99934, 52.34282], [23.00897, 52.33857], [23.01236, 52.33846], [23.03276, 52.33384], [23.04512, 52.32888], [23.04872, 52.32446], [23.05829, 52.31972], [23.06031, 52.31781], [23.06191, 52.31555], [23.06165, 52.30832], [23.05943, 52.30815], [23.05929, 52.30669], [23.06309, 52.30006], [23.06707, 52.29771], [23.07875, 52.29424], [23.08332, 52.29176], [23.0873, 52.2915], [23.09328, 52.29558], [23.09971, 52.29805], [23.1096, 52.30556], [23.12252, 52.30891], [23.13508, 52.31068], [23.13838, 52.30958], [23.14014, 52.30694], [23.14508, 52.30419], [23.14859, 52.30321], [23.15524, 52.29734], [23.15574, 52.29622], [23.15171, 52.29599], [23.14901, 52.29277], [23.14886, 52.29118], [23.1521, 52.28948], [23.15448, 52.28927], [23.16154, 52.29196], [23.16388, 52.29139], [23.17057, 52.286], [23.17439, 52.28403], [23.18282, 52.2831], [23.20363, 52.27695], [23.20418, 52.27357], [23.20018, 52.27041], [23.19973, 52.26784], [23.20077, 52.26444], [23.20562, 52.25722], [23.20159, 52.24978], [23.1979, 52.2472], [23.19411, 52.23954], [23.20046, 52.22903], [23.20367, 52.22655], [23.20732, 52.22575], [23.21901, 52.22516], [23.23624, 52.22019], [23.24981, 52.21915], [23.25511, 52.21817], [23.2599, 52.21585], [23.26751, 52.21486], [23.27338, 52.21493], [23.29482, 52.22105], [23.30544, 52.22146], [23.30758, 52.2198], [23.30726, 52.21744], [23.30507, 52.21498], [23.29977, 52.21385], [23.29845, 52.21268], [23.2991, 52.21169], [23.30454, 52.21079], [23.30928, 52.20883], [23.31679, 52.20801], [23.32638, 52.21071], [23.3328, 52.20744], [23.33774, 52.20618], [23.34024, 52.20685], [23.34473, 52.20994], [23.35255, 52.21067], [23.35479, 52.20915], [23.35169, 52.20569], [23.35307, 52.20436], [23.36241, 52.20789], [23.36595, 52.20802], [23.36934, 52.20659], [23.37045, 52.20484], [23.37017, 52.1979], [23.37123, 52.1965], [23.37678, 52.19491], [23.38323, 52.19557], [23.38835, 52.19772], [23.39019, 52.20042], [23.39576, 52.20083], [23.39656, 52.19956], [23.39333, 52.19671], [23.39366, 52.19595], [23.40017, 52.1945], [23.40171, 52.19296], [23.39728, 52.18764], [23.39882, 52.17879], [23.40085, 52.17762], [23.40418, 52.1776], [23.40641, 52.17838], [23.411, 52.18203], [23.41601, 52.18236], [23.41841, 52.18039], [23.4221, 52.17408], [23.42487, 52.17253], [23.42901, 52.17249], [23.43198, 52.17342], [23.43455, 52.17557], [23.43982, 52.17804], [23.44533, 52.18313], [23.44912, 52.18204], [23.45815, 52.1846], [23.46207, 52.18358], [23.46168, 52.17752], [23.46297, 52.17601], [23.46712, 52.17424], [23.47117, 52.17433], [23.48126, 52.18027], [23.48561, 52.18128], [23.49568, 52.18035], [23.50115, 52.17895], [23.50683, 52.17508], [23.50736, 52.17388], [23.50545, 52.17248], [23.49994, 52.17168], [23.49786, 52.17174], [23.49694, 52.17449], [23.49258, 52.17509], [23.49231, 52.17424], [23.49559, 52.17011], [23.48994, 52.16824], [23.48593, 52.16413], [23.48954, 52.15989], [23.48696, 52.15478], [23.48816, 52.15158], [23.49374, 52.14873], [23.5008, 52.14696], [23.50656, 52.15037], [23.51088, 52.14963], [23.51435, 52.14603], [23.51534, 52.14303], [23.51519, 52.13978], [23.51386, 52.1376], [23.52255, 52.13051], [23.5226, 52.12773], [23.52069, 52.12516], [23.51631, 52.1244], [23.51411, 52.12234], [23.5137, 52.11826], [23.516, 52.11289], [23.51232, 52.10774], [23.50716, 52.1026], [23.5022, 52.10089], [23.49427, 52.10052], [23.47406, 52.10253], [23.47033, 52.10239], [23.46493, 52.10097], [23.46323, 52.09942], [23.46176, 52.09404], [23.45598, 52.08721], [23.44675, 52.08309], [23.43803, 52.08094], [23.43213, 52.07754], [23.42989, 52.07524], [23.42616, 52.06567], [23.41992, 52.06038], [23.40903, 52.05803], [23.39391, 52.05669], [23.35801, 52.05936], [23.34151, 52.0613], [23.33483, 52.06097], [23.3307, 52.05979], [23.32949, 52.05841], [23.33088, 52.04731], [23.32864, 52.04006], [23.32285, 52.03608], [23.29802, 52.03489], [23.29128, 52.03219], [23.28988, 52.03052], [23.29004, 52.02767], [23.28366, 52.02937], [23.27436, 52.02937], [23.26827, 52.02349], [23.26051, 52.02167], [23.24851, 52.02271], [23.24019, 52.02084], [23.22549, 52.02176], [23.22022, 52.02093], [23.21044, 52.02076], [23.20184, 52.0221], [23.18666, 52.02636], [23.18005, 52.02903], [23.17574, 52.03187], [23.17241, 52.03622], [23.16826, 52.03854], [23.15729, 52.03906], [23.14091, 52.0372], [23.13383, 52.03707], [23.1299, 52.03503], [23.12401, 52.03421], [23.11561, 52.03104], [23.10826, 52.03015], [23.09777, 52.0291], [23.07209, 52.02999], [23.05868, 52.02648], [23.04617, 52.0214], [23.03305, 52.01878], [23.01369, 52.02059], [23.00556, 52.02023], [23.00131, 52.02153], [22.99595, 52.02197], [22.98951, 52.02206], [22.97849, 52.01961], [22.9756, 52.01971], [22.95438, 52.02171], [22.94668, 52.02401], [22.93458, 52.02339], [22.92469, 52.02437], [22.91873, 52.02264], [22.90441, 52.02043], [22.89006, 52.02026], [22.8825, 52.01936], [22.87856, 52.01705], [22.87192, 52.01471], [22.86299, 52.01297], [22.85913, 52.01075], [22.85338, 52.0094], [22.83502, 52.00943], [22.82968, 52.00677], [22.8281, 52.00513], [22.8269, 52.00339], [22.82747, 51.99527], [22.82491, 51.99202], [22.82014, 51.98962], [22.81448, 51.9889], [22.80661, 51.98916], [22.79989, 51.98822], [22.78803, 51.98297], [22.78267, 51.98339], [22.77855, 51.98622], [22.77251, 51.98603], [22.76698, 51.98685], [22.76376, 51.98567], [22.75757, 51.98612], [22.7398, 51.97951], [22.72929, 51.98049], [22.72431, 51.97904], [22.7189, 51.97567], [22.70541, 51.97229], [22.70169, 51.97032], [22.69861, 51.9669], [22.69929, 51.96224], [22.70299, 51.95695], [22.70218, 51.95406], [22.69453, 51.95007], [22.67942, 51.94554], [22.6751, 51.94342], [22.67413, 51.94208], [22.67705, 51.93663], [22.69321, 51.91529], [22.69728, 51.911], [22.7039, 51.90722], [22.71577, 51.89018], [22.72204, 51.88575], [22.72941, 51.88296], [22.73703, 51.87623], [22.73765, 51.87448], [22.7364, 51.86524], [22.73368, 51.8614], [22.72377, 51.85784], [22.71636, 51.85421], [22.7072, 51.84807], [22.70094, 51.83964], [22.6937, 51.82748], [22.68861, 51.8158], [22.68374, 51.81104], [22.68231, 51.80689], [22.68194, 51.80237], [22.6832, 51.79992], [22.6856, 51.79653], [22.69218, 51.79074], [22.7071, 51.78574], [22.71173, 51.78288], [22.71393, 51.7799], [22.72554, 51.77928], [22.74121, 51.7754], [22.73706, 51.77217], [22.73189, 51.77078], [22.72528, 51.76737], [22.71704, 51.76174], [22.71568, 51.75998], [22.71517, 51.75079], [22.70613, 51.73841], [22.70394, 51.73244], [22.70535, 51.71701], [22.70478, 51.71296], [22.70091, 51.70719], [22.69836, 51.70577], [22.69253, 51.70489], [22.69076, 51.70223], [22.69131, 51.70013], [22.6933, 51.69814], [22.70355, 51.69752], [22.70893, 51.69601], [22.71394, 51.69287], [22.72033, 51.68315], [22.72491, 51.67184], [22.73233, 51.66312], [22.76462, 51.65435], [22.77732, 51.64889], [22.78071, 51.64654], [22.79083, 51.63106], [22.80054, 51.62285], [22.80449, 51.61529], [22.8067, 51.61422], [22.81568, 51.60364], [22.8224, 51.59899], [22.82567, 51.59431], [22.83684, 51.58795], [22.83684, 51.58524], [22.83892, 51.58274], [22.85278, 51.57857], [22.85279, 51.57328], [22.857, 51.56886], [22.85598, 51.56489], [22.85266, 51.56357], [22.8525, 51.56172], [22.85455, 51.5588], [22.85403, 51.55267], [22.85596, 51.54575], [22.85316, 51.5397], [22.84851, 51.53614], [22.84795, 51.5323], [22.84393, 51.52529], [22.84494, 51.52097], [22.84813, 51.51544], [22.84667, 51.5062], [22.84912, 51.50269], [22.84997, 51.49652], [22.85297, 51.49413], [22.85762, 51.49227], [22.85971, 51.48991], [22.85819, 51.47739], [22.85939, 51.47535], [22.86111, 51.47401], [22.87585, 51.46981], [22.88372, 51.46283], [22.89284, 51.4491], [22.9008, 51.44583], [22.90799, 51.44445], [22.91205, 51.44103], [22.91366, 51.43855], [22.91351, 51.43412], [22.91703, 51.42986], [22.92072, 51.4116], [22.9203, 51.40932], [22.9173, 51.40628], [22.91404, 51.39753], [22.91373, 51.39397], [22.91611, 51.38975], [22.91214, 51.38602], [22.90616, 51.38551], [22.8965, 51.3874], [22.88287, 51.38814], [22.87898, 51.38813], [22.87563, 51.38701], [22.87477, 51.38385], [22.87557, 51.37535], [22.87863, 51.37011], [22.89291, 51.35906], [22.8991, 51.35676], [22.90948, 51.35536], [22.91262, 51.35659], [22.91623, 51.35961], [22.91855, 51.36001], [22.91956, 51.35941], [22.92096, 51.35803], [22.92092, 51.35403], [22.92252, 51.35131], [22.93385, 51.33807], [22.93851, 51.33029], [22.93711, 51.32815], [22.93177, 51.32614], [22.93196, 51.3248], [22.93501, 51.32146], [22.94053, 51.31842], [22.94281, 51.31491], [22.96623, 51.30709], [22.98831, 51.30408], [22.99873, 51.30163], [23.00329, 51.29632], [23.00819, 51.29365], [23.00852, 51.29221], [23.02073, 51.2885], [23.02896, 51.28372], [23.03125, 51.28121], [23.03128, 51.28021], [23.02727, 51.27863], [23.01382, 51.27731], [22.98771, 51.27692], [22.95019, 51.2778], [22.94397, 51.27313], [22.93977, 51.26842], [22.93218, 51.26376], [22.93202, 51.26275], [22.92932, 51.26245], [22.92797, 51.26135], [22.92223, 51.25276], [22.9134, 51.24527], [22.91418, 51.24374], [22.91678, 51.24222], [22.92556, 51.24107], [22.92886, 51.23175], [22.93052, 51.2299], [22.93338, 51.22874], [22.93334, 51.22031], [22.93556, 51.21831], [22.93677, 51.21376], [22.93944, 51.21039], [22.938, 51.20687], [22.94115, 51.20119], [22.95169, 51.19019], [22.95455, 51.18773], [22.9633, 51.18501], [22.96458, 51.18146], [22.96679, 51.18068], [22.96907, 51.18081], [22.97418, 51.18207], [22.97937, 51.17768], [22.97935, 51.17122], [22.96634, 51.16624], [22.9633, 51.16253], [22.95273, 51.15936], [22.95097, 51.15657], [22.95197, 51.15517], [22.96369, 51.15436], [22.9759, 51.15549], [22.98583, 51.15432], [22.98779, 51.15282], [22.98952, 51.14884], [22.98825, 51.14721], [22.97544, 51.1436], [22.97286, 51.14214], [22.97276, 51.13881], [22.98095, 51.13496], [22.99132, 51.13234], [22.99451, 51.12985], [23.00357, 51.1143], [23.00635, 51.11147], [23.01303, 51.10779], [23.02455, 51.10549], [23.03584, 51.10474], [23.04925, 51.10122], [23.05304, 51.09886], [23.05574, 51.09454], [23.05695, 51.08964], [23.05909, 51.08711], [23.07044, 51.07849], [23.08379, 51.07555], [23.08681, 51.07382], [23.0946, 51.06701], [23.09865, 51.06561], [23.10269, 51.0583], [23.10746, 51.05456], [23.11153, 51.05258], [23.1139, 51.04974], [23.11832, 51.04722], [23.13291, 51.04428], [23.14919, 51.03884], [23.15268, 51.03479], [23.15385, 51.0301], [23.14232, 51.02784], [23.1422, 51.02652], [23.14496, 51.02317], [23.14409, 51.02231], [23.14057, 51.02154], [23.14033, 51.01951], [23.14186, 51.01699], [23.13715, 51.01312], [23.13741, 51.00969], [23.13892, 51.00749], [23.14453, 51.00436], [23.14651, 51.00372], [23.15192, 51.0041], [23.15418, 51.00216], [23.15943, 51.00004], [23.16298, 50.99677], [23.16623, 50.99137], [23.17356, 50.98955], [23.1807, 50.98993], [23.18202, 50.99066], [23.18207, 50.99502], [23.18426, 50.9975], [23.18352, 50.99866], [23.17825, 50.99986], [23.17965, 51.00279], [23.17407, 51.00584], [23.16728, 51.00484], [23.16662, 51.00802], [23.1645, 51.00857], [23.16341, 51.01111], [23.1643, 51.01477], [23.16823, 51.01641], [23.17653, 51.01635], [23.20556, 51.00971], [23.237, 51.00477], [23.24212, 51.00291], [23.24611, 51.00324], [23.25007, 51.00524], [23.25133, 51.00877], [23.24791, 51.01258], [23.23733, 51.01666], [23.21569, 51.03185], [23.19145, 51.04132], [23.18826, 51.04304], [23.1858, 51.04599], [23.18692, 51.05005], [23.19412, 51.05445], [23.19598, 51.05658], [23.19852, 51.06296], [23.19936, 51.06722], [23.19847, 51.07411], [23.19191, 51.07643], [23.19649, 51.08045], [23.20694, 51.08475], [23.21963, 51.08731], [23.22905, 51.08818], [23.2591, 51.08663], [23.29573, 51.07609], [23.30629, 51.07374], [23.32565, 51.07076], [23.34135, 51.06957], [23.37876, 51.0727], [23.38713, 51.07253], [23.40929, 51.06883], [23.42196, 51.06865], [23.42856, 51.07006], [23.4324, 51.07007], [23.46317, 51.06633], [23.48728, 51.06797], [23.49817, 51.07189], [23.50123, 51.07017], [23.51136, 51.0693], [23.52988, 51.0693], [23.54278, 51.06594], [23.54759, 51.06301], [23.54945, 51.06079], [23.55563, 51.05829], [23.57724, 51.05518], [23.58658, 51.0522], [23.5883, 51.04856], [23.58829, 51.04082], [23.59141, 51.03224], [23.5935, 51.03049], [23.60074, 51.02735], [23.61632, 51.02828], [23.6257, 51.03338], [23.62817, 51.03352], [23.63191, 51.03314], [23.63388, 51.03211], [23.63877, 51.0262], [23.64147, 51.0249], [23.66766, 51.02052], [23.68237, 51.0185], [23.68748, 51.01865], [23.6919, 51.01943], [23.69569, 51.02142], [23.70175, 51.02165], [23.70321, 51.02111], [23.70562, 51.01697], [23.70366, 51.00883], [23.69939, 51.00579], [23.69326, 51.00484], [23.69047, 51.00341], [23.69116, 50.99721], [23.69576, 50.9934], [23.69968, 50.99182], [23.70971, 50.9895], [23.71185, 50.98828], [23.71517, 50.98538], [23.71678, 50.98188], [23.71478, 50.97853], [23.70651, 50.97582], [23.70141, 50.97317], [23.69991, 50.9717], [23.69949, 50.96762], [23.70079, 50.96557], [23.72026, 50.95821], [23.72553, 50.95337], [23.7016, 50.95118], [23.69582, 50.94992], [23.69442, 50.94775], [23.69528, 50.9422], [23.6942, 50.93853], [23.68943, 50.93559], [23.68034, 50.92718], [23.67918, 50.91799], [23.67206, 50.91277], [23.67043, 50.9106], [23.67097, 50.90656], [23.68115, 50.90243], [23.6972, 50.89821], [23.73763, 50.89077], [23.76077, 50.88224], [23.76521, 50.87967], [23.78466, 50.88349], [23.79626, 50.88182], [23.81573, 50.8767], [23.82053, 50.87308], [23.82128, 50.87126], [23.82019, 50.86297], [23.82097, 50.86145], [23.82505, 50.85994], [23.83145, 50.86042], [23.84046, 50.86332], [23.84577, 50.86236], [23.85261, 50.85582], [23.86523, 50.85053], [23.86739, 50.84865], [23.87126, 50.84298], [23.87188, 50.83313], [23.87382, 50.83141], [23.88859, 50.82663], [23.89218, 50.82499], [23.89704, 50.82126], [23.89482, 50.82087], [23.8836, 50.82286], [23.88021, 50.82205], [23.87574, 50.81814], [23.8767, 50.81439], [23.87569, 50.81338], [23.86927, 50.81384], [23.86052, 50.81649], [23.84869, 50.81689], [23.84008, 50.81515], [23.8346, 50.813], [23.83095, 50.81267], [23.81603, 50.81377], [23.80588, 50.81009], [23.80345, 50.80838], [23.80266, 50.8066], [23.8044, 50.80015], [23.80261, 50.79727], [23.79899, 50.79571], [23.7898, 50.79408], [23.787, 50.79172], [23.78624, 50.78718], [23.77607, 50.78617], [23.77073, 50.77953], [23.76676, 50.7774], [23.7665, 50.77189], [23.76577, 50.77068], [23.76166, 50.76866], [23.76152, 50.76723], [23.76491, 50.76367], [23.76519, 50.76203], [23.76019, 50.74971], [23.75403, 50.74528], [23.7352, 50.73775], [23.7266, 50.73976], [23.71956, 50.74306], [23.71446, 50.74433], [23.70582, 50.74362], [23.69808, 50.74188], [23.66133, 50.74411], [23.63135, 50.74759], [23.59094, 50.75814], [23.58402, 50.76109], [23.5687, 50.76416], [23.54511, 50.76566], [23.53237, 50.76749], [23.47903, 50.77204], [23.47878, 50.75079], [23.47625, 50.74088], [23.47092, 50.73815], [23.44502, 50.73336], [23.43887, 50.73145], [23.43056, 50.72805], [23.42649, 50.72435], [23.42619, 50.71871], [23.4213, 50.71226], [23.42043, 50.70893], [23.42071, 50.7012], [23.41944, 50.69489], [23.42066, 50.68992], [23.42329, 50.68675], [23.42755, 50.6843], [23.43234, 50.68254], [23.44237, 50.68045], [23.44516, 50.67184], [23.44369, 50.66939], [23.44037, 50.66759], [23.42921, 50.66487], [23.42373, 50.65922], [23.41176, 50.65146], [23.40912, 50.64842], [23.40568, 50.62771], [23.40323, 50.62394], [23.39488, 50.61949], [23.39378, 50.6133], [23.39589, 50.60707], [23.40169, 50.60419], [23.40327, 50.59951], [23.40606, 50.59816], [23.41369, 50.59654], [23.41413, 50.594], [23.41274, 50.59272], [23.40464, 50.59098], [23.40346, 50.58954], [23.40359, 50.58692], [23.40866, 50.58439], [23.41037, 50.58266], [23.40985, 50.57944], [23.40817, 50.57827], [23.39962, 50.5765], [23.39577, 50.57364], [23.38843, 50.57277], [23.38713, 50.56763], [23.38764, 50.56423], [23.3912, 50.56238], [23.4047, 50.55963], [23.41892, 50.55495], [23.42024, 50.55071], [23.42353, 50.54949], [23.42516, 50.54571], [23.43222, 50.5413], [23.43144, 50.53933], [23.42659, 50.53703], [23.42473, 50.53472], [23.42489, 50.53172], [23.42741, 50.52752], [23.43264, 50.52509], [23.45741, 50.51918], [23.47283, 50.5124], [23.47318, 50.50972], [23.47188, 50.5071], [23.4654, 50.50249], [23.46454, 50.50057], [23.46797, 50.49892], [23.48252, 50.49645], [23.48371, 50.49474], [23.48269, 50.49268], [23.4794, 50.49105], [23.46378, 50.49012], [23.44642, 50.48498], [23.44339, 50.48286], [23.4435, 50.4795], [23.45952, 50.46953], [23.47153, 50.4645], [23.47612, 50.46393], [23.48144, 50.46576], [23.48964, 50.46369], [23.49203, 50.4599], [23.49822, 50.458], [23.49913, 50.45457], [23.53114, 50.45343], [23.54064, 50.45271], [23.55529, 50.45026], [23.57923, 50.44844], [23.58584, 50.43213], [23.58888, 50.43001], [23.58993, 50.427], [23.60338, 50.42057], [23.60566, 50.41721], [23.60924, 50.41468], [23.62446, 50.40932], [23.62787, 50.40704], [23.63021, 50.3995], [23.64256, 50.38198], [23.64359, 50.37634], [23.64023, 50.36957], [23.63705, 50.36564], [23.63306, 50.36289], [23.62796, 50.36112], [23.6181, 50.36027], [23.60263, 50.36106], [23.58332, 50.36444], [23.57935, 50.36383], [23.57621, 50.36115], [23.57744, 50.35557], [23.5811, 50.34917], [23.58097, 50.34102], [23.58681, 50.32537], [23.59371, 50.31688], [23.60317, 50.31186], [23.60539, 50.30865], [23.60237, 50.30667], [23.58723, 50.30546], [23.58217, 50.30312], [23.58316, 50.29867], [23.58132, 50.29188], [23.58099, 50.28156], [23.58322, 50.2769], [23.58796, 50.27355], [23.58101, 50.26599], [23.55865, 50.25703], [23.53033, 50.24335], [23.50632, 50.23032], [23.47013, 50.21788], [23.42944, 50.1842], [23.39968, 50.16914], [23.39416, 50.17132], [23.3802, 50.17373], [23.37587, 50.17562], [23.37249, 50.17616], [23.36347, 50.18167], [23.35222, 50.18682], [23.35435, 50.18775], [23.35517, 50.18928], [23.36858, 50.1931], [23.37494, 50.1983], [23.37254, 50.20685], [23.37177, 50.21465], [23.36658, 50.22285], [23.35873, 50.23124], [23.34069, 50.24183], [23.32812, 50.24735], [23.30917, 50.26615], [23.29491, 50.27368], [23.28352, 50.28089], [23.27007, 50.2926], [23.26133, 50.30214], [23.25806, 50.3079], [23.25843, 50.31711], [23.25637, 50.32518], [23.25251, 50.33318], [23.24832, 50.33877], [23.23298, 50.35076], [23.22123, 50.36183], [23.20419, 50.37495], [23.17493, 50.39373], [23.16793, 50.4012], [23.15624, 50.40948], [23.14164, 50.41764], [23.13154, 50.42615], [23.11582, 50.43699], [23.07567, 50.46056], [23.03743, 50.47675], [23.01871, 50.48169], [22.98927, 50.4937], [22.97826, 50.50164], [22.97722, 50.50393], [22.97866, 50.5079], [22.974, 50.5111], [22.96472, 50.51473], [22.95386, 50.51779], [22.93722, 50.52675], [22.90598, 50.54038], [22.90288, 50.543], [22.88399, 50.54889], [22.87671, 50.55205], [22.86318, 50.55433], [22.86023, 50.55562], [22.85353, 50.55596], [22.84114, 50.55911], [22.83056, 50.56363], [22.82807, 50.56612], [22.82039, 50.56991], [22.81678, 50.57647], [22.81371, 50.57732], [22.80786, 50.57689], [22.80432, 50.57752], [22.79642, 50.58087], [22.79337, 50.58651], [22.79321, 50.59115], [22.79505, 50.59291], [22.79132, 50.60372], [22.78083, 50.61569], [22.77102, 50.62494], [22.76103, 50.63062], [22.74158, 50.63603], [22.71472, 50.6386], [22.70819, 50.63996], [22.69371, 50.64434], [22.68321, 50.64946], [22.67469, 50.65252], [22.63448, 50.66292], [22.60623, 50.67116], [22.57114, 50.67981], [22.55516, 50.68259], [22.53831, 50.68267], [22.49102, 50.68639], [22.46375, 50.69156], [22.45183, 50.69463], [22.43525, 50.70012], [22.40112, 50.71348], [22.35402, 50.72649], [22.32208, 50.73407], [22.31919, 50.73748], [22.31329, 50.74033], [22.31197, 50.74483], [22.3119, 50.74721], [22.31347, 50.7494], [22.3214, 50.75542], [22.32068, 50.76046], [22.31047, 50.75923], [22.3033, 50.75925], [22.29672, 50.7608], [22.29268, 50.75988], [22.28276, 50.7612], [22.2755, 50.7572], [22.26879, 50.75677], [22.26279, 50.75731], [22.26097, 50.75599], [22.2575, 50.75538], [22.25608, 50.75633], [22.25361, 50.75515], [22.24373, 50.7559], [22.24159, 50.755], [22.23744, 50.75588], [22.2331, 50.75481], [22.22488, 50.75599], [22.22268, 50.75545], [22.22148, 50.75417], [22.21901, 50.75444], [22.21826, 50.75256], [22.21462, 50.75222], [22.21343, 50.7539], [22.20882, 50.75317], [22.2017, 50.7561], [22.19827, 50.75508], [22.18755, 50.75841], [22.17594, 50.7588], [22.17, 50.7613], [22.16095, 50.76048], [22.15865, 50.76129], [22.15748, 50.76292], [22.1533, 50.76256], [22.15015, 50.76392], [22.14686, 50.76325], [22.1349, 50.7653], [22.12885, 50.76543], [22.10223, 50.77167], [22.08547, 50.77821], [22.04869, 50.79355], [22.03171, 50.80171], [22.00852, 50.81488], [21.99567, 50.81964], [21.99027, 50.82107], [21.98091, 50.82164], [21.96034, 50.82031], [21.95608, 50.82167], [21.95182, 50.82467], [21.94634, 50.82634], [21.94248, 50.82638], [21.93572, 50.82498], [21.93116, 50.82533], [21.92643, 50.82683], [21.91807, 50.82418], [21.90477, 50.82183], [21.90078, 50.82005], [21.86844, 50.81249], [21.8602, 50.80967], [21.86225, 50.80822], [21.86142, 50.80411], [21.85078, 50.79676], [21.85381, 50.7908], [21.85395, 50.7891], [21.85223, 50.78696], [21.84837, 50.78474], [21.84143, 50.78482], [21.83237, 50.78148], [21.80878, 50.7694], [21.80656, 50.7653], [21.81109, 50.75723], [21.81105, 50.75322], [21.80934, 50.75124], [21.79925, 50.74548], [21.79329, 50.74031], [21.78868, 50.73496], [21.78674, 50.73098], [21.78765, 50.72209], [21.79262, 50.71471], [21.7957, 50.70315], [21.80396, 50.69479], [21.80685, 50.69001], [21.80492, 50.68677], [21.79018, 50.6841], [21.78168, 50.68382], [21.77406, 50.68489], [21.76595, 50.68789], [21.75897, 50.68937], [21.75562, 50.68748], [21.75561, 50.68497], [21.75275, 50.68099], [21.75253, 50.67725], [21.75086, 50.67592], [21.73901, 50.67529], [21.73235, 50.67255], [21.71959, 50.66963], [21.70507, 50.66934], [21.68141, 50.6612], [21.67668, 50.65912], [21.67442, 50.65687], [21.66559, 50.65281], [21.65814, 50.65058], [21.65097, 50.65015], [21.64936, 50.64699], [21.6397, 50.64094], [21.63693, 50.63724], [21.62999, 50.63265], [21.62023, 50.62784], [21.61666, 50.62504], [21.60959, 50.60882], [21.60424, 50.60565], [21.59789, 50.60343], [21.58899, 50.59292], [21.57999, 50.59074], [21.57922, 50.58825], [21.57018, 50.58191], [21.57028, 50.57863], [21.55708, 50.5713], [21.55218, 50.56719], [21.55134, 50.56024], [21.55242, 50.55605], [21.55136, 50.55197], [21.54852, 50.5487], [21.54646, 50.54327], [21.54236, 50.53996], [21.54121, 50.536], [21.53818, 50.53178], [21.53068, 50.52951], [21.52642, 50.5318], [21.51995, 50.53388], [21.50584, 50.53577], [21.4998, 50.53786], [21.49837, 50.53719], [21.4976, 50.53511], [21.49392, 50.53332], [21.48373, 50.53181], [21.46806, 50.52486], [21.44879, 50.51358], [21.4418, 50.50831], [21.43921, 50.50521], [21.43663, 50.50408], [21.43351, 50.49914], [21.42646, 50.49459], [21.41616, 50.4901], [21.4078, 50.48528], [21.40427, 50.48011], [21.39782, 50.47614], [21.39074, 50.46715], [21.37387, 50.45797], [21.36588, 50.45284], [21.36486, 50.45119], [21.3612, 50.45061], [21.35966, 50.44779], [21.35519, 50.44495], [21.35001, 50.4393], [21.33869, 50.43485], [21.3339, 50.43206], [21.30945, 50.42278], [21.30574, 50.42241], [21.29933, 50.42362], [21.29601, 50.42293], [21.29029, 50.42015], [21.2872, 50.41746], [21.28342, 50.41725], [21.28056, 50.41614], [21.27886, 50.41284], [21.27658, 50.41159], [21.2435, 50.41366], [21.23201, 50.41788], [21.20885, 50.41872], [21.20605, 50.41826], [21.20462, 50.41665], [21.19952, 50.41465], [21.18909, 50.41273], [21.18896, 50.41196], [21.1818, 50.40829], [21.17428, 50.40676], [21.16737, 50.40636], [21.16595, 50.40365], [21.1605, 50.40256], [21.15099, 50.39631], [21.14165, 50.39521], [21.12852, 50.39815], [21.12085, 50.39525], [21.1037, 50.39485], [21.07354, 50.38694], [21.05281, 50.38529], [21.0496, 50.38439], [21.04336, 50.38432], [21.04117, 50.38305], [21.03195, 50.38071], [21.01841, 50.37964], [21.00765, 50.37685], [21.00098, 50.37316], [20.98909, 50.36901], [20.98355, 50.36792], [20.97746, 50.36903], [20.95632, 50.3641], [20.94789, 50.35811], [20.93512, 50.35223], [20.92858, 50.35123], [20.919, 50.35127], [20.91162, 50.34806], [20.9087, 50.34953], [20.90524, 50.34911], [20.9043, 50.34865], [20.9042, 50.34621], [20.89939, 50.34463], [20.89936, 50.34385], [20.90156, 50.34298], [20.90004, 50.34218], [20.89751, 50.34174], [20.88855, 50.3432], [20.88488, 50.34457], [20.88113, 50.34385], [20.8774, 50.34118], [20.88331, 50.33775], [20.88332, 50.33453], [20.87756, 50.33231], [20.87905, 50.33002], [20.87637, 50.32792], [20.87317, 50.32708], [20.87027, 50.32409], [20.86766, 50.32407], [20.86492, 50.32287], [20.86269, 50.32058], [20.86053, 50.32002], [20.86064, 50.31812], [20.85268, 50.3142], [20.85145, 50.31123], [20.84852, 50.30932], [20.84475, 50.30801], [20.8399, 50.30988], [20.83494, 50.31064], [20.82906, 50.31064], [20.82689, 50.30996], [20.82545, 50.30862], [20.82643, 50.30521], [20.82347, 50.30049], [20.82036, 50.30185], [20.8171, 50.30178], [20.81371, 50.29999], [20.81175, 50.29723], [20.8086, 50.29745], [20.80708, 50.29653], [20.8042, 50.29657], [20.79397, 50.29369], [20.77552, 50.28481], [20.7714, 50.27999], [20.76575, 50.2796], [20.76325, 50.27818], [20.7605, 50.27813], [20.75623, 50.27587], [20.75073, 50.2745], [20.75037, 50.27225], [20.75224, 50.27026], [20.75173, 50.26901], [20.74171, 50.26116], [20.73163, 50.26221], [20.72906, 50.2613], [20.72744, 50.25826], [20.72792, 50.25528], [20.72659, 50.252], [20.7264, 50.24075], [20.71746, 50.23953], [20.71004, 50.23017], [20.70234, 50.23047], [20.69968, 50.22451], [20.69417, 50.21879], [20.68114, 50.21746], [20.67382, 50.21545], [20.67192, 50.21381], [20.67268, 50.20784], [20.66384, 50.20632], [20.65718, 50.20669], [20.65405, 50.20559], [20.65139, 50.20097], [20.65215, 50.19774], [20.65291, 50.19628], [20.6588, 50.19445], [20.66013, 50.19287], [20.65795, 50.18989], [20.64967, 50.19007], [20.64891, 50.18691], [20.65005, 50.18538], [20.64578, 50.18496], [20.64397, 50.18386], [20.64159, 50.18161], [20.64036, 50.17875], [20.6261, 50.17278], [20.6203, 50.17303], [20.61668, 50.17132], [20.61554, 50.16888], [20.61298, 50.16834], [20.60423, 50.17083], [20.60024, 50.1687], [20.59938, 50.16608], [20.59368, 50.16493], [20.59063, 50.16273], [20.5875, 50.1642], [20.58522, 50.16438], [20.58056, 50.16298], [20.57485, 50.1578], [20.57542, 50.15616], [20.5779, 50.1522], [20.5816, 50.15061], [20.58531, 50.15055], [20.58636, 50.14818], [20.58179, 50.14872], [20.57457, 50.14799], [20.57, 50.14939], [20.56116, 50.1497], [20.55726, 50.15067], [20.55498, 50.15], [20.54871, 50.14519], [20.54633, 50.14531], [20.53597, 50.14909], [20.53426, 50.14909], [20.52332, 50.14367], [20.51943, 50.14385], [20.51581, 50.14513], [20.50792, 50.14397], [20.48663, 50.14294], [20.43823, 50.14501], [20.43339, 50.14452], [20.42987, 50.14245], [20.42283, 50.14129], [20.41856, 50.14135], [20.4081, 50.14501], [20.40382, 50.14495], [20.39003, 50.14093], [20.36408, 50.13008], [20.32462, 50.1213], [20.31445, 50.11728], [20.29458, 50.1121], [20.28156, 50.11002], [20.273, 50.10929], [20.25864, 50.10935], [20.25369, 50.10847], [20.24714, 50.1093], [20.24182, 50.11126], [20.23525, 50.11174], [20.23286, 50.10815], [20.22578, 50.10632], [20.21501, 50.10488], [20.20458, 50.09997], [20.20137, 50.09967], [20.19459, 50.09486], [20.18866, 50.09456], [20.18622, 50.09316], [20.17737, 50.09435], [20.1751, 50.09256], [20.16898, 50.08992], [20.16104, 50.09258], [20.14743, 50.09581], [20.14139, 50.09837], [20.1383, 50.10078], [20.12602, 50.10578], [20.11938, 50.10691], [20.10551, 50.10717], [20.09585, 50.10547], [20.08896, 50.10296], [20.08333, 50.10035], [20.07168, 50.09237], [20.06663, 50.09003], [20.05939, 50.08867], [20.05077, 50.08918], [20.04689, 50.08515], [20.02621, 50.08573], [20.01994, 50.08491], [20.00465, 50.08671], [19.98894, 50.08735], [19.97666, 50.09123], [19.97269, 50.09078], [19.96474, 50.09471], [19.94994, 50.09648], [19.9454, 50.09774], [19.94072, 50.10263], [19.93533, 50.10654], [19.93319, 50.10959], [19.91219, 50.11412], [19.90062, 50.11422], [19.89629, 50.11478], [19.89288, 50.11618], [19.88904, 50.11602], [19.8689, 50.12331], [19.86437, 50.12322], [19.86309, 50.12589], [19.86069, 50.12596], [19.85569, 50.12462], [19.85508, 50.12336], [19.85485, 50.11872], [19.85817, 50.11653], [19.85899, 50.11461], [19.85748, 50.11013], [19.8538, 50.10597], [19.84797, 50.10318], [19.84125, 50.10301], [19.83249, 50.10117], [19.82779, 50.10181], [19.82609, 50.10054], [19.82648, 50.0993], [19.83112, 50.0982], [19.83414, 50.09544], [19.83855, 50.09488], [19.84493, 50.09172], [19.84648, 50.0895], [19.8448, 50.08825], [19.84156, 50.08788], [19.8371, 50.09072], [19.83234, 50.0922], [19.82728, 50.09208], [19.82314, 50.09178], [19.81644, 50.08826], [19.80746, 50.0864], [19.78387, 50.0862], [19.77504, 50.08462], [19.76783, 50.08083], [19.75799, 50.07747], [19.74969, 50.06422], [19.74655, 50.06149], [19.74194, 50.06035], [19.72708, 50.05923], [19.72457, 50.05724], [19.72163, 50.05223], [19.71508, 50.0515], [19.71401, 50.05014], [19.71033, 50.04932], [19.70835, 50.04706], [19.70208, 50.04401], [19.69612, 50.04402], [19.68404, 50.03898], [19.67955, 50.04079], [19.67532, 50.03997], [19.66313, 50.04116], [19.65783, 50.03952], [19.64713, 50.03802], [19.64536, 50.03416], [19.64685, 50.03139], [19.64972, 50.02975], [19.65411, 50.03009], [19.65759, 50.03172], [19.66593, 50.03261], [19.66898, 50.03252], [19.66928, 50.03126], [19.65232, 50.02329], [19.64745, 50.01878], [19.64836, 50.01567], [19.64766, 50.01452], [19.63713, 50.01053], [19.63251, 50.00767], [19.62782, 50.00616], [19.62212, 50.00612], [19.61527, 50.00281], [19.60626, 50.00311], [19.59847, 50.00054], [19.59299, 50.00033], [19.59074, 50.00124], [19.58248, 50.00239], [19.58014, 50.00152], [19.57643, 49.99841], [19.57453, 49.99919], [19.57357, 50.00279], [19.56874, 50.00795], [19.56345, 50.01137], [19.56105, 50.01521], [19.56022, 50.01908], [19.55465, 50.0222], [19.54976, 50.02163], [19.54792, 50.02478], [19.54341, 50.02556], [19.53584, 50.0286], [19.53141, 50.03407], [19.52895, 50.03996], [19.52717, 50.04187], [19.50228, 50.04943], [19.48129, 50.05321], [19.47206, 50.05652], [19.46686, 50.06068], [19.46524, 50.06666], [19.46234, 50.06834], [19.4567, 50.06898], [19.44885, 50.06675], [19.42982, 50.06943], [19.42095, 50.07146], [19.41856, 50.07106], [19.41723, 50.06957], [19.40888, 50.06876], [19.39846, 50.07126], [19.39407, 50.07311], [19.39022, 50.07627], [19.38689, 50.08244], [19.38483, 50.08334], [19.37991, 50.0825], [19.37797, 50.08118], [19.37466, 50.07585], [19.37296, 50.06964], [19.36875, 50.06898], [19.36445, 50.07081], [19.36009, 50.07133], [19.35098, 50.06816], [19.3451, 50.07014], [19.3404, 50.07279], [19.3309, 50.07176], [19.32971, 50.07324], [19.32298, 50.07264], [19.3183, 50.07362], [19.31349, 50.07632], [19.31215, 50.08437], [19.30983, 50.08649], [19.30738, 50.08659], [19.30266, 50.08451], [19.29729, 50.08386], [19.29519, 50.0817], [19.28978, 50.08134], [19.28308, 50.08577], [19.2782, 50.08582], [19.26992, 50.08748], [19.26599, 50.08914], [19.26259, 50.09115], [19.26074, 50.09387], [19.25285, 50.09902], [19.24442, 50.09701], [19.23706, 50.09642], [19.2346, 50.09781], [19.23052, 50.10221], [19.2267, 50.10222], [19.22274, 50.10378], [19.22122, 50.10832], [19.21859, 50.11116], [19.21331, 50.11258], [19.2078, 50.11259], [19.20164, 50.11374], [19.19702, 50.1153], [19.19615, 50.11856], [19.19904, 50.12493], [19.19818, 50.12975], [19.2046, 50.13725], [19.20638, 50.14079], [19.20617, 50.1422], [19.20297, 50.14506], [19.19603, 50.14406], [19.17796, 50.14565], [19.16826, 50.14396], [19.16406, 50.14213], [19.15898, 50.13689], [19.15785, 50.12868], [19.14792, 50.126], [19.14461, 50.12374], [19.14372, 50.12048], [19.14635, 50.11665], [19.1459, 50.11354], [19.1426, 50.11354], [19.13313, 50.1161], [19.12498, 50.1171], [19.10339, 50.11458], [19.09833, 50.11741], [19.09304, 50.11827], [19.08687, 50.11516], [19.08444, 50.11516], [19.07982, 50.11856], [19.07851, 50.12139], [19.07896, 50.12664], [19.07786, 50.12805], [19.07477, 50.12947], [19.06796, 50.13968], [19.05651, 50.14804], [19.04417, 50.15456], [19.0391, 50.15825], [19.03689, 50.16065], [19.03403, 50.16731], [19.03073, 50.16986], [19.02971, 50.17243], [19.01488, 50.17111], [18.99288, 50.17037], [18.98303, 50.16888], [18.97088, 50.1659], [18.96335, 50.1633], [18.95872, 50.16069], [18.94542, 50.15102], [18.94311, 50.14283], [18.93907, 50.13391], [18.93618, 50.13056], [18.9296, 50.1272], [18.88941, 50.11978], [18.85787, 50.11846], [18.82023, 50.12711], [18.80016, 50.13047], [18.80559, 50.11482], [18.8028, 50.11158], [18.79835, 50.11034], [18.79668, 50.1158], [18.7912, 50.11802], [18.77782, 50.11129], [18.76791, 50.10776], [18.74907, 50.10293], [18.74411, 50.101], [18.73955, 50.09704], [18.73508, 50.0945], [18.73232, 50.08693], [18.72172, 50.08078], [18.71897, 50.07212], [18.71619, 50.06815], [18.70951, 50.06201], [18.70204, 50.04708], [18.70404, 50.04468], [18.7016, 50.0399], [18.70276, 50.03553], [18.7079, 50.02789], [18.71134, 50.02061], [18.72103, 50.00824], [18.71979, 49.99361], [18.72282, 49.99257], [18.7319, 49.98639], [18.73531, 49.98276], [18.73646, 49.97875], [18.73931, 49.97474], [18.75405, 49.96676], [18.75917, 49.95838], [18.75919, 49.95474], [18.74175, 49.94121], [18.72654, 49.93389], [18.72372, 49.9316], [18.72725, 49.92708], [18.72868, 49.92211], [18.7238, 49.91848], [18.72242, 49.9135], [18.72458, 49.90446], [18.7197, 49.89948], [18.71412, 49.89675], [18.70644, 49.89356], [18.68267, 49.88853], [18.65186, 49.88934], [18.64487, 49.88751], [18.6267, 49.88617], [18.62166, 49.88458], [18.61872, 49.88471], [18.61556, 49.88334], [18.60618, 49.88214], [18.6039, 49.8836], [18.59817, 49.88464], [18.59187, 49.88772], [18.58781, 49.89151], [18.57717, 49.89147], [18.57148, 49.89229], [18.5731, 49.8954], [18.57761, 49.89998], [18.57783, 49.90353], [18.58006, 49.90555], [18.57801, 49.90694], [18.5737, 49.90779], [18.57571, 49.91042], [18.57382, 49.91119], [18.57374, 49.91247], [18.57618, 49.91328], [18.5745, 49.91467], [18.57518, 49.91862], [18.57371, 49.92116], [18.57164, 49.92162], [18.56315, 49.91856], [18.55902, 49.91799], [18.55216, 49.92082], [18.55037, 49.92295], [18.54331, 49.92627], [18.53938, 49.92569], [18.54303, 49.92245], [18.54045, 49.91977], [18.54124, 49.91846], [18.53988, 49.91205], [18.54708, 49.90915], [18.54188, 49.90493], [18.53952, 49.90448], [18.53849, 49.90261], [18.53507, 49.90198], [18.53437, 49.89961], [18.53266, 49.90027], [18.53184, 49.89949], [18.52987, 49.89969], [18.52895, 49.90104], [18.52828, 49.89955], [18.52795, 49.90068], [18.52654, 49.90111], [18.52447, 49.9006], [18.52366, 49.8995], [18.52306, 49.9004], [18.52153, 49.90009], [18.5223, 49.90128], [18.52127, 49.90161], [18.52065, 49.90083], [18.51921, 49.90233], [18.51533, 49.90188], [18.51442, 49.90297], [18.51274, 49.90222], [18.51129, 49.90282], [18.50805, 49.90208], [18.50806, 49.90288], [18.5063, 49.90226], [18.50558, 49.90307], [18.50549, 49.90183], [18.50357, 49.90254], [18.50469, 49.9035], [18.50295, 49.90397], [18.5013, 49.90324], [18.49986, 49.9049], [18.49809, 49.90301], [18.49642, 49.9048], [18.49715, 49.90525], [18.49545, 49.90545], [18.49567, 49.90626], [18.4948, 49.90636], [18.494, 49.9061], [18.4952, 49.90495], [18.49384, 49.90525], [18.49184, 49.90448], [18.49147, 49.90326], [18.49027, 49.90417], [18.49052, 49.90522], [18.48513, 49.90635], [18.48885, 49.90907], [18.4868, 49.91331], [18.47937, 49.91978], [18.47644, 49.92358], [18.47496, 49.92731], [18.47725, 49.93021], [18.47704, 49.93344], [18.47476, 49.93411], [18.4724, 49.9343], [18.46701, 49.93202], [18.46021, 49.93211], [18.45993, 49.92952], [18.45398, 49.92272], [18.45092, 49.92359], [18.44648, 49.92287], [18.44397, 49.92359], [18.43764, 49.9283], [18.43287, 49.92817], [18.43075, 49.93816], [18.42143, 49.9386], [18.41785, 49.93738], [18.40056, 49.93563], [18.39766, 49.93426], [18.39169, 49.93405], [18.38656, 49.93524], [18.37698, 49.93561], [18.37388, 49.93724], [18.36965, 49.93659], [18.36674, 49.93717], [18.36433, 49.9403], [18.35978, 49.9408], [18.35602, 49.94407], [18.33745, 49.946], [18.33296, 49.94939], [18.33487, 49.93997], [18.34066, 49.93837], [18.34396, 49.94029], [18.34642, 49.94021], [18.3487, 49.93678], [18.35167, 49.93538], [18.34981, 49.93382], [18.34554, 49.93491], [18.34195, 49.9347], [18.34055, 49.93319], [18.34084, 49.93211], [18.34728, 49.9309], [18.35002, 49.9296], [18.34485, 49.92983], [18.3401, 49.92566], [18.33761, 49.92682], [18.33375, 49.92722], [18.33352, 49.93026], [18.33038, 49.93059], [18.32981, 49.92959], [18.33111, 49.92635], [18.32987, 49.92331], [18.32238, 49.91631], [18.31795, 49.91568], [18.31493, 49.91736], [18.31496, 49.9188], [18.29912, 49.92381], [18.30067, 49.92524], [18.29903, 49.92873], [18.28969, 49.92873], [18.28824, 49.93155], [18.28171, 49.93716], [18.28264, 49.93914], [18.27921, 49.94006], [18.28183, 49.95055], [18.27841, 49.96246], [18.27631, 49.96464], [18.27163, 49.96621], [18.26292, 49.96616], [18.25347, 49.96902], [18.24786, 49.96868], [18.2364, 49.97105], [18.22627, 49.96956], [18.22163, 49.96766], [18.22064, 49.96887], [18.21429, 49.97201], [18.21538, 49.97571], [18.21384, 49.98613], [18.21184, 49.98827], [18.21139, 49.99228], [18.20657, 49.99794], [18.19322, 49.99452], [18.19009, 49.99878], [18.18312, 49.99962], [18.183, 50.0004], [18.17313, 50.00029], [18.17384, 49.99857], [18.16798, 49.99852], [18.16812, 49.99386], [18.172, 49.99001], [18.17042, 49.98913], [18.16901, 49.98645], [18.16752, 49.98559], [18.16253, 49.98492], [18.15803, 49.98277], [18.15384, 49.98237], [18.14694, 49.99162], [18.13607, 49.99391], [18.13437, 49.99743], [18.13113, 49.99807], [18.12088, 49.99451], [18.11697, 49.99415], [18.1159, 49.99473], [18.11548, 49.99673], [18.10478, 50.00092], [18.0979, 50.00734], [18.09467, 50.0121], [18.09329, 50.015], [18.09629, 50.01649], [18.09988, 50.02058], [18.10315, 50.02261], [18.10069, 50.02494], [18.09832, 50.02614], [18.09662, 50.02598], [18.09101, 50.03011], [18.08562, 50.03197], [18.08492, 50.03414], [18.08747, 50.03608], [18.08847, 50.03828], [18.08936, 50.04412], [18.08593, 50.04595], [18.07736, 50.04565], [18.06593, 50.0481], [18.06759, 50.05313], [18.06378, 50.05274], [18.06172, 50.05918], [18.04983, 50.05837], [18.04756, 50.05976], [18.04607, 50.06259], [18.04084, 50.06296], [18.03361, 50.06602], [18.02086, 50.06092], [18.012, 50.05472], [18.00516, 50.0535], [18.00665, 50.04472], [18.00592, 50.04043], [18.00407, 50.039], [18.00882, 50.03129], [18.0131, 50.03024], [18.01784, 50.03144], [18.02221, 50.03615], [18.0246, 50.03657], [18.02474, 50.03876], [18.02857, 50.03873], [18.0385, 50.03637], [18.04438, 50.03661], [18.04902, 50.02743], [18.04669, 50.02681], [18.04754, 50.02473], [18.04293, 50.02204], [18.04417, 50.02009], [18.047, 50.01938], [18.04589, 50.01917], [18.04631, 50.01589], [18.04247, 50.01572], [18.04229, 50.01389], [18.04091, 50.01361], [18.0445, 50.01035], [18.04571, 50.01029], [18.04546, 50.00513], [18.04354, 50.00499], [18.04348, 50.00622], [18.0371, 50.0086], [18.0353, 50.01101], [18.02416, 50.0103], [18.01447, 50.01111], [18.00746, 50.0107], [18.00464, 50.01836], [17.9991, 50.01576], [17.99277, 50.01503], [17.98927, 50.01354], [17.98328, 50.00508], [17.97312, 50.00862], [17.96983, 50.00888], [17.96551, 50.00825], [17.96186, 50.00498], [17.95405, 50.00507], [17.93007, 49.98662], [17.92469, 49.98182], [17.92285, 49.97875], [17.91788, 49.97785], [17.91161, 49.97783], [17.90916, 49.97651], [17.89804, 49.97793], [17.89282, 49.97977], [17.88951, 49.98009], [17.88628, 49.97842], [17.88523, 49.97927], [17.8685, 49.97249], [17.86673, 49.97349], [17.86149, 49.98065], [17.85967, 49.98083], [17.85673, 49.97986], [17.85643, 49.98141], [17.8545, 49.98277], [17.85283, 49.98208], [17.8512, 49.98267], [17.85197, 49.984], [17.85035, 49.98679], [17.84283, 49.98681], [17.8383, 49.99008], [17.83897, 49.99119], [17.83766, 49.99235], [17.83634, 49.99229], [17.83547, 49.99016], [17.83403, 49.98981], [17.83268, 49.9917], [17.82999, 49.99232], [17.82839, 49.99387], [17.82637, 49.99401], [17.83686, 50.00361], [17.82769, 50.01131], [17.80419, 50.01242], [17.80234, 50.01339], [17.79814, 50.0135], [17.79505, 50.01446], [17.79502, 50.01771], [17.79238, 50.01913], [17.78868, 50.01733], [17.78717, 50.01764], [17.78679, 50.01937], [17.78516, 50.02021], [17.78294, 50.01937], [17.77765, 50.02012], [17.77664, 50.02204], [17.77176, 50.02523], [17.77161, 50.02625], [17.77653, 50.02838], [17.77713, 50.03108], [17.77533, 50.03291], [17.77516, 50.0351], [17.77246, 50.03569], [17.7698, 50.03526], [17.77031, 50.0368], [17.76927, 50.03775], [17.7704, 50.03778], [17.77026, 50.03939], [17.77327, 50.04236], [17.7706, 50.0439], [17.77209, 50.04635], [17.77142, 50.04863], [17.76893, 50.04911], [17.76913, 50.05149], [17.7668, 50.051], [17.7657, 50.05262], [17.76341, 50.05254], [17.76152, 50.05348], [17.76097, 50.05451], [17.76204, 50.05574], [17.76325, 50.05533], [17.76418, 50.05602], [17.76134, 50.05692], [17.76096, 50.05887], [17.75692, 50.05838], [17.75649, 50.05897], [17.75837, 50.05977], [17.75675, 50.06094], [17.75546, 50.06083], [17.75488, 50.06254], [17.75645, 50.0631], [17.75764, 50.06264], [17.75822, 50.06345], [17.75736, 50.06384], [17.75953, 50.06434], [17.75883, 50.06552], [17.75814, 50.06487], [17.75638, 50.06554], [17.75844, 50.06649], [17.75896, 50.06765], [17.75619, 50.06711], [17.75676, 50.06855], [17.75244, 50.06965], [17.75078, 50.07312], [17.75245, 50.07425], [17.75127, 50.07593], [17.75074, 50.0755], [17.74918, 50.07601], [17.74994, 50.07756], [17.74891, 50.07883], [17.74729, 50.07891], [17.74308, 50.08135], [17.74031, 50.08086], [17.73917, 50.08154], [17.74006, 50.08275], [17.73824, 50.08241], [17.7345, 50.08441], [17.73308, 50.0865], [17.73114, 50.08678], [17.7314, 50.08766], [17.7295, 50.08794], [17.73088, 50.09716], [17.71829, 50.10607], [17.70513, 50.11441], [17.69856, 50.1159], [17.69684, 50.11699], [17.68327, 50.11731], [17.67666, 50.10302], [17.66505, 50.10692], [17.66198, 50.10869], [17.65034, 50.11081], [17.64764, 50.11388], [17.64861, 50.11623], [17.64654, 50.11658], [17.64645, 50.11851], [17.64375, 50.1227], [17.64482, 50.12467], [17.64291, 50.12564], [17.64324, 50.12703], [17.64026, 50.13074], [17.6346, 50.13267], [17.63139, 50.13298], [17.62098, 50.13701], [17.61735, 50.13733], [17.6167, 50.13922], [17.61088, 50.14004], [17.60896, 50.14182], [17.60954, 50.14362], [17.60635, 50.14683], [17.60581, 50.14897], [17.59938, 50.15544], [17.59691, 50.15561], [17.59269, 50.15998], [17.60116, 50.16963], [17.60318, 50.16979], [17.60444, 50.17093], [17.6197, 50.17116], [17.6257, 50.16919], [17.63067, 50.17346], [17.63686, 50.17376], [17.63806, 50.17477], [17.64332, 50.17617], [17.66577, 50.17785], [17.67944, 50.18294], [17.68359, 50.18161], [17.68953, 50.18232], [17.69065, 50.18346], [17.69532, 50.18306], [17.6996, 50.18444], [17.70179, 50.18417], [17.70466, 50.1849], [17.70594, 50.18642], [17.70427, 50.18971], [17.70773, 50.19014], [17.70796, 50.19119], [17.71069, 50.19199], [17.71009, 50.19344], [17.71164, 50.1961], [17.70999, 50.1992], [17.71324, 50.20124], [17.71451, 50.20107], [17.71442, 50.20176], [17.71637, 50.20166], [17.71733, 50.20245], [17.71646, 50.20368], [17.71736, 50.2057], [17.72422, 50.20658], [17.72875, 50.20416], [17.7337, 50.20343], [17.73461, 50.20249], [17.74113, 50.20206], [17.74454, 50.20267], [17.74727, 50.204], [17.74805, 50.20528], [17.75846, 50.20657], [17.75888, 50.20909], [17.75749, 50.21059], [17.75946, 50.21352], [17.75999, 50.21656], [17.75655, 50.22145], [17.76001, 50.22873], [17.76462, 50.23376], [17.76497, 50.23639], [17.73769, 50.24917], [17.73445, 50.25253], [17.72495, 50.25675], [17.72603, 50.25864], [17.72587, 50.27282], [17.73464, 50.27758], [17.7373, 50.28262], [17.74102, 50.28656], [17.74149, 50.28863], [17.74352, 50.29009], [17.74295, 50.29104], [17.74783, 50.29309], [17.74789, 50.29417], [17.74962, 50.29536], [17.74871, 50.29548], [17.74934, 50.29659], [17.74851, 50.2967], [17.75027, 50.2978], [17.75171, 50.29747], [17.75205, 50.29952], [17.75078, 50.29957], [17.75114, 50.30028], [17.74965, 50.30116], [17.74815, 50.30064], [17.7455, 50.30152], [17.74546, 50.30054], [17.74492, 50.30035], [17.74515, 50.30103], [17.74152, 50.30098], [17.74085, 50.30196], [17.73767, 50.30124], [17.73705, 50.30226], [17.73329, 50.30351], [17.73201, 50.30293], [17.73003, 50.30365], [17.72882, 50.3033], [17.72618, 50.30737], [17.72248, 50.3177], [17.71902, 50.32027], [17.70975, 50.32346], [17.68692, 50.32798], [17.68784, 50.31602], [17.689, 50.31559], [17.6871, 50.30575], [17.68912, 50.30186], [17.686, 50.29905], [17.6808, 50.29699], [17.67565, 50.29216], [17.6686, 50.29116], [17.66723, 50.28892], [17.66412, 50.28701], [17.65783, 50.28489], [17.65076, 50.27776], [17.64169, 50.27612], [17.63843, 50.27369], [17.62215, 50.26914], [17.61729, 50.26695], [17.6121, 50.26601], [17.60544, 50.26712], [17.60264, 50.26987], [17.59805, 50.27067], [17.59763, 50.27484], [17.59548, 50.27666], [17.59237, 50.27773], [17.59188, 50.27895], [17.5842, 50.27763], [17.58073, 50.27792], [17.57855, 50.27585], [17.57187, 50.27466], [17.5632, 50.27029], [17.55981, 50.27136], [17.54896, 50.26995], [17.54185, 50.27036], [17.53751, 50.27175], [17.52578, 50.27359], [17.52446, 50.27501], [17.51841, 50.27412], [17.50713, 50.27473], [17.49704, 50.27434], [17.49559, 50.27509], [17.48594, 50.27339], [17.47956, 50.27119], [17.47285, 50.27005], [17.47182, 50.26917], [17.46869, 50.26957], [17.46347, 50.26706], [17.45783, 50.27009], [17.45619, 50.26969], [17.45726, 50.26735], [17.45625, 50.26225], [17.45715, 50.26034], [17.45491, 50.25681], [17.44918, 50.25514], [17.44528, 50.25302], [17.43823, 50.25166], [17.42969, 50.25418], [17.42768, 50.25865], [17.43119, 50.26306], [17.42813, 50.26825], [17.42391, 50.27147], [17.42067, 50.27742], [17.40687, 50.27393], [17.40083, 50.27959], [17.38906, 50.28275], [17.3862, 50.28288], [17.36613, 50.28206], [17.36315, 50.27964], [17.36249, 50.2764], [17.36254, 50.26433], [17.35803, 50.26529], [17.35029, 50.26381], [17.34637, 50.26739], [17.34476, 50.27396], [17.34324, 50.27476], [17.34273, 50.27633], [17.34391, 50.27923], [17.34259, 50.28107], [17.33774, 50.28347], [17.3482, 50.28744], [17.34472, 50.2913], [17.34599, 50.29783], [17.3505, 50.30213], [17.35135, 50.30642], [17.3533, 50.30682], [17.35368, 50.30804], [17.34862, 50.31179], [17.34533, 50.31227], [17.34326, 50.31172], [17.33751, 50.31306], [17.34049, 50.32268], [17.34823, 50.3228], [17.35003, 50.32534], [17.34866, 50.32835], [17.3278, 50.3271], [17.31067, 50.32016], [17.30345, 50.32014], [17.29156, 50.31756], [17.28205, 50.31901], [17.27402, 50.32183], [17.2643, 50.32802], [17.25713, 50.32896], [17.24733, 50.33208], [17.24704, 50.33386], [17.24209, 50.33728], [17.23878, 50.33811], [17.2355, 50.34107], [17.23207, 50.34178], [17.22463, 50.34521], [17.21307, 50.35629], [17.21305, 50.35754], [17.20114, 50.36402], [17.19912, 50.37508], [17.20268, 50.3816], [17.20197, 50.38296], [17.20303, 50.38348], [17.20327, 50.38636], [17.18404, 50.38996], [17.18304, 50.38792], [17.17948, 50.38616], [17.16252, 50.38366], [17.15722, 50.38007], [17.1521, 50.38155], [17.14333, 50.38042], [17.12958, 50.39118], [17.12572, 50.39239], [17.12354, 50.39408], [17.11111, 50.39369], [17.11075, 50.40496], [17.102, 50.4062], [17.08514, 50.40579], [17.08346, 50.40549], [17.08234, 50.402], [17.07555, 50.40434], [17.06839, 50.4057], [17.05253, 50.40696], [17.04157, 50.41187], [17.03792, 50.41485], [17.02976, 50.41539], [17.02427, 50.42147], [17.01834, 50.42141], [17.01353, 50.41858], [17.00616, 50.42449], [16.99829, 50.42775], [16.98338, 50.42008], [16.97401, 50.41776], [16.97123, 50.42137], [16.96338, 50.42603], [16.95614, 50.42868], [16.94607, 50.43397], [16.92701, 50.43843], [16.92194, 50.4405], [16.91758, 50.44459], [16.9079, 50.44945], [16.90455, 50.44827], [16.8985, 50.44772], [16.89318, 50.44338], [16.88671, 50.44419], [16.88117, 50.44244], [16.88072, 50.43616], [16.87557, 50.43264], [16.87662, 50.43127], [16.87582, 50.42819], [16.86922, 50.42251], [16.8688, 50.41801], [16.86958, 50.41708], [16.86078, 50.41151], [16.86032, 50.40775], [16.86246, 50.40917], [16.86376, 50.4089], [16.8667, 50.4075], [16.87218, 50.4029], [16.88152, 50.39906], [16.88489, 50.39868], [16.89017, 50.39674], [16.89284, 50.39512], [16.89549, 50.39131], [16.89903, 50.3896], [16.90709, 50.39131], [16.91097, 50.38904], [16.91017, 50.38518], [16.91506, 50.38247], [16.91436, 50.37995], [16.91652, 50.37708], [16.91686, 50.37397], [16.91957, 50.36897], [16.91627, 50.36586], [16.91537, 50.36298], [16.91935, 50.36022], [16.92158, 50.35508], [16.92983, 50.34582], [16.93272, 50.34508], [16.93748, 50.34221], [16.93648, 50.33783], [16.93847, 50.33311], [16.93432, 50.33079], [16.93442, 50.32986], [16.93801, 50.32587], [16.94072, 50.31979], [16.94623, 50.31784], [16.94614, 50.31539], [16.95585, 50.31222], [16.96102, 50.31257], [16.962, 50.31425], [16.96826, 50.31593], [16.96955, 50.31274], [16.97353, 50.30818], [16.98353, 50.30577], [16.99345, 50.30236], [16.99721, 50.30225], [17.00063, 50.30308], [17.00264, 50.30212], [17.00436, 50.29869], [17.0037, 50.2963], [17.00902, 50.29529], [17.01581, 50.2867], [17.01752, 50.28067], [17.02005, 50.27826], [17.01775, 50.27381], [17.01802, 50.27096], [17.01655, 50.26734], [17.00985, 50.26025], [17.00627, 50.25937], [17.00155, 50.2564], [17.00329, 50.25298], [17.01081, 50.24923], [17.0116, 50.24795], [17.01067, 50.24271], [17.01152, 50.24137], [17.0153, 50.24044], [17.02831, 50.22999], [17.02443, 50.22721], [17.02125, 50.22646], [17.01451, 50.21926], [16.99854, 50.21588], [16.99687, 50.21666], [16.99453, 50.2206], [16.99223, 50.22682], [16.98614, 50.23178], [16.98213, 50.23377], [16.98062, 50.23581], [16.98036, 50.24164], [16.97768, 50.24433], [16.97592, 50.24482], [16.96276, 50.23867], [16.96113, 50.23527], [16.96545, 50.23131], [16.96584, 50.22979], [16.95845, 50.2261], [16.9581, 50.22448], [16.95595, 50.22253], [16.94981, 50.22132], [16.94476, 50.22301], [16.93934, 50.22233], [16.93488, 50.2237], [16.92885, 50.2228], [16.92617, 50.22338], [16.92349, 50.22548], [16.91738, 50.2262], [16.90482, 50.22296], [16.89864, 50.22266], [16.89808, 50.21859], [16.88877, 50.21627], [16.88503, 50.21306], [16.88395, 50.20831], [16.88473, 50.20369], [16.88404, 50.20143], [16.88192, 50.19955], [16.87163, 50.19696], [16.86631, 50.1982], [16.86325, 50.19812], [16.86188, 50.2011], [16.85145, 50.20479], [16.84863, 50.20764], [16.83654, 50.20308], [16.83474, 50.201], [16.83589, 50.19793], [16.83433, 50.19706], [16.83219, 50.19733], [16.82587, 50.1946], [16.82381, 50.19219], [16.82436, 50.18998], [16.82285, 50.18867], [16.81679, 50.19208], [16.81299, 50.1914], [16.80991, 50.18934], [16.80541, 50.18273], [16.80068, 50.18011], [16.79854, 50.17481], [16.79891, 50.17137], [16.79736, 50.16565], [16.79044, 50.15686], [16.78676, 50.15449], [16.78632, 50.15326], [16.78162, 50.15133], [16.78354, 50.148], [16.78276, 50.14511], [16.76776, 50.14017], [16.76166, 50.13614], [16.75653, 50.1353], [16.75535, 50.13394], [16.75284, 50.1341], [16.75087, 50.13534], [16.74504, 50.13472], [16.74449, 50.13268], [16.7408, 50.12811], [16.73766, 50.12635], [16.73377, 50.12017], [16.72908, 50.11688], [16.72719, 50.1097], [16.72316, 50.10667], [16.72388, 50.10525], [16.71978, 50.10251], [16.71127, 50.09974], [16.70603, 50.09658], [16.70256, 50.0964], [16.68871, 50.09861], [16.68218, 50.10098], [16.67805, 50.10377], [16.66466, 50.10611], [16.66092, 50.108], [16.65349, 50.10979], [16.64127, 50.11217], [16.63361, 50.11134], [16.63195, 50.11481], [16.62904, 50.11622], [16.62517, 50.12102], [16.61982, 50.12196], [16.61396, 50.12511], [16.61282, 50.12784], [16.61353, 50.13144], [16.61142, 50.13283], [16.60351, 50.13401], [16.59945, 50.13849], [16.59532, 50.14047], [16.58937, 50.1401], [16.58008, 50.14242], [16.58046, 50.14362], [16.58467, 50.14565], [16.5802, 50.14864], [16.58542, 50.15227], [16.57783, 50.15526], [16.57894, 50.15684], [16.57836, 50.15768], [16.56853, 50.16043], [16.56378, 50.16329], [16.56216, 50.16309], [16.56112, 50.16388], [16.56016, 50.16802], [16.55783, 50.17058], [16.5582, 50.17389], [16.56147, 50.17594], [16.56381, 50.17984], [16.56044, 50.18411], [16.5571, 50.18484], [16.55693, 50.18587], [16.55887, 50.18694], [16.55888, 50.18912], [16.55792, 50.19184], [16.55546, 50.19373], [16.55439, 50.19621], [16.55699, 50.19955], [16.55597, 50.20313], [16.56126, 50.20545], [16.56169, 50.20761], [16.55849, 50.21009], [16.55819, 50.21352], [16.55492, 50.21359], [16.55343, 50.21496], [16.55676, 50.21705], [16.55735, 50.22038], [16.5512, 50.22304], [16.54946, 50.22518], [16.54957, 50.22769], [16.54831, 50.22976], [16.54524, 50.23003], [16.54062, 50.23383], [16.53873, 50.23694], [16.53754, 50.23728], [16.53746, 50.23904], [16.5346, 50.23837], [16.53286, 50.23871], [16.52919, 50.2376], [16.52287, 50.23936], [16.52197, 50.24103], [16.52107, 50.24057], [16.52054, 50.24197], [16.51702, 50.24328], [16.51282, 50.24742], [16.51433, 50.25162], [16.50847, 50.25275], [16.50671, 50.25548], [16.5081, 50.25763], [16.50626, 50.26029], [16.50354, 50.2609], [16.49749, 50.25984], [16.49372, 50.26351], [16.48973, 50.26423], [16.48899, 50.26855], [16.48695, 50.27076], [16.48333, 50.27065], [16.48193, 50.27141], [16.48012, 50.27706], [16.47261, 50.28364], [16.46667, 50.28687], [16.46631, 50.28795], [16.46813, 50.29021], [16.46474, 50.29295], [16.46459, 50.29568], [16.46199, 50.29635], [16.45898, 50.29892], [16.45558, 50.30005], [16.45459, 50.30222], [16.45184, 50.30396], [16.44818, 50.30501], [16.44624, 50.31037], [16.444, 50.31311], [16.43798, 50.31643], [16.43652, 50.32101], [16.4313, 50.3247], [16.42584, 50.32531], [16.41905, 50.32423], [16.41077, 50.32456], [16.40534, 50.32014], [16.39926, 50.31919], [16.39301, 50.32353], [16.3907, 50.32337], [16.38323, 50.32881], [16.3752, 50.34228], [16.36465, 50.34686], [16.36217, 50.34973], [16.36116, 50.35364], [16.36589, 50.35731], [16.36562, 50.36316], [16.36803, 50.36697], [16.3636, 50.37068], [16.36491, 50.37395], [16.36066, 50.37955], [16.35721, 50.37996], [16.35254, 50.37861], [16.34852, 50.38065], [16.34181, 50.37787], [16.33734, 50.37824], [16.33382, 50.37991], [16.33067, 50.3799], [16.32627, 50.38211], [16.32263, 50.38197], [16.31986, 50.38053], [16.31689, 50.38018], [16.30871, 50.38312], [16.30468, 50.38259], [16.29924, 50.38076], [16.29875, 50.37861], [16.29342, 50.37395], [16.29335, 50.37154], [16.29156, 50.37009], [16.28651, 50.36757], [16.28171, 50.36701], [16.27863, 50.36744], [16.27665, 50.37333], [16.27686, 50.3762], [16.26826, 50.37909], [16.26594, 50.38161], [16.26563, 50.38309], [16.26739, 50.38674], [16.26305, 50.39356], [16.25979, 50.39441], [16.25065, 50.3935], [16.24738, 50.39619], [16.24735, 50.39824], [16.2519, 50.39969], [16.25193, 50.40233], [16.25385, 50.40316], [16.25292, 50.40564], [16.24662, 50.40731], [16.24162, 50.40967], [16.24168, 50.41138], [16.23811, 50.41408], [16.2302, 50.41218], [16.22195, 50.40804], [16.22185, 50.40692], [16.21806, 50.40788], [16.21681, 50.40896], [16.21447, 50.4091], [16.21047, 50.41124], [16.21136, 50.41369], [16.21411, 50.4147], [16.21201, 50.4185], [16.21216, 50.42136], [16.21007, 50.42429], [16.20984, 50.42679], [16.20396, 50.4296], [16.19828, 50.42884], [16.19571, 50.43213], [16.1963, 50.43352], [16.19868, 50.43473], [16.19883, 50.44178], [16.20403, 50.44635], [16.20501, 50.44865], [16.20977, 50.44947], [16.21296, 50.4517], [16.21972, 50.45186], [16.22142, 50.45089], [16.22195, 50.44947], [16.22057, 50.44851], [16.22082, 50.44626], [16.22399, 50.44208], [16.23047, 50.44273], [16.23189, 50.44348], [16.23096, 50.4447], [16.23364, 50.44601], [16.23407, 50.4487], [16.23053, 50.45074], [16.2304, 50.4536], [16.22038, 50.45789], [16.22214, 50.45838], [16.22428, 50.46073], [16.22613, 50.45983], [16.22738, 50.46038], [16.23127, 50.45951], [16.23141, 50.46026], [16.23525, 50.45991], [16.2363, 50.46079], [16.23543, 50.46352], [16.23175, 50.46616], [16.23354, 50.46682], [16.2366, 50.46555], [16.23795, 50.46529], [16.23817, 50.46586], [16.24337, 50.46306], [16.24568, 50.46452], [16.2557, 50.46762], [16.24932, 50.47194], [16.24908, 50.47351], [16.25156, 50.47534], [16.25514, 50.47646], [16.25871, 50.48018], [16.2648, 50.48005], [16.26858, 50.47588], [16.2702, 50.47679], [16.27471, 50.47658], [16.26964, 50.47958], [16.26851, 50.48291], [16.27109, 50.48327], [16.26999, 50.48398], [16.27146, 50.48467], [16.27375, 50.48407], [16.27346, 50.48254], [16.28237, 50.48103], [16.28372, 50.47984], [16.28854, 50.48091], [16.2941, 50.47919], [16.29974, 50.48521], [16.30163, 50.48937], [16.30049, 50.49148], [16.30463, 50.49099], [16.31043, 50.49247], [16.31241, 50.49411], [16.31208, 50.49717], [16.30944, 50.49937], [16.31093, 50.50269], [16.31029, 50.50515], [16.31153, 50.50613], [16.31823, 50.50778], [16.32074, 50.50759], [16.32564, 50.50493], [16.3325, 50.50352], [16.33425, 50.50193], [16.33425, 50.49977], [16.33815, 50.49969], [16.33863, 50.49858], [16.34235, 50.49745], [16.3438, 50.49584], [16.34776, 50.49655], [16.34837, 50.49933], [16.34943, 50.49835], [16.35162, 50.49798], [16.3563, 50.50048], [16.36035, 50.50123], [16.36596, 50.50591], [16.37394, 50.51637], [16.38669, 50.52034], [16.39449, 50.5261], [16.39959, 50.52724], [16.40178, 50.52989], [16.39677, 50.53328], [16.39824, 50.53454], [16.38739, 50.54198], [16.38754, 50.54259], [16.38968, 50.54241], [16.3965, 50.54388], [16.40222, 50.54653], [16.41093, 50.5479], [16.41065, 50.5564], [16.40836, 50.56138], [16.404, 50.56467], [16.4034, 50.56626], [16.40464, 50.56927], [16.416, 50.56847], [16.4211, 50.5692], [16.43191, 50.57315], [16.43501, 50.57534], [16.44491, 50.57957], [16.44332, 50.5865], [16.44096, 50.58765], [16.43804, 50.5922], [16.43375, 50.59506], [16.43181, 50.59853], [16.42758, 50.6005], [16.42295, 50.60633], [16.41853, 50.60869], [16.41278, 50.61013], [16.40496, 50.61732], [16.39446, 50.61873], [16.38038, 50.63036], [16.37814, 50.63443], [16.37948, 50.63665], [16.3737, 50.6366], [16.36506, 50.64486], [16.36521, 50.64664], [16.36408, 50.6475], [16.36132, 50.64841], [16.35607, 50.6467], [16.35122, 50.64785], [16.34988, 50.64917], [16.34941, 50.6525], [16.34399, 50.65733], [16.34308, 50.66151], [16.33968, 50.66248], [16.33387, 50.66253], [16.33183, 50.66376], [16.32213, 50.6666], [16.31667, 50.66463], [16.31381, 50.66446], [16.31275, 50.66231], [16.30498, 50.65906], [16.30026, 50.66084], [16.29471, 50.65981], [16.28759, 50.66077], [16.28411, 50.66045], [16.28184, 50.66138], [16.28131, 50.66396], [16.27959, 50.66561], [16.28024, 50.66749], [16.27944, 50.66821], [16.26862, 50.66728], [16.26332, 50.66829], [16.25836, 50.66712], [16.24626, 50.67026], [16.24226, 50.66965], [16.23481, 50.67157], [16.23024, 50.66771], [16.22698, 50.66215], [16.22509, 50.6555], [16.22148, 50.65151], [16.22122, 50.64385], [16.22031, 50.64347], [16.22094, 50.63977], [16.21901, 50.63831], [16.22053, 50.63648], [16.21736, 50.63335], [16.21405, 50.63212], [16.20087, 50.63171], [16.19881, 50.63064], [16.19439, 50.63039], [16.18797, 50.62731], [16.18417, 50.62721], [16.17938, 50.62866], [16.18016, 50.63364], [16.17747, 50.63593], [16.17696, 50.63965], [16.17037, 50.64528], [16.16358, 50.64687], [16.14838, 50.65334], [16.14194, 50.65209], [16.13949, 50.65078], [16.13721, 50.65213], [16.13447, 50.65612], [16.12794, 50.65757], [16.12583, 50.66058], [16.11635, 50.6604], [16.1135, 50.65952], [16.11298, 50.65862], [16.11125, 50.66094], [16.10555, 50.66204], [16.10368, 50.66336], [16.10077, 50.66251], [16.09981, 50.65869], [16.09506, 50.653], [16.09145, 50.65208], [16.08917, 50.6527], [16.08475, 50.64708], [16.08054, 50.64584], [16.07473, 50.64189], [16.06759, 50.63976], [16.06636, 50.63593], [16.0624, 50.6317], [16.0619, 50.62809], [16.05982, 50.62503], [16.05972, 50.62138], [16.05735, 50.61688], [16.05839, 50.61312], [16.05608, 50.6097], [16.05212, 50.61191], [16.04262, 50.61424], [16.02923, 50.6038], [16.02483, 50.59862], [16.01955, 50.60026], [16.01698, 50.60245], [16.0157, 50.60611], [16.01116, 50.60685], [16.00853, 50.6047], [16.00152, 50.60772], [15.99054, 50.61054], [15.98644, 50.61348], [15.98671, 50.61522], [15.99761, 50.62252], [16.00823, 50.62507], [16.01476, 50.62852], [16.02177, 50.63017], [16.01631, 50.6333], [16.00855, 50.63449], [16.00543, 50.64247], [16.00092, 50.64476], [16.00499, 50.64862], [16.00335, 50.65129], [16.00451, 50.65749], [16.0007, 50.66252], [16.00039, 50.66554], [15.99792, 50.66846], [15.99888, 50.67232], [15.99373, 50.67337], [15.99037, 50.67701], [15.98959, 50.67908], [15.99091, 50.68341], [15.98875, 50.68482], [15.96717, 50.69172], [15.96123, 50.69185], [15.9499, 50.69004], [15.94255, 50.68704], [15.93183, 50.68648], [15.92978, 50.68286], [15.9262, 50.68075], [15.91953, 50.6846], [15.91695, 50.68282], [15.91104, 50.68176], [15.90671, 50.67981], [15.88507, 50.67535], [15.8851, 50.6721], [15.88401, 50.67116], [15.87483, 50.67187], [15.86887, 50.67363], [15.86096, 50.67445], [15.8633, 50.6813], [15.85988, 50.68733], [15.85736, 50.69682], [15.85313, 50.70057], [15.85105, 50.70822], [15.84612, 50.70995], [15.84556, 50.71144], [15.84022, 50.7152], [15.83921, 50.7176], [15.82994, 50.72439], [15.83147, 50.72644], [15.83013, 50.72779], [15.83188, 50.73238], [15.83058, 50.73408], [15.83037, 50.73744], [15.83194, 50.74269], [15.82954, 50.74318], [15.81971, 50.74976], [15.8162, 50.75532], [15.81036, 50.755], [15.79914, 50.75248], [15.79148, 50.75265], [15.78876, 50.74675], [15.77922, 50.74227], [15.77192, 50.74235], [15.76534, 50.74384], [15.75977, 50.74356], [15.74839, 50.74024], [15.73978, 50.73594], [15.73433, 50.73617], [15.72852, 50.73939], [15.72337, 50.73979], [15.71468, 50.73738], [15.70571, 50.73726], [15.69525, 50.73994], [15.68864, 50.7428], [15.68865, 50.74448], [15.68392, 50.75261], [15.68027, 50.75474], [15.66769, 50.75675], [15.65929, 50.75986], [15.64858, 50.75952], [15.64674, 50.76066], [15.64188, 50.76074], [15.62613, 50.76478], [15.62211, 50.76519], [15.61643, 50.77234], [15.60366, 50.77631], [15.59113, 50.7769], [15.5882, 50.7782], [15.57875, 50.77897], [15.56402, 50.77612], [15.55845, 50.77685], [15.55429, 50.77891], [15.54565, 50.78046], [15.53899, 50.78013], [15.52431, 50.777], [15.51226, 50.78847], [15.511, 50.79081], [15.49366, 50.78823], [15.48828, 50.79014], [15.48053, 50.79084], [15.47348, 50.79675], [15.46903, 50.79805], [15.46372, 50.80095], [15.45465, 50.80238], [15.45094, 50.80408], [15.45024, 50.80711], [15.44373, 50.80782], [15.43953, 50.80906], [15.4254, 50.80633], [15.42083, 50.80324], [15.41895, 50.80055], [15.41853, 50.79774], [15.41586, 50.79563], [15.41506, 50.79278], [15.41276, 50.79168], [15.40908, 50.78681], [15.4042, 50.78363], [15.40358, 50.78224], [15.39646, 50.7786], [15.39414, 50.77655], [15.38516, 50.77548], [15.38043, 50.778], [15.37476, 50.77762], [15.36982, 50.78115], [15.37345, 50.78478], [15.37186, 50.78706], [15.37406, 50.78911], [15.37155, 50.79251], [15.37249, 50.79577], [15.36618, 50.80207], [15.36869, 50.80535], [15.37291, 50.80638], [15.37401, 50.80736], [15.37396, 50.80795], [15.37202, 50.80818], [15.37408, 50.81181], [15.37004, 50.81436], [15.37198, 50.81913], [15.37611, 50.82115], [15.37219, 50.82357], [15.37224, 50.82592], [15.36928, 50.83214], [15.37, 50.834], [15.36733, 50.83659], [15.36735, 50.83803], [15.36031, 50.84226], [15.36049, 50.84374], [15.35873, 50.84484], [15.35828, 50.84716], [15.35306, 50.85033], [15.35374, 50.85138], [15.35251, 50.85167], [15.35207, 50.85059], [15.35014, 50.85085], [15.35009, 50.85191], [15.34813, 50.85168], [15.34866, 50.85233], [15.34679, 50.85248], [15.34561, 50.85412], [15.34491, 50.85289], [15.34298, 50.85344], [15.34391, 50.85429], [15.34256, 50.85467], [15.34292, 50.85532], [15.34088, 50.85465], [15.33896, 50.85607], [15.34013, 50.85658], [15.33846, 50.85723], [15.33736, 50.85608], [15.33482, 50.85593], [15.33294, 50.8572], [15.33106, 50.85651], [15.32959, 50.85726], [15.32963, 50.85634], [15.32767, 50.85747], [15.32869, 50.85898], [15.32642, 50.8581], [15.32473, 50.8591], [15.32386, 50.8586], [15.32234, 50.85922], [15.32211, 50.86012], [15.31967, 50.85931], [15.31857, 50.86037], [15.3149, 50.85973], [15.31489, 50.86037], [15.31302, 50.8608], [15.31176, 50.86021], [15.29242, 50.87632], [15.28987, 50.8817], [15.27706, 50.89102], [15.27757, 50.89368], [15.27618, 50.89682], [15.27687, 50.89926], [15.27392, 50.90428], [15.27327, 50.9076], [15.27032, 50.91128], [15.27075, 50.91558], [15.2679, 50.9177], [15.26692, 50.92028], [15.26759, 50.92335], [15.26972, 50.92546], [15.26785, 50.9325], [15.27008, 50.93598], [15.27731, 50.93908], [15.27862, 50.94185], [15.28872, 50.9463], [15.29003, 50.94742], [15.29062, 50.9514], [15.29224, 50.95264], [15.28811, 50.958], [15.28503, 50.95967], [15.27544, 50.96143], [15.27389, 50.96291], [15.27721, 50.97163], [15.27408, 50.97955], [15.26756, 50.97929], [15.25399, 50.98108], [15.25125, 50.98097], [15.24845, 50.97967], [15.24577, 50.98191], [15.24348, 50.9826], [15.2432, 50.98392], [15.24103, 50.98413], [15.2393, 50.98601], [15.2433, 50.98839], [15.23866, 50.9906], [15.24005, 50.99174], [15.23718, 50.99457], [15.24233, 50.99695], [15.23656, 50.99867], [15.23282, 50.99805], [15.22772, 50.99601], [15.21851, 50.99549], [15.21287, 50.992], [15.20954, 50.99167], [15.20731, 50.99273], [15.20431, 50.99251], [15.19661, 50.98833], [15.20003, 50.98401], [15.19184, 50.98055], [15.18935, 50.98019], [15.18313, 50.9827], [15.17985, 50.98302], [15.17828, 50.98467], [15.17133, 50.98651], [15.1755, 50.98867], [15.17578, 50.99198], [15.17721, 50.99346], [15.17587, 50.9947], [15.17476, 50.99885], [15.17483, 51.01029], [15.17185, 51.02003], [15.16944, 51.01989], [15.16825, 51.01852], [15.16117, 51.01635], [15.15263, 51.01431], [15.14437, 51.01337], [15.14522, 51.01248], [15.1421, 51.0107], [15.14242, 51.00766], [15.13511, 50.99931], [15.13311, 50.99389], [15.14079, 50.99361], [15.14232, 50.99303], [15.14211, 50.99132], [15.13607, 50.99173], [15.129, 50.99013], [15.12345, 50.99286], [15.12192, 50.99259], [15.12076, 50.99332], [15.11488, 50.99207], [15.11035, 50.99154], [15.10892, 50.99216], [15.10516, 50.99138], [15.10269, 50.99346], [15.1008, 50.99397], [15.10077, 50.99594], [15.09904, 50.99713], [15.09934, 50.99898], [15.09679, 51.00293], [15.09963, 51.00428], [15.10019, 51.00565], [15.10438, 51.00606], [15.10619, 51.00706], [15.10745, 51.00832], [15.10671, 51.01037], [15.09841, 51.01323], [15.09378, 51.0125], [15.09259, 51.01365], [15.08614, 51.01401], [15.08506, 51.01476], [15.0842, 51.01347], [15.07952, 51.01389], [15.07683, 51.01341], [15.0772, 51.0163], [15.07595, 51.01719], [15.07379, 51.01669], [15.07297, 51.01774], [15.06933, 51.01768], [15.06785, 51.02115], [15.06581, 51.0218], [15.06383, 51.02151], [15.061, 51.0229], [15.05772, 51.02251], [15.057, 51.01779], [15.05789, 51.01369], [15.05566, 51.01198], [15.04489, 51.01167], [15.03544, 51.01284], [15.03289, 51.01552], [15.03386, 51.01705], [15.03519, 51.01674], [15.03297, 51.01845], [15.03359, 51.01967], [15.03257, 51.0215], [15.03124, 51.02092], [15.03145, 51.02172], [15.02998, 51.02195], [15.02875, 51.0213], [15.02921, 51.02202], [15.02673, 51.02204], [15.02728, 51.02317], [15.0251, 51.0225], [15.0242, 51.02322], [15.02267, 51.02243], [15.02162, 51.02283], [15.02187, 51.02201], [15.02026, 51.02312], [15.01892, 51.02208], [15.01648, 51.02181], [15.01432, 51.01599], [15.00899, 51.01547], [15.0037, 51.012], [14.99847, 51.01091], [14.99725, 51.00921], [14.99083, 51.01086], [14.98542, 51.01084], [14.98384, 51.00651], [14.97832, 51.00175], [14.96825, 50.99001], [14.97416, 50.98792], [14.98893, 50.97803], [14.99188, 50.98134], [14.99996, 50.98357], [15.00056, 50.98456], [15.00592, 50.98656], [15.01102, 50.98168], [15.01506, 50.97224], [15.01888, 50.96999], [15.02171, 50.96707], [15.02042, 50.96613], [15.01729, 50.9668], [15.01632, 50.96558], [15.01075, 50.96298], [15.01136, 50.95861], [15.01528, 50.95027], [15.01301, 50.9436], [15.01434, 50.93983], [15.01038, 50.93806], [15.00778, 50.93586], [15.00173, 50.92873], [14.99541, 50.92706], [14.98945, 50.92164], [14.99177, 50.91829], [14.99463, 50.91646], [14.9949, 50.91511], [14.99847, 50.91356], [14.99818, 50.90781], [14.99916, 50.90683], [14.99992, 50.90624], [15.00367, 50.90777], [15.00682, 50.90723], [14.99618, 50.90064], [14.99661, 50.89492], [14.99398, 50.89182], [14.9977, 50.8897], [14.99851, 50.8878], [15.00015, 50.87877], [15.00235, 50.87452], [15.00193, 50.86878], [14.99932, 50.86854], [14.99525, 50.86966], [14.9867, 50.8693], [14.98246, 50.86777], [14.97705, 50.86748], [14.97044, 50.86429], [14.96285, 50.86208], [14.95926, 50.86193], [14.94804, 50.86423], [14.93736, 50.86941], [14.90168, 50.87587], [14.90017, 50.87596], [14.89728, 50.86736], [14.88212, 50.87483], [14.87386, 50.87716], [14.86708, 50.87723], [14.86379, 50.87051], [14.85542, 50.86874], [14.85287, 50.86866], [14.84702, 50.87025], [14.84055, 50.86904], [14.8312, 50.87289], [14.824, 50.87068], [14.82273, 50.87093], [14.8193, 50.87421], [14.81737, 50.87958], [14.82083, 50.8867], [14.83031, 50.89333], [14.83496, 50.89508], [14.84341, 50.90065], [14.85164, 50.91057], [14.85692, 50.91219], [14.86075, 50.91506], [14.86809, 50.9179], [14.87685, 50.93235], [14.89077, 50.93521], [14.89656, 50.94065], [14.89682, 50.94227], [14.89499, 50.94457], [14.89539, 50.94727], [14.89296, 50.94958], [14.89619, 50.95464], [14.89762, 50.95939], [14.90387, 50.96122], [14.8996, 50.96331], [14.90404, 50.96749], [14.90308, 50.97172], [14.91741, 50.97392], [14.91943, 50.97534], [14.9183, 50.98256], [14.92029, 50.98793], [14.91749, 50.98998], [14.91719, 50.9952], [14.92037, 50.99785], [14.9249, 50.99665], [14.92904, 50.99798], [14.93068, 51.0016], [14.93489, 51.00615], [14.9343, 51.0077], [14.93799, 51.01146], [14.93931, 51.01702], [14.93583, 51.0181], [14.93509, 51.02013], [14.9376, 51.02111], [14.93748, 51.02222], [14.93995, 51.02066], [14.94052, 51.02199], [14.93925, 51.02359], [14.94047, 51.02393], [14.94197, 51.02315], [14.9424, 51.02371], [14.94033, 51.02622], [14.94536, 51.02639], [14.94766, 51.02828], [14.94761, 51.03001], [14.949, 51.03047], [14.94888, 51.0314], [14.94703, 51.03103], [14.94652, 51.0315], [14.95171, 51.03797], [14.94811, 51.03931], [14.94817, 51.04047], [14.94983, 51.04102], [14.94851, 51.04262], [14.95053, 51.04351], [14.95192, 51.04244], [14.9532, 51.04355], [14.95368, 51.04671], [14.95785, 51.04677], [14.9599, 51.04768], [14.96044, 51.04912], [14.9618, 51.04921], [14.96138, 51.04997], [14.96466, 51.05012], [14.96307, 51.05421], [14.96443, 51.05528], [14.96246, 51.05589], [14.96368, 51.05671], [14.96304, 51.05801], [14.96454, 51.05887], [14.96791, 51.06403], [14.97124, 51.06571], [14.96989, 51.06739], [14.9714, 51.06936], [14.96805, 51.06953], [14.96763, 51.07111], [14.9686, 51.07202], [14.9719, 51.07266], [14.97308, 51.07435], [14.97505, 51.07459], [14.97567, 51.07601], [14.97932, 51.07704], [14.97814, 51.07883], [14.9786, 51.08049], [14.97686, 51.0816], [14.97781, 51.08352], [14.97604, 51.08413], [14.97759, 51.0855], [14.97628, 51.08686], [14.97687, 51.08761], [14.98008, 51.08727], [14.97972, 51.08977], [14.9825, 51.08975], [14.98393, 51.0909], [14.98369, 51.09234], [14.98185, 51.09323], [14.98275, 51.09491], [14.98024, 51.09575], [14.9811, 51.09712], [14.98382, 51.09728], [14.98278, 51.09933], [14.98418, 51.1008], [14.98398, 51.1021], [14.98188, 51.10512], [14.97846, 51.10673], [14.97805, 51.1081], [14.9812, 51.10911], [14.97993, 51.11056], [14.98155, 51.11133], [14.98262, 51.11336], [14.98088, 51.11611], [14.98287, 51.11789], [14.98516, 51.11642], [14.98902, 51.11657], [14.99674, 51.121], [14.99776, 51.12276], [14.99474, 51.12387], [14.99523, 51.12879], [14.99677, 51.13156], [14.99537, 51.13687], [14.99052, 51.14279], [14.99213, 51.14369], [14.99455, 51.14327], [14.99639, 51.14402], [15.00095, 51.14995], [14.99818, 51.15423], [14.99427, 51.15735], [14.99311, 51.16243], [15.00505, 51.16772], [15.00493, 51.16918], [15.00155, 51.17238], [15.00475, 51.17552], [15.00511, 51.17834], [15.00836, 51.18021], [15.00883, 51.18259], [15.00474, 51.19088], [15.00559, 51.19186], [15.0101, 51.19278], [15.01438, 51.19652], [15.01413, 51.19827], [15.01284, 51.1989], [15.00772, 51.19955], [15.00874, 51.20138], [15.00761, 51.20451], [15.01291, 51.20817], [15.01318, 51.21056], [15.01227, 51.21126], [15.01008, 51.2113], [15.00983, 51.21357], [15.01603, 51.21424], [15.01722, 51.21536], [15.01605, 51.21721], [15.01822, 51.22097], [15.01606, 51.22726], [15.0214, 51.22877], [15.02284, 51.23073], [15.02594, 51.23202], [15.02666, 51.23404], [15.02418, 51.23419], [15.02347, 51.2351], [15.02893, 51.23724], [15.0268, 51.23952], [15.02862, 51.24179], [15.03184, 51.2406], [15.03348, 51.24097], [15.03785, 51.24399], [15.03692, 51.24538], [15.03147, 51.24819], [15.02946, 51.25139], [15.02844, 51.2515], [15.02606, 51.24898], [15.0233, 51.25058], [15.02492, 51.25385], [15.03015, 51.25463], [15.03095, 51.25691], [15.03708, 51.25772], [15.03817, 51.2585], [15.03607, 51.26173], [15.03603, 51.26466], [15.03823, 51.26696], [15.03676, 51.27046], [15.04143, 51.27208], [15.0418, 51.27421], [15.03828, 51.27526], [15.03697, 51.27692], [15.03426, 51.27767], [15.03536, 51.28292], [15.03249, 51.28485], [15.03197, 51.28774], [15.03335, 51.29409], [15.03008, 51.29437], [15.02911, 51.29682], [15.02174, 51.30062], [15.01854, 51.30149], [15.01232, 51.30099], [15.012, 51.30227], [15.01397, 51.30524], [15.01263, 51.30858], [15.0077, 51.31017], [15.00675, 51.31124], [15.00918, 51.31423], [15.00924, 51.3163], [15.00546, 51.31718], [15.00441, 51.31916], [15.00246, 51.32029], [14.99766, 51.32052], [14.99315, 51.32299], [14.99237, 51.32436], [14.99398, 51.32745], [14.99265, 51.32872], [14.98615, 51.32929], [14.98575, 51.33221], [14.98218, 51.33402], [14.98061, 51.33672], [14.98065, 51.33985], [14.97778, 51.3417], [14.97692, 51.34602], [14.97847, 51.34809], [14.97692, 51.35131], [14.97746, 51.35302], [14.97567, 51.35462], [14.97622, 51.35693], [14.97297, 51.35974], [14.96738, 51.35934], [14.9652, 51.36116], [14.96614, 51.36256], [14.96825, 51.36243], [14.9701, 51.36354], [14.97418, 51.36395], [14.97716, 51.36549], [14.97816, 51.36691], [14.97715, 51.36843], [14.97778, 51.36964], [14.98118, 51.37089], [14.98374, 51.37355], [14.9816, 51.37516], [14.97791, 51.37565], [14.97449, 51.37837], [14.96928, 51.37908], [14.96921, 51.38199], [14.96485, 51.38614], [14.96589, 51.39135], [14.96353, 51.39412], [14.95824, 51.39572], [14.96271, 51.39773], [14.96818, 51.39744], [14.96918, 51.39806], [14.96784, 51.40272], [14.96298, 51.40788], [14.95873, 51.40976], [14.95984, 51.41127], [14.96447, 51.41219], [14.96707, 51.41733], [14.96618, 51.42076], [14.96418, 51.42336], [14.96612, 51.42537], [14.96609, 51.42677], [14.96011, 51.42913], [14.95863, 51.43124], [14.96329, 51.4342], [14.96926, 51.43207], [14.97078, 51.43266], [14.97361, 51.43647], [14.97415, 51.44187], [14.96684, 51.44598], [14.96273, 51.4532], [14.95586, 51.45851], [14.95645, 51.46337], [14.94908, 51.47127], [14.94698, 51.47206], [14.92668, 51.47322], [14.92536, 51.4742], [14.92474, 51.48036], [14.92236, 51.48226], [14.91577, 51.48377], [14.90701, 51.48397], [14.90336, 51.48232], [14.8978, 51.48205], [14.89148, 51.48442], [14.88754, 51.48787], [14.8813, 51.48717], [14.87708, 51.48558], [14.87164, 51.48469], [14.87009, 51.4853], [14.86555, 51.49041], [14.85894, 51.49085], [14.85403, 51.48947], [14.85164, 51.48955], [14.84441, 51.49484], [14.83961, 51.49618], [14.83776, 51.49905], [14.83458, 51.49973], [14.83242, 51.5038], [14.82461, 51.50511], [14.81941, 51.50765], [14.81355, 51.50594], [14.81178, 51.50609], [14.81029, 51.50949], [14.80788, 51.51083], [14.80541, 51.51419], [14.7987, 51.5154], [14.79598, 51.51787], [14.79325, 51.5181], [14.78769, 51.51708], [14.78369, 51.51846], [14.77728, 51.51768], [14.77307, 51.51889], [14.76527, 51.51899], [14.76368, 51.51959], [14.76206, 51.52253], [14.76021, 51.52341], [14.75182, 51.5218], [14.74311, 51.52526], [14.73671, 51.52562], [14.73517, 51.52637], [14.73363, 51.52918], [14.72911, 51.53144], [14.7291, 51.53574], [14.72631, 51.539], [14.72741, 51.54114], [14.73144, 51.54439], [14.72948, 51.54723], [14.72935, 51.54974], [14.72359, 51.55385], [14.71809, 51.55434], [14.71641, 51.55519], [14.71124, 51.56266], [14.71653, 51.56616], [14.72157, 51.57191], [14.72692, 51.57498], [14.72952, 51.57913], [14.73037, 51.58414], [14.73254, 51.58603], [14.7395, 51.58985], [14.74214, 51.593], [14.75141, 51.5953], [14.75308, 51.59698], [14.75327, 51.59924], [14.76103, 51.60251], [14.76514, 51.60777], [14.76563, 51.61172], [14.76368, 51.61499], [14.76323, 51.61915], [14.75331, 51.62801], [14.75612, 51.63305], [14.75453, 51.63575], [14.75411, 51.64081], [14.75589, 51.64572], [14.75098, 51.65226], [14.75504, 51.65585], [14.75755, 51.6615], [14.75331, 51.66413], [14.75274, 51.66846], [14.74907, 51.67084], [14.7474, 51.6757], [14.73984, 51.67734], [14.73701, 51.67943], [14.73701, 51.68081], [14.73945, 51.68343], [14.73684, 51.68823], [14.73511, 51.68891], [14.73072, 51.68821], [14.72872, 51.68858], [14.70145, 51.70477], [14.69101, 51.70822], [14.68738, 51.71219], [14.68023, 51.7175], [14.67772, 51.72269], [14.66812, 51.72583], [14.66197, 51.73669], [14.65621, 51.7413], [14.66003, 51.74876], [14.6572, 51.7519], [14.65762, 51.75354], [14.66294, 51.75544], [14.66413, 51.75671], [14.66271, 51.75836], [14.65253, 51.76033], [14.65046, 51.76208], [14.65094, 51.76436], [14.65474, 51.76809], [14.65493, 51.77522], [14.65274, 51.77961], [14.65382, 51.78357], [14.65288, 51.78502], [14.64908, 51.78713], [14.64633, 51.79184], [14.6459, 51.79509], [14.64308, 51.79676], [14.63607, 51.79769], [14.63465, 51.80057], [14.63311, 51.80135], [14.63039, 51.80169], [14.62277, 51.80045], [14.6199, 51.80181], [14.61593, 51.80201], [14.61365, 51.80405], [14.60824, 51.80348], [14.60671, 51.80404], [14.60081, 51.80919], [14.60062, 51.81291], [14.59717, 51.81732], [14.59099, 51.81989], [14.59015, 51.82103], [14.59082, 51.82344], [14.58979, 51.82705], [14.59314, 51.83065], [14.59099, 51.83347], [14.59207, 51.83594], [14.59015, 51.83814], [14.59627, 51.84222], [14.60127, 51.8397], [14.60321, 51.83946], [14.60497, 51.84017], [14.6061, 51.84191], [14.6034, 51.84618], [14.60415, 51.84789], [14.60715, 51.84809], [14.60912, 51.84527], [14.61189, 51.84506], [14.6122, 51.8473], [14.60713, 51.85225], [14.611, 51.85701], [14.61236, 51.85764], [14.62122, 51.85761], [14.62447, 51.85823], [14.63083, 51.86193], [14.63464, 51.86538], [14.64336, 51.86687], [14.64678, 51.87232], [14.65263, 51.87436], [14.65253, 51.87893], [14.65395, 51.87997], [14.65457, 51.88336], [14.65588, 51.88483], [14.66182, 51.88704], [14.66311, 51.89052], [14.66519, 51.89089], [14.67439, 51.88958], [14.67515, 51.89031], [14.67349, 51.89333], [14.67422, 51.89432], [14.68053, 51.89513], [14.68527, 51.89848], [14.6929, 51.90096], [14.69438, 51.90215], [14.69129, 51.90814], [14.69373, 51.91064], [14.69731, 51.91213], [14.6997, 51.91426], [14.70239, 51.92115], [14.70553, 51.92356], [14.70348, 51.93126], [14.7072, 51.93586], [14.71255, 51.9368], [14.71885, 51.94132], [14.71907, 51.94576], [14.72139, 51.95163], [14.71898, 51.95527], [14.71372, 51.9572], [14.70797, 51.9646], [14.70694, 51.97346], [14.70483, 51.97609], [14.707, 51.97957], [14.71165, 51.97971], [14.7162, 51.98243], [14.71741, 51.98863], [14.7214, 51.99381], [14.72145, 51.99591], [14.71974, 51.99878], [14.71767, 52.00079], [14.71469, 52.00204], [14.71405, 52.00369], [14.71549, 52.00526], [14.72158, 52.00649], [14.72525, 52.00823], [14.72671, 52.01393], [14.74131, 52.02341], [14.74036, 52.02907], [14.74825, 52.03179], [14.74751, 52.03681], [14.74978, 52.04304], [14.74908, 52.0445], [14.74571, 52.04653], [14.7468, 52.05046], [14.7454, 52.05432], [14.74783, 52.05637], [14.75645, 52.05998], [14.75905, 52.06476], [14.75837, 52.0674], [14.75177, 52.07204], [14.74611, 52.08125], [14.74128, 52.08522], [14.72431, 52.09352], [14.71704, 52.09543], [14.70481, 52.09673], [14.70035, 52.09812], [14.6878, 52.10734], [14.68311, 52.11283], [14.68161, 52.11665], [14.68421, 52.12419], [14.67956, 52.13977], [14.67958, 52.14493], [14.68221, 52.14813], [14.69544, 52.15722], [14.70308, 52.16428], [14.70542, 52.16962], [14.70534, 52.17349], [14.7012, 52.18028], [14.69731, 52.18376], [14.68812, 52.18927], [14.6854, 52.19242], [14.68517, 52.19409], [14.68855, 52.1989], [14.70257, 52.2061], [14.70839, 52.21175], [14.71172, 52.21921], [14.7129, 52.22855], [14.71605, 52.23279], [14.71604, 52.23546], [14.70624, 52.24191], [14.70088, 52.25042], [14.69269, 52.25575], [14.68768, 52.25709], [14.67439, 52.25856], [14.66252, 52.26181], [14.64647, 52.26264], [14.64135, 52.26366], [14.61713, 52.27146], [14.60244, 52.27185], [14.59647, 52.27294], [14.5916, 52.27589], [14.58753, 52.2835], [14.58384, 52.28542], [14.57947, 52.28626], [14.57579, 52.28858], [14.57414, 52.29222], [14.57476, 52.29557], [14.58425, 52.30243], [14.58492, 52.30646], [14.57822, 52.31317], [14.57815, 52.3184], [14.5762, 52.32148], [14.57269, 52.32394], [14.56497, 52.32578], [14.56156, 52.32786], [14.56098, 52.33104], [14.56326, 52.3364], [14.5625, 52.33982], [14.55436, 52.34874], [14.55213, 52.35367], [14.55317, 52.3606], [14.55213, 52.37406], [14.54897, 52.37925], [14.53638, 52.39155], [14.53436, 52.39501], [14.53607, 52.40138], [14.54664, 52.41285], [14.54682, 52.41592], [14.54408, 52.42244], [14.54421, 52.42597], [14.54952, 52.43363], [14.55512, 52.43741], [14.5594, 52.43896], [14.56502, 52.44], [14.57556, 52.44037], [14.57926, 52.44175], [14.58618, 52.44876], [14.59407, 52.45272], [14.59994, 52.45893], [14.6088, 52.46387], [14.6109, 52.46684], [14.6118, 52.47445], [14.61339, 52.47717], [14.62653, 52.48382], [14.63455, 52.49235], [14.63537, 52.49637], [14.63168, 52.50181], [14.62451, 52.50569], [14.61596, 52.50805], [14.61273, 52.51038], [14.61102, 52.51368], [14.61015, 52.51965], [14.60501, 52.52765], [14.60392, 52.53134], [14.60648, 52.53744], [14.61335, 52.54402], [14.61571, 52.55422], [14.6212, 52.55849], [14.63731, 52.56629], [14.63944, 52.56891], [14.63912, 52.573], [14.63589, 52.57605], [14.6232, 52.58081], [14.61371, 52.58661], [14.61093, 52.59072], [14.6084, 52.59926], [14.60364, 52.60497], [14.60109, 52.60594], [14.59617, 52.61066], [14.58159, 52.61563], [14.57205, 52.62182], [14.56506, 52.6245], [14.55499, 52.62619], [14.54668, 52.62992], [14.53996, 52.63128], [14.53674, 52.63358], [14.53369, 52.63381], [14.52749, 52.63716], [14.52011, 52.639], [14.51703, 52.63903], [14.50968, 52.64161], [14.5086, 52.64275], [14.50419, 52.64387], [14.49979, 52.64686], [14.48131, 52.6546], [14.47938, 52.65455], [14.47368, 52.65786], [14.47115, 52.65782], [14.46898, 52.65986], [14.4651, 52.66132], [14.46103, 52.66497], [14.45775, 52.67393], [14.45006, 52.67842], [14.44539, 52.67853], [14.43856, 52.68023], [14.43556, 52.68004], [14.43268, 52.68168], [14.4291, 52.68641], [14.42899, 52.69065], [14.42399, 52.69618], [14.41349, 52.70083], [14.40489, 52.71139], [14.38372, 52.72562], [14.38146, 52.7292], [14.37349, 52.73666], [14.36424, 52.739], [14.36088, 52.74062], [14.35521, 52.74576], [14.35486, 52.74757], [14.35104, 52.75151], [14.3389, 52.75471], [14.33323, 52.75701], [14.33081, 52.7593], [14.32169, 52.76264], [14.30499, 52.76551], [14.29217, 52.7703], [14.28605, 52.77156], [14.28356, 52.77342], [14.27881, 52.77446], [14.27233, 52.77819], [14.26961, 52.78093], [14.26468, 52.78263], [14.25947, 52.78661], [14.25368, 52.7891], [14.24564, 52.79473], [14.2439, 52.79786], [14.2409, 52.80014], [14.23635, 52.80115], [14.23008, 52.80502], [14.22654, 52.81029], [14.22255, 52.8139], [14.21749, 52.81687], [14.2064, 52.81935], [14.19651, 52.81922], [14.18676, 52.82063], [14.16896, 52.82139], [14.15243, 52.82416], [14.14326, 52.82385], [14.13162, 52.82735], [14.12476, 52.83347], [14.1236, 52.83565], [14.12289, 52.84294], [14.12368, 52.84536], [14.12985, 52.85273], [14.13337, 52.85453], [14.13965, 52.86096], [14.14893, 52.86641], [14.15771, 52.87476], [14.15878, 52.87731], [14.15823, 52.88131], [14.16159, 52.8881], [14.15232, 52.90065], [14.1502, 52.91628], [14.14668, 52.92076], [14.14539, 52.92868], [14.14265, 52.93325], [14.14219, 52.93875], [14.14413, 52.9449], [14.13884, 52.95178], [14.14313, 52.95776], [14.14366, 52.96137], [14.14946, 52.96365], [14.15584, 52.96463], [14.15937, 52.96443], [14.16222, 52.96527], [14.16629, 52.96856], [14.16874, 52.97364], [14.17278, 52.97558], [14.18063, 52.97698], [14.18951, 52.97975], [14.19402, 52.98144], [14.19916, 52.98487], [14.20685, 52.98754], [14.21836, 52.98873], [14.22821, 52.99235], [14.2356, 52.99319], [14.24163, 52.99559], [14.25069, 53.00067], [14.25896, 53.00298], [14.26855, 53.00996], [14.29162, 53.02001], [14.29739, 53.02358], [14.30032, 53.02649], [14.30685, 53.02974], [14.31233, 53.03552], [14.3212, 53.03932], [14.32338, 53.04164], [14.32661, 53.04292], [14.3289, 53.04279], [14.33798, 53.04658], [14.34857, 53.05472], [14.34875, 53.05683], [14.35241, 53.05888], [14.35574, 53.06346], [14.35575, 53.06612], [14.35784, 53.06767], [14.35865, 53.07199], [14.36672, 53.08061], [14.36833, 53.08476], [14.36754, 53.0862], [14.36969, 53.08783], [14.37123, 53.09456], [14.37017, 53.1046], [14.37903, 53.1129], [14.38082, 53.1193], [14.38179, 53.13179], [14.38378, 53.13434], [14.38325, 53.13697], [14.38728, 53.14239], [14.37111, 53.15729], [14.36959, 53.1606], [14.36982, 53.16425], [14.36626, 53.17199], [14.36993, 53.17972], [14.36976, 53.18181], [14.37458, 53.18782], [14.37727, 53.20175], [14.38579, 53.205], [14.39932, 53.2068], [14.40586, 53.21073], [14.40751, 53.21382], [14.4085, 53.2232], [14.42121, 53.23428], [14.43081, 53.23913], [14.43374, 53.24212], [14.43521, 53.24871], [14.4428, 53.25581], [14.4496, 53.25946], [14.45057, 53.26225], [14.44894, 53.26674], [14.44431, 53.27243], [14.44525, 53.27444], [14.43442, 53.27583], [14.4212, 53.27614], [14.41735, 53.28853], [14.41491, 53.30194], [14.4068, 53.30872], [14.41545, 53.32437], [14.40841, 53.3355], [14.4055, 53.34708], [14.3903, 53.35375], [14.39312, 53.35856], [14.39537, 53.36924], [14.39485, 53.37572], [14.38928, 53.38783], [14.37333, 53.40895], [14.373, 53.41823], [14.36976, 53.42398], [14.36867, 53.43261], [14.37066, 53.43795], [14.37188, 53.44781], [14.37091, 53.44891], [14.37127, 53.45644], [14.35805, 53.45733], [14.35633, 53.46204], [14.35696, 53.47006], [14.35352, 53.48227], [14.35418, 53.4886], [14.35067, 53.496], [14.34289, 53.49876], [14.33214, 53.50129], [14.32693, 53.50382], [14.32206, 53.51528], [14.31579, 53.52515], [14.31936, 53.52983], [14.31586, 53.53694], [14.3058, 53.54392], [14.30725, 53.55139], [14.30261, 53.5534], [14.30532, 53.55717], [14.31386, 53.56508], [14.31188, 53.57973], [14.31694, 53.61806], [14.31111, 53.61846], [14.2839, 53.63445], [14.28479, 53.6587], [14.27908, 53.66308], [14.27559, 53.66245], [14.27222, 53.66341], [14.27066, 53.66668], [14.27467, 53.66947], [14.27716, 53.66969], [14.27741, 53.67085], [14.28116, 53.67296], [14.28312, 53.67695], [14.2837, 53.68258], [14.2816, 53.68455], [14.27486, 53.68731], [14.27508, 53.68894], [14.27212, 53.6895], [14.27197, 53.6936], [14.26682, 53.69869], [14.26775, 53.70462], [14.27194, 53.70584], [14.26835, 53.70844], [14.27302, 53.73783], [14.27158, 53.74071], [14.27354, 53.74435], [14.26697, 53.75348], [14.28361, 53.77229], [14.21236, 53.86745], [14.2154, 53.88081], [14.21353, 53.8874], [14.2123, 53.9003], [14.20396, 53.90664], [14.20575, 53.91056], [14.19238, 53.91209], [14.18531, 53.91197], [14.18531, 53.9141], [14.19109, 53.91577], [14.19684, 53.915], [14.20764, 53.91587], [14.22672, 53.92883], [14.24959, 53.92307], [14.26664, 53.92227], [14.27222, 53.92284], [14.27835, 53.92497], [14.27716, 53.92634], [14.27753, 53.93178], [14.28295, 53.92751], [14.28495, 53.92176], [14.31387, 53.91521], [14.33373, 53.91166], [14.34465, 53.91069], [14.3593, 53.91115], [14.38022, 53.91379], [14.39345, 53.91624], [14.42784, 53.92531], [14.45134, 53.93473], [14.46597, 53.94258], [14.49525, 53.96132], [14.50303, 53.9646], [14.51925, 53.967], [14.53466, 53.97032], [14.5541, 53.97592], [14.56854, 53.98116], [14.59162, 53.98698], [14.6139, 53.99149], [14.64084, 53.9981], [14.66829, 54.00303], [14.70165, 54.01298], [14.73146, 54.0238], [14.75208, 54.02711], [14.76844, 54.03111], [14.80603, 54.03857], [14.90486, 54.0562], [14.97515, 54.07298], [14.99988, 54.08013], [15.05594, 54.09412], [15.08982, 54.09909], [15.15301, 54.11429], [15.24546, 54.13458], [15.25522, 54.13771], [15.26521, 54.13987], [15.27841, 54.14424], [15.28416, 54.14649], [15.28458, 54.14848], [15.28602, 54.14705], [15.29997, 54.14838], [15.33595, 54.15325], [15.38329, 54.15823], [15.4294, 54.16542], [15.46438, 54.16633], [15.47826, 54.1659], [15.49094, 54.1671], [15.51653, 54.17271], [15.53349, 54.17791], [15.55013, 54.18514], [15.55237, 54.18711], [15.5511, 54.18979], [15.55418, 54.18741], [15.5732, 54.18652], [15.58094, 54.18686], [15.59304, 54.18832], [15.64284, 54.19706], [15.6745, 54.20085], [15.71684, 54.20879], [15.75736, 54.21771], [15.78692, 54.22548], [15.82148, 54.23571], [15.8483, 54.24109], [15.876, 54.24428], [15.93937, 54.24818], [16.00383, 54.25483], [16.03034, 54.25864], [16.05402, 54.26314], [16.10242, 54.27443], [16.15459, 54.29221], [16.19371, 54.30952], [16.21042, 54.31846], [16.26355, 54.35006], [16.3138, 54.38343], [16.33872, 54.40328], [16.3575, 54.42059], [16.37433, 54.43777], [16.37156, 54.44062], [16.37205, 54.442], [16.37798, 54.44046], [16.38491, 54.44198], [16.39462, 54.44769], [16.40901, 54.46471], [16.43425, 54.48921], [16.45716, 54.50379], [16.47598, 54.51451], [16.50001, 54.52458], [16.52859, 54.54018], [16.54357, 54.54397], [16.5544, 54.54545], [16.57326, 54.55126], [16.61119, 54.55933], [16.63784, 54.56225], [16.65212, 54.56485], [16.66134, 54.56527], [16.68874, 54.56955], [16.74799, 54.56835], [16.76281, 54.5695], [16.77621, 54.57225], [16.79211, 54.57724], [16.82596, 54.58307], [16.8338, 54.58512], [16.83346, 54.58711], [16.83382, 54.58552], [16.8449, 54.58718], [16.85103, 54.58919], [16.84986, 54.59114], [16.85095, 54.59205], [16.85362, 54.58889], [16.8722, 54.58942], [16.8912, 54.592], [16.91575, 54.59967], [16.93315, 54.60647], [16.95052, 54.61197], [16.96003, 54.6163], [17.00029, 54.63754], [17.03631, 54.66027], [17.04285, 54.66607], [17.05025, 54.66991], [17.06191, 54.67216], [17.07382, 54.67674], [17.15179, 54.69849], [17.16441, 54.70326], [17.17772, 54.70674], [17.19155, 54.71143], [17.22858, 54.72538], [17.24193, 54.72957], [17.25617, 54.73282], [17.26353, 54.73414], [17.282, 54.73577], [17.29303, 54.7381], [17.33137, 54.74385], [17.33806, 54.74578], [17.33763, 54.74662], [17.34046, 54.74758], [17.35288, 54.74953], [17.39429, 54.75314], [17.44516, 54.75481], [17.46969, 54.75698], [17.49128, 54.75968], [17.51549, 54.76413], [17.54404, 54.76667], [17.55065, 54.768], [17.55076, 54.77012], [17.5514, 54.76792], [17.55768, 54.76799], [17.5732, 54.76928], [17.61251, 54.77426], [17.64306, 54.78008], [17.66592, 54.7831], [17.71369, 54.79232], [17.75612, 54.80163], [17.81587, 54.80875], [17.90021, 54.82422], [17.90557, 54.82457], [17.91473, 54.82387], [17.91587, 54.82452], [17.91547, 54.82595], [17.95418, 54.82977], [17.96771, 54.83086], [18.02418, 54.83199], [18.06961, 54.83395], [18.08161, 54.83405], [18.12092, 54.83223], [18.16689, 54.83354], [18.22825, 54.83265], [18.27548, 54.83416], [18.2929, 54.83579], [18.32893, 54.83465], [18.33641, 54.83271], [18.34682, 54.82624], [18.35128, 54.82165], [18.35787, 54.81795], [18.36857, 54.81351], [18.3873, 54.80658], [18.40767, 54.80025], [18.41772, 54.79828], [18.41689, 54.79792], [18.42048, 54.79788], [18.42164, 54.79754], [18.42305, 54.79695], [18.42357, 54.7966], [18.42191, 54.79736], [18.41918, 54.79431], [18.43489, 54.78774], [18.45981, 54.77937], [18.47603, 54.77276], [18.59738, 54.73062], [18.65559, 54.71208], [18.66151, 54.70922], [18.67977, 54.70301], [18.68949, 54.69853], [18.69787, 54.69572], [18.71296, 54.68807], [18.73348, 54.67917], [18.75773, 54.66605], [18.78081, 54.65484], [18.79324, 54.64727], [18.80193, 54.64038], [18.81815, 54.62992], [18.82476, 54.62371], [18.82646, 54.62142], [18.82851, 54.60622], [18.82359, 54.59976], [18.81642, 54.59463], [18.81138, 54.59281], [18.8081, 54.59373], [18.80564, 54.59824], [18.80341, 54.59996], [18.79963, 54.59954], [18.79903, 54.6014], [18.80146, 54.6048], [18.79948, 54.60678], [18.79533, 54.60868], [18.79322, 54.60698], [18.78745, 54.61083], [18.77906, 54.61307], [18.77965, 54.61433], [18.77806, 54.61403], [18.77897, 54.61695], [18.77778, 54.62095], [18.76417, 54.63755], [18.74836, 54.64942], [18.72021, 54.67473], [18.70211, 54.68763], [18.68698, 54.69462], [18.67711, 54.69244], [18.67314, 54.69307], [18.66843, 54.69868], [18.66616, 54.69925], [18.6598, 54.69889], [18.65402, 54.69981], [18.63592, 54.71323], [18.61829, 54.72204], [18.60427, 54.72643], [18.59598, 54.72812], [18.58398, 54.73277], [18.58131, 54.73338], [18.58091, 54.73258], [18.57721, 54.73559], [18.56188, 54.73995], [18.54307, 54.74714], [18.52845, 54.7489], [18.52271, 54.755], [18.51735, 54.75677], [18.50659, 54.75864], [18.50108, 54.76088], [18.49609, 54.76185], [18.48958, 54.76477], [18.48235, 54.76661], [18.47395, 54.77176], [18.46484, 54.77288], [18.46275, 54.77457], [18.4559, 54.77672], [18.45064, 54.78012], [18.44103, 54.78248], [18.43905, 54.78222], [18.42705, 54.78785], [18.42333, 54.78867], [18.42219, 54.78825], [18.42056, 54.7868], [18.4217, 54.78508], [18.42037, 54.78546], [18.41939, 54.78453], [18.42096, 54.78121], [18.41671, 54.77693], [18.41904, 54.77317], [18.41751, 54.76975], [18.40605, 54.76084], [18.40122, 54.75511], [18.39677, 54.74728], [18.39378, 54.72956], [18.3973, 54.72788], [18.39785, 54.72677], [18.40127, 54.72638], [18.40761, 54.72309], [18.4179, 54.72258], [18.41847, 54.72317], [18.42084, 54.72068], [18.42153, 54.72109], [18.4291, 54.71708], [18.43621, 54.71091], [18.44674, 54.70424], [18.47296, 54.69456], [18.466, 54.68611], [18.46671, 54.67309], [18.46589, 54.66955], [18.46686, 54.66565], [18.46378, 54.66023], [18.46527, 54.65629], [18.47109, 54.65299], [18.47401, 54.64988], [18.47058, 54.64304], [18.47421, 54.64204], [18.47531, 54.6401], [18.47154, 54.63925], [18.46888, 54.64023], [18.46793, 54.63942], [18.47008, 54.63709], [18.46781, 54.63573], [18.46893, 54.63368], [18.47465, 54.63109], [18.47927, 54.6304], [18.49057, 54.63085], [18.50992, 54.63357], [18.51271, 54.63448], [18.51641, 54.63788], [18.51091, 54.62451], [18.51192, 54.61389], [18.51598, 54.60691], [18.52298, 54.60068], [18.52982, 54.59198], [18.53506, 54.58742], [18.5417, 54.58512], [18.54197, 54.58272], [18.54928, 54.5727], [18.55256, 54.55923], [18.55851, 54.55256], [18.56001, 54.54943], [18.56045, 54.54103], [18.56218, 54.54004], [18.56304, 54.53642], [18.56138, 54.53054], [18.56182, 54.51711], [18.55982, 54.51799], [18.5558, 54.51818], [18.554, 54.51643], [18.55046, 54.5167], [18.55009, 54.51442], [18.55892, 54.5019], [18.56333, 54.49742], [18.56924, 54.48547], [18.56558, 54.48225], [18.56173, 54.47286], [18.56264, 54.46797], [18.5615, 54.4608], [18.56539, 54.4533], [18.57454, 54.44312], [18.58302, 54.43563], [18.59275, 54.42914], [18.61329, 54.41832], [18.62367, 54.41399], [18.63643, 54.40994], [18.64956, 54.40806], [18.65459, 54.40842], [18.65887, 54.41025], [18.65882, 54.41092], [18.65903, 54.41034], [18.65959, 54.41112], [18.66171, 54.41116], [18.65896, 54.4165], [18.66138, 54.41289], [18.68109, 54.40631], [18.68529, 54.40273], [18.68416, 54.40223], [18.68457, 54.40147], [18.69243, 54.39342], [18.70667, 54.38488], [18.70985, 54.38636], [18.70981, 54.38745], [18.71484, 54.38453], [18.72192, 54.38899], [18.725, 54.38696], [18.71985, 54.38356], [18.71777, 54.38009], [18.72988, 54.37562], [18.74078, 54.3738], [18.75109, 54.37366], [18.77621, 54.37054], [18.78114, 54.37095], [18.77903, 54.37481], [18.78204, 54.37046], [18.78652, 54.36778], [18.7969, 54.3658], [18.82836, 54.35712], [18.85596, 54.35129], [18.87848, 54.34816], [18.89777, 54.34678], [18.91584, 54.34631], [18.9254, 54.34743], [18.93744, 54.35242], [18.93993, 54.35484], [18.94056, 54.3583], [18.93825, 54.35766], [18.93768, 54.35622], [18.93684, 54.35747], [18.94942, 54.36344], [18.95038, 54.36276], [18.94979, 54.36162], [18.94773, 54.36055], [18.94606, 54.35774], [18.95413, 54.35908], [18.95479, 54.36079], [18.96067, 54.35664], [18.96549, 54.35449], [18.9652, 54.35211], [18.96878, 54.34987], [18.98074, 54.34654], [18.98952, 54.34514], [19.03412, 54.34448], [19.07706, 54.34558], [19.16645, 54.35013], [19.22459, 54.35433], [19.28839, 54.361], [19.35403, 54.37018], [19.38627, 54.37586], [19.38951, 54.37728], [19.40271, 54.37899], [19.46065, 54.3922], [19.50956, 54.40583], [19.55237, 54.41995], [19.59978, 54.43893], [19.63908, 54.45828], [19.64694, 54.45339], [19.64896, 54.45325], [19.64344, 54.45001], [19.64149, 54.45007], [19.64014, 54.44791], [19.63331, 54.44514], [19.63164, 54.44543], [19.62559, 54.4424], [19.62554, 54.44155], [19.61986, 54.43862], [19.61832, 54.43637], [19.61542, 54.43552], [19.61593, 54.43481], [19.61461, 54.435], [19.60216, 54.42885], [19.59979, 54.42876], [19.59918, 54.42785], [19.59811, 54.42828], [19.59802, 54.42641], [19.59585, 54.42616], [19.59169, 54.42405], [19.5768, 54.42065], [19.57302, 54.41886], [19.57249, 54.41763], [19.57047, 54.41779], [19.56805, 54.41638], [19.56604, 54.41655], [19.56382, 54.41449], [19.56079, 54.41431], [19.55374, 54.41213], [19.5489, 54.40981], [19.54876, 54.40886], [19.54715, 54.40892], [19.54678, 54.40795], [19.54062, 54.407], [19.54019, 54.40592], [19.53781, 54.40503], [19.53538, 54.40524], [19.52578, 54.40168], [19.51395, 54.39971], [19.51408, 54.39909], [19.51, 54.39775], [19.50603, 54.39782], [19.50407, 54.39624], [19.49474, 54.39323], [19.48856, 54.39199], [19.48714, 54.39239], [19.48452, 54.3901], [19.47997, 54.38973], [19.47651, 54.38819], [19.47332, 54.38826], [19.4712, 54.38695], [19.46876, 54.38732], [19.46685, 54.38605], [19.46641, 54.38644], [19.46546, 54.38644], [19.46435, 54.38569], [19.46641, 54.38623], [19.46557, 54.38522], [19.46376, 54.38538], [19.46419, 54.38566], [19.46418, 54.38611], [19.46379, 54.38622], [19.4634, 54.38494], [19.46117, 54.3846], [19.46119, 54.38355], [19.4519, 54.38093], [19.44923, 54.37855], [19.44675, 54.37945], [19.44562, 54.37865], [19.44667, 54.37799], [19.44341, 54.37945], [19.44583, 54.37776], [19.44348, 54.37549], [19.44099, 54.37555], [19.43929, 54.37732], [19.43923, 54.3751], [19.43605, 54.37471], [19.43446, 54.37332], [19.42776, 54.37186], [19.42433, 54.37179], [19.42361, 54.37243], [19.42308, 54.37156], [19.42229, 54.37216], [19.42381, 54.37063], [19.42183, 54.3686], [19.41946, 54.36874], [19.42017, 54.36909], [19.41926, 54.36904], [19.41833, 54.37067], [19.41875, 54.36927], [19.41773, 54.37037], [19.41737, 54.37027], [19.41879, 54.369], [19.41517, 54.36815], [19.41432, 54.36679], [19.40885, 54.36596], [19.4075, 54.36722], [19.40571, 54.36613], [19.40288, 54.36587], [19.40323, 54.36426], [19.40147, 54.36439], [19.40249, 54.3651], [19.40028, 54.36577], [19.39744, 54.36473], [19.3981, 54.36423], [19.39703, 54.36353], [19.39546, 54.36478], [19.39293, 54.36453], [19.39236, 54.36365], [19.39088, 54.36457], [19.39054, 54.36365], [19.38471, 54.36263], [19.38253, 54.36124], [19.37573, 54.35946], [19.37557, 54.35837], [19.37328, 54.35868], [19.37067, 54.35786], [19.36504, 54.35389], [19.36238, 54.35378], [19.36086, 54.35285], [19.35412, 54.35255], [19.35019, 54.35103], [19.34759, 54.3513], [19.34743, 54.35204], [19.3464, 54.35159], [19.34601, 54.35238], [19.34294, 54.35178], [19.34286, 54.35096], [19.3412, 54.35164], [19.33994, 54.35059], [19.33763, 54.35131], [19.33563, 54.35062], [19.33691, 54.3516], [19.33173, 54.3519], [19.32718, 54.352], [19.32485, 54.35105], [19.3237, 54.35216], [19.32295, 54.35168], [19.31546, 54.35218], [19.31241, 54.3514], [19.30848, 54.35222], [19.30652, 54.35151], [19.30365, 54.35238], [19.3009, 54.35146], [19.29812, 54.35204], [19.2962, 54.35126], [19.29491, 54.35188], [19.29025, 54.35148], [19.28089, 54.34938], [19.27693, 54.34951], [19.27647, 54.34886], [19.27583, 54.34928], [19.26183, 54.34699], [19.25029, 54.34423], [19.24647, 54.34302], [19.24447, 54.34048], [19.24113, 54.34064], [19.23984, 54.33987], [19.23804, 54.34139], [19.23723, 54.34], [19.23868, 54.3395], [19.23392, 54.33947], [19.23041, 54.33683], [19.22882, 54.33855], [19.22822, 54.33637], [19.22485, 54.33554], [19.22403, 54.33231], [19.2255, 54.3307], [19.22851, 54.32955], [19.23499, 54.32912], [19.2434, 54.33004], [19.24811, 54.32844], [19.24985, 54.32605], [19.24804, 54.32551], [19.24807, 54.32485], [19.24917, 54.32481], [19.25026, 54.32325], [19.24716, 54.32128], [19.24731, 54.31861], [19.25118, 54.31681], [19.25343, 54.31695], [19.25781, 54.31527], [19.25914, 54.31323], [19.25809, 54.30813], [19.26294, 54.30574], [19.26338, 54.30379], [19.26097, 54.30343], [19.25829, 54.30025], [19.252, 54.29959], [19.25267, 54.29856], [19.2513, 54.29477], [19.24674, 54.2936], [19.24589, 54.29126], [19.25107, 54.28894], [19.25355, 54.28558], [19.25919, 54.28435], [19.25646, 54.27841], [19.25947, 54.27842], [19.25741, 54.27672], [19.26015, 54.27516], [19.26201, 54.27538], [19.26523, 54.27216], [19.27087, 54.27186], [19.27405, 54.27296], [19.2752, 54.27527], [19.27747, 54.27587], [19.27763, 54.27832], [19.27964, 54.27938], [19.28315, 54.27756], [19.28854, 54.27792], [19.29585, 54.27643], [19.29909, 54.27686], [19.30564, 54.27599], [19.31032, 54.27436], [19.31322, 54.27549], [19.32025, 54.27384], [19.32549, 54.27382], [19.32842, 54.27268], [19.33728, 54.27273], [19.35236, 54.27095], [19.36004, 54.26925], [19.36389, 54.26714], [19.37583, 54.26474], [19.38225, 54.26555], [19.391, 54.26476], [19.40067, 54.26497], [19.40257, 54.26569], [19.40446, 54.26537], [19.4073, 54.26694], [19.40847, 54.27087], [19.41066, 54.27059], [19.41279, 54.27213], [19.41344, 54.27348], [19.4121, 54.27412], [19.41583, 54.27434], [19.41948, 54.27795], [19.42133, 54.27824], [19.42339, 54.28002], [19.42453, 54.27916], [19.42546, 54.27938], [19.42286, 54.28038], [19.42467, 54.28019], [19.42859, 54.28235], [19.42798, 54.28415], [19.43083, 54.28359], [19.43343, 54.28519], [19.43465, 54.28498], [19.4373, 54.28604], [19.43837, 54.28807], [19.44502, 54.28887], [19.44887, 54.29029], [19.44934, 54.29187], [19.45281, 54.29221], [19.45604, 54.29479], [19.45963, 54.29539], [19.46373, 54.29927], [19.46609, 54.30016], [19.46551, 54.30102], [19.46772, 54.30074], [19.46935, 54.30146], [19.48153, 54.31002], [19.4859, 54.31194], [19.48662, 54.31356], [19.4917, 54.31583], [19.49174, 54.31691], [19.49485, 54.31944], [19.49662, 54.31966], [19.49756, 54.32108], [19.5044, 54.32163], [19.5083, 54.32312], [19.51731, 54.32297], [19.5212, 54.32482], [19.51992, 54.3264], [19.52316, 54.32333], [19.52401, 54.32367], [19.52073, 54.32616], [19.52237, 54.32531], [19.5265, 54.32698], [19.52994, 54.32558], [19.53424, 54.32628], [19.55115, 54.33571], [19.56095, 54.33832], [19.59043, 54.34109], [19.60625, 54.34054], [19.61095, 54.33961], [19.61788, 54.34], [19.61916, 54.34083], [19.62926, 54.34058], [19.63959, 54.34394], [19.64107, 54.34373], [19.64615, 54.3451], [19.65102, 54.34794], [19.66085, 54.35147], [19.66582, 54.35371], [19.6662, 54.35465], [19.67165, 54.35641], [19.67182, 54.35769], [19.67381, 54.35791], [19.67637, 54.36008], [19.67523, 54.36096], [19.67628, 54.36047], [19.67752, 54.35908], [19.67835, 54.35861], [19.67951, 54.35836], [19.67636, 54.36067], [19.67854, 54.36065], [19.68166, 54.36327], [19.68589, 54.36488], [19.686, 54.36665], [19.68877, 54.36894], [19.6888, 54.37376], [19.68942, 54.37316], [19.68999, 54.3762], [19.69862, 54.38021], [19.70563, 54.38159], [19.70731, 54.38103], [19.70755, 54.38226], [19.70864, 54.38213], [19.70986, 54.38315], [19.70961, 54.38496], [19.71112, 54.38581], [19.71034, 54.38477], [19.71244, 54.38518], [19.71313, 54.38638], [19.71137, 54.3876], [19.71295, 54.38783], [19.71253, 54.38869], [19.71454, 54.38961], [19.71437, 54.39025], [19.71316, 54.38966], [19.71335, 54.39146], [19.71524, 54.39557], [19.71661, 54.39548], [19.71552, 54.39631], [19.71886, 54.40117], [19.72904, 54.40729], [19.73191, 54.40705], [19.73604, 54.40832], [19.73698, 54.41051], [19.73874, 54.41066], [19.73951, 54.4094], [19.74195, 54.41238], [19.74598, 54.41348], [19.74533, 54.41644], [19.74839, 54.41869], [19.74892, 54.4206], [19.74671, 54.42391], [19.74271, 54.42632], [19.7468, 54.4311], [19.75317, 54.43285], [19.76111, 54.43325], [19.76605, 54.43181], [19.76614, 54.43289], [19.76931, 54.43422], [19.77431, 54.4335], [19.78298, 54.43392], [19.79484, 54.43624], [19.80218, 54.44009], [19.80215, 54.44108], [19.80435, 54.44237], [19.81148, 54.4423], [19.89074, 54.43532], [19.89723, 54.43411], [19.93512, 54.43155], [20.00739, 54.42474], [20.04512, 54.42335], [20.03745, 54.40613], [20.02056, 54.38708], [20.01869, 54.37889], [20.0179, 54.36661], [20.00795, 54.35869], [19.99233, 54.35102], [19.98208, 54.33897], [19.98345, 54.33258], [19.98773, 54.32444], [19.98829, 54.32007], [19.98748, 54.31396], [19.9838, 54.3058], [19.97185, 54.29464], [19.95733, 54.28801], [19.95468, 54.28514], [19.94151, 54.26516], [19.94044, 54.25807], [19.9336, 54.24879], [19.92874, 54.23604], [19.92954, 54.23291], [19.93191, 54.23092], [19.93524, 54.22983], [19.94178, 54.22887], [19.95617, 54.22487], [19.96678, 54.22514], [19.97448, 54.22245], [19.99472, 54.21066], [20.01499, 54.20145], [20.02519, 54.20019], [20.0459, 54.20428], [20.05442, 54.20719], [20.06309, 54.20742], [20.0699, 54.20669], [20.07793, 54.20352], [20.08388, 54.19823], [20.0837, 54.19134], [20.0783, 54.18663], [20.07166, 54.18269], [20.06572, 54.18124], [20.05385, 54.18197], [20.03774, 54.17965], [20.02531, 54.17579], [20.02045, 54.17328], [20.01713, 54.17019], [20.00521, 54.17183], [20.00296, 54.1696], [19.99937, 54.16808], [19.9997, 54.16619], [20.00211, 54.16417], [20.00243, 54.16194], [20.00636, 54.16212], [20.008, 54.16129], [20.00831, 54.15845], [20.0114, 54.15762], [20.01214, 54.15648], [20.00074, 54.15457], [20.00078, 54.14846], [19.99684, 54.14428], [19.99337, 54.14314], [19.98657, 54.14353], [19.98333, 54.14255], [19.98197, 54.14107], [19.98347, 54.14039], [19.98361, 54.13839], [19.98537, 54.13654], [19.9918, 54.13288], [20.00181, 54.13207], [20.0043, 54.13344], [20.00405, 54.13494], [20.01095, 54.13043], [20.01857, 54.12895], [20.02549, 54.12379], [20.03247, 54.1216], [20.03508, 54.1203], [20.0359, 54.1189], [20.0434, 54.11662], [20.04244, 54.11612], [20.03717, 54.11689], [20.03653, 54.11379], [20.03754, 54.11272], [20.04953, 54.10862], [20.04728, 54.10524], [20.04888, 54.10282], [20.05507, 54.10289], [20.06059, 54.1049], [20.06855, 54.10596], [20.07735, 54.10255], [20.08252, 54.10161], [20.08303, 54.09927], [20.08053, 54.09774], [20.07463, 54.09812], [20.07549, 54.09645], [20.07292, 54.09581], [20.06887, 54.09618], [20.06813, 54.09313], [20.07038, 54.08889], [20.06905, 54.08846], [20.0653, 54.08966], [20.06579, 54.08643], [20.07301, 54.08454], [20.07867, 54.08054], [20.08443, 54.08077], [20.08705, 54.07969], [20.08728, 54.0778], [20.09633, 54.07716], [20.09788, 54.07509], [20.10143, 54.07367], [20.1083, 54.07267], [20.10896, 54.07223], [20.10371, 54.07049], [20.10365, 54.06827], [20.10484, 54.06676], [20.11083, 54.06476], [20.11027, 54.06165], [20.11372, 54.06001], [20.11911, 54.06013], [20.12059, 54.05928], [20.11935, 54.05885], [20.12289, 54.05676], [20.12953, 54.05464], [20.1293, 54.0532], [20.12645, 54.05234], [20.12551, 54.04929], [20.12302, 54.04782], [20.12456, 54.0453], [20.12328, 54.04354], [20.1196, 54.04346], [20.11569, 54.0455], [20.10968, 54.04633], [20.10813, 54.04547], [20.1061, 54.04664], [20.1028, 54.04689], [20.09974, 54.04898], [20.09633, 54.04845], [20.09603, 54.04773], [20.10039, 54.04475], [20.09684, 54.04278], [20.09631, 54.04143], [20.09769, 54.03905], [20.09704, 54.03223], [20.09929, 54.03177], [20.09934, 54.03108], [20.09692, 54.03129], [20.09353, 54.02782], [20.09574, 54.02591], [20.09512, 54.02397], [20.09833, 54.02039], [20.1033, 54.0194], [20.10719, 54.01659], [20.11027, 54.01195], [20.11056, 54.00862], [20.10738, 54.00598], [20.10184, 54.00348], [20.09873, 53.99967], [20.10204, 53.9967], [20.10254, 53.99414], [20.10842, 53.99192], [20.11012, 53.99224], [20.11148, 53.99361], [20.11422, 53.99387], [20.11704, 53.98679], [20.12013, 53.98581], [20.12693, 53.98109], [20.13158, 53.98077], [20.13483, 53.97563], [20.13955, 53.97258], [20.14082, 53.97063], [20.14632, 53.96863], [20.1461, 53.96453], [20.15074, 53.96131], [20.15167, 53.95758], [20.14874, 53.95389], [20.14505, 53.95304], [20.14494, 53.94915], [20.14283, 53.94762], [20.14189, 53.94418], [20.14046, 53.94364], [20.14313, 53.94162], [20.14092, 53.93905], [20.13297, 53.93832], [20.13126, 53.93756], [20.12939, 53.93797], [20.1262, 53.94205], [20.12079, 53.94011], [20.11777, 53.94002], [20.10535, 53.94713], [20.10156, 53.9465], [20.09937, 53.94547], [20.09987, 53.94308], [20.09592, 53.9395], [20.09242, 53.93876], [20.08577, 53.93998], [20.08433, 53.93883], [20.08524, 53.93553], [20.07637, 53.93652], [20.07202, 53.92769], [20.06499, 53.92599], [20.05654, 53.9262], [20.04068, 53.93041], [20.02817, 53.9401], [20.02321, 53.94104], [20.02167, 53.94054], [20.01946, 53.93864], [20.01942, 53.9371], [20.01616, 53.937], [20.00734, 53.94028], [20.0023, 53.93814], [19.99961, 53.93432], [19.99841, 53.92985], [19.99665, 53.92859], [19.99338, 53.92784], [19.99268, 53.92619], [19.99217, 53.91377], [19.99333, 53.90761], [19.99242, 53.9057], [19.98345, 53.9027], [19.97999, 53.90273], [19.96714, 53.90027], [19.96164, 53.89686], [19.9639, 53.89172], [19.95891, 53.8819], [19.96013, 53.8783], [19.95939, 53.8746], [19.95631, 53.87257], [19.95601, 53.86899], [19.95141, 53.86672], [19.94543, 53.86075], [19.94426, 53.85692], [19.9412, 53.85579], [19.93983, 53.8526], [19.93243, 53.85086], [19.9317, 53.84754], [19.93357, 53.84381], [19.93266, 53.84164], [19.93024, 53.83999], [19.92003, 53.83866], [19.91828, 53.83791], [19.91782, 53.83663], [19.91084, 53.834], [19.90216, 53.83317], [19.89828, 53.83396], [19.89502, 53.83348], [19.88821, 53.82866], [19.88375, 53.82229], [19.87459, 53.81749], [19.87318, 53.81212], [19.87719, 53.80761], [19.87819, 53.80363], [19.88027, 53.79952], [19.88283, 53.79771], [19.88276, 53.79438], [19.88486, 53.79168], [19.87982, 53.78813], [19.87978, 53.78646], [19.88355, 53.78042], [19.88134, 53.77826], [19.88131, 53.77685], [19.87481, 53.77638], [19.86813, 53.77707], [19.86465, 53.7762], [19.857, 53.77203], [19.84575, 53.7716], [19.84245, 53.76868], [19.84125, 53.76305], [19.84455, 53.75496], [19.84338, 53.75049], [19.83335, 53.74595], [19.82785, 53.74073], [19.81917, 53.73874], [19.81849, 53.73734], [19.81932, 53.73554], [19.82701, 53.73088], [19.84185, 53.72821], [19.84549, 53.72665], [19.8506, 53.7229], [19.85595, 53.7203], [19.86418, 53.71115], [19.86694, 53.70921], [19.87039, 53.7088], [19.87491, 53.71168], [19.88488, 53.71366], [19.90003, 53.71508], [19.9035, 53.71595], [19.90482, 53.71722], [19.90442, 53.71889], [19.89999, 53.72342], [19.89766, 53.72955], [19.89283, 53.73318], [19.8911, 53.73919], [19.89641, 53.74231], [19.89982, 53.74283], [19.90375, 53.73722], [19.91206, 53.73204], [19.91903, 53.72949], [19.92482, 53.72837], [19.93326, 53.72902], [19.9363, 53.73055], [19.93615, 53.73304], [19.93739, 53.73434], [19.93901, 53.73528], [19.94142, 53.73526], [19.94381, 53.73441], [19.9517, 53.72839], [19.95492, 53.72746], [19.97491, 53.72321], [19.98356, 53.72416], [19.99347, 53.72318], [19.99582, 53.72201], [19.99751, 53.72059], [20.00063, 53.70735], [19.99959, 53.70669], [20.00022, 53.7052], [19.99619, 53.70021], [19.9857, 53.69851], [19.97088, 53.69899], [19.96804, 53.69782], [19.96718, 53.69497], [19.95293, 53.69425], [19.95191, 53.69343], [19.95627, 53.69125], [19.95341, 53.68866], [19.94882, 53.68953], [19.94605, 53.69122], [19.94283, 53.69077], [19.93969, 53.69353], [19.93974, 53.69579], [19.93677, 53.69736], [19.93464, 53.69717], [19.9325, 53.69465], [19.92875, 53.69302], [19.93423, 53.6891], [19.93418, 53.68693], [19.92888, 53.68146], [19.92923, 53.67787], [19.9463, 53.66967], [19.95038, 53.66874], [19.96332, 53.66877], [19.9678, 53.66681], [19.96863, 53.66539], [19.96792, 53.66233], [19.96961, 53.66078], [19.98068, 53.65505], [19.99053, 53.65215], [20.00731, 53.65048], [20.01754, 53.64591], [20.02215, 53.64062], [20.02209, 53.63793], [20.02419, 53.63561], [20.0354, 53.62719], [20.03699, 53.62154], [20.0457, 53.60802], [20.04907, 53.60491], [20.05609, 53.60139], [20.06101, 53.60033], [20.06907, 53.59564], [20.06956, 53.58937], [20.07189, 53.58806], [20.08483, 53.58872], [20.08726, 53.59125], [20.09179, 53.5916], [20.11024, 53.58951], [20.12129, 53.59197], [20.12559, 53.59205], [20.12899, 53.59023], [20.13192, 53.58713], [20.13343, 53.5793], [20.13273, 53.57713], [20.13397, 53.57545], [20.13718, 53.57453], [20.13837, 53.57106], [20.15328, 53.56554], [20.16205, 53.56366], [20.16581, 53.56007], [20.17524, 53.55664], [20.17823, 53.55264], [20.17736, 53.54499], [20.18648, 53.5444], [20.19179, 53.54073], [20.19853, 53.53845], [20.20037, 53.53426], [20.20379, 53.53334], [20.20905, 53.52823], [20.21603, 53.52541], [20.22971, 53.52391], [20.24043, 53.52052], [20.25914, 53.51666], [20.26912, 53.51084]]]}}, {"type": "Feature", "properties": {"kod": "5", "nazwa": "Karpaty, Podkarpackie i Nizina Panońska", "pow_km2": 34839.3, "etykieta": [22.00536, 50.00809]}, "geometry": {"type": "MultiPolygon", "coordinates": [[[[18.47704, 49.93344], [18.47725, 49.93021], [18.47496, 49.92731], [18.47644, 49.92358], [18.47937, 49.91978], [18.4868, 49.91331], [18.48885, 49.90907], [18.48508, 49.90642], [18.48576, 49.90741], [18.48355, 49.90793], [18.48473, 49.90926], [18.483, 49.9108], [18.47773, 49.91169], [18.46703, 49.91609], [18.46362, 49.92215], [18.46142, 49.92277], [18.45398, 49.92272], [18.45993, 49.92952], [18.46021, 49.93211], [18.46701, 49.93202], [18.4724, 49.9343], [18.47704, 49.93344]]], [[[21.95182, 50.82467], [21.95608, 50.82167], [21.96034, 50.82031], [21.98091, 50.82164], [21.99027, 50.82107], [21.99567, 50.81964], [22.00852, 50.81488], [22.03171, 50.80171], [22.04869, 50.79355], [22.08547, 50.77821], [22.10223, 50.77167], [22.12521, 50.76605], [22.13796, 50.76491], [22.14686, 50.76325], [22.15015, 50.76392], [22.1533, 50.76256], [22.15748, 50.76292], [22.15865, 50.76129], [22.16095, 50.76048], [22.17, 50.7613], [22.17594, 50.7588], [22.18755, 50.75841], [22.19827, 50.75508], [22.2017, 50.7561], [22.20882, 50.75317], [22.21343, 50.7539], [22.21438, 50.75223], [22.21826, 50.75256], [22.21901, 50.75444], [22.22148, 50.75417], [22.22268, 50.75545], [22.22488, 50.75599], [22.2331, 50.75481], [22.23744, 50.75588], [22.24159, 50.755], [22.24373, 50.7559], [22.25361, 50.75515], [22.25608, 50.75633], [22.2575, 50.75538], [22.26097, 50.75599], [22.26279, 50.75731], [22.26879, 50.75677], [22.2755, 50.7572], [22.28276, 50.7612], [22.29268, 50.75988], [22.29672, 50.7608], [22.3033, 50.75925], [22.31047, 50.75923], [22.32068, 50.76046], [22.3214, 50.75542], [22.31347, 50.7494], [22.3119, 50.74721], [22.31197, 50.74483], [22.31329, 50.74033], [22.31919, 50.73748], [22.32208, 50.73407], [22.35402, 50.72649], [22.40112, 50.71348], [22.43525, 50.70012], [22.45183, 50.69463], [22.46375, 50.69156], [22.49102, 50.68639], [22.53831, 50.68267], [22.55516, 50.68259], [22.57114, 50.67981], [22.60623, 50.67116], [22.63448, 50.66292], [22.67469, 50.65252], [22.68321, 50.64946], [22.69371, 50.64434], [22.70819, 50.63996], [22.71472, 50.6386], [22.74158, 50.63603], [22.76103, 50.63062], [22.77102, 50.62494], [22.78083, 50.61569], [22.79132, 50.60372], [22.79505, 50.59291], [22.79321, 50.59115], [22.79337, 50.58651], [22.79642, 50.58087], [22.80432, 50.57752], [22.80786, 50.57689], [22.81371, 50.57732], [22.81678, 50.57647], [22.82039, 50.56991], [22.82807, 50.56612], [22.83056, 50.56363], [22.84114, 50.55911], [22.85353, 50.55596], [22.86023, 50.55562], [22.86318, 50.55433], [22.87671, 50.55205], [22.88399, 50.54889], [22.90288, 50.543], [22.90598, 50.54038], [22.93722, 50.52675], [22.95386, 50.51779], [22.96472, 50.51473], [22.974, 50.5111], [22.97866, 50.5079], [22.97722, 50.50393], [22.97826, 50.50164], [22.98927, 50.4937], [23.01871, 50.48169], [23.03743, 50.47675], [23.07567, 50.46056], [23.11582, 50.43699], [23.13154, 50.42615], [23.14164, 50.41764], [23.15624, 50.40948], [23.16793, 50.4012], [23.17493, 50.39373], [23.20419, 50.37495], [23.22123, 50.36183], [23.23298, 50.35076], [23.24832, 50.33877], [23.25251, 50.33318], [23.25637, 50.32518], [23.25843, 50.31711], [23.25806, 50.3079], [23.26133, 50.30214], [23.27007, 50.2926], [23.28352, 50.28089], [23.29491, 50.27368], [23.30917, 50.26615], [23.32812, 50.24735], [23.34069, 50.24183], [23.35873, 50.23124], [23.36658, 50.22285], [23.37177, 50.21465], [23.37254, 50.20685], [23.37494, 50.1983], [23.36858, 50.1931], [23.35517, 50.18928], [23.35435, 50.18775], [23.35222, 50.18682], [23.36347, 50.18167], [23.37249, 50.17616], [23.37587, 50.17562], [23.3802, 50.17373], [23.39416, 50.17132], [23.39968, 50.16914], [23.38032, 50.15936], [23.34214, 50.13361], [23.31395, 50.11196], [23.30848, 50.11094], [23.29851, 50.10705], [23.29685, 50.1029], [23.28391, 50.09904], [23.28008, 50.10054], [23.27918, 50.09981], [23.27933, 50.08629], [23.26461, 50.07886], [23.23932, 50.05445], [23.21599, 50.04746], [23.21301, 50.0311], [23.14264, 49.97122], [23.11492, 49.95654], [23.10749, 49.94196], [23.08849, 49.92484], [23.06522, 49.90837], [23.03327, 49.88134], [22.99546, 49.84215], [22.97069, 49.83864], [22.95666, 49.81113], [22.96192, 49.8047], [22.95443, 49.80331], [22.94194, 49.79664], [22.93282, 49.79329], [22.91049, 49.77437], [22.9016, 49.76826], [22.89794, 49.76446], [22.89678, 49.75176], [22.88513, 49.74463], [22.87343, 49.74063], [22.85209, 49.72036], [22.84778, 49.71008], [22.82192, 49.69453], [22.80556, 49.6934], [22.78722, 49.67646], [22.78331, 49.65724], [22.75624, 49.63524], [22.74944, 49.63126], [22.71625, 49.60033], [22.70658, 49.59328], [22.69358, 49.58069], [22.68472, 49.57171], [22.67817, 49.56071], [22.67469, 49.54916], [22.66316, 49.53883], [22.64083, 49.52999], [22.64471, 49.52384], [22.65122, 49.50838], [22.6704, 49.49753], [22.69669, 49.49513], [22.70044, 49.48842], [22.70141, 49.48088], [22.71286, 49.43755], [22.72554, 49.40983], [22.73246, 49.3986], [22.74415, 49.36979], [22.74681, 49.35989], [22.74316, 49.33585], [22.75096, 49.31659], [22.7441, 49.29883], [22.74026, 49.26319], [22.73963, 49.24735], [22.72131, 49.24134], [22.71669, 49.23579], [22.71489, 49.22649], [22.72012, 49.22114], [22.72506, 49.22054], [22.7292, 49.22115], [22.73591, 49.21819], [22.74207, 49.21868], [22.74302, 49.21715], [22.74707, 49.21678], [22.74762, 49.21534], [22.74446, 49.21435], [22.74058, 49.21165], [22.73401, 49.21156], [22.73322, 49.20998], [22.73436, 49.20704], [22.73053, 49.20514], [22.72931, 49.20348], [22.72885, 49.2005], [22.73082, 49.1985], [22.72887, 49.197], [22.72271, 49.196], [22.72238, 49.19377], [22.71982, 49.19178], [22.71991, 49.18859], [22.71783, 49.18698], [22.71616, 49.1836], [22.70837, 49.18099], [22.70771, 49.17428], [22.71029, 49.17191], [22.71455, 49.17056], [22.71524, 49.16631], [22.71815, 49.16489], [22.7208, 49.16566], [22.72471, 49.16829], [22.72407, 49.17442], [22.72485, 49.1751], [22.72725, 49.17455], [22.72998, 49.1753], [22.73323, 49.17962], [22.73276, 49.18219], [22.73813, 49.18233], [22.74047, 49.18364], [22.74297, 49.1827], [22.74747, 49.18445], [22.74975, 49.18396], [22.75252, 49.18126], [22.75586, 49.18267], [22.75642, 49.18072], [22.74975, 49.17665], [22.74913, 49.17291], [22.74229, 49.16864], [22.74142, 49.16467], [22.73845, 49.15993], [22.73946, 49.15767], [22.74475, 49.15802], [22.7456, 49.15605], [22.74942, 49.15611], [22.75019, 49.15366], [22.75179, 49.15288], [22.75522, 49.15402], [22.76025, 49.15251], [22.76327, 49.15418], [22.7671, 49.15378], [22.77408, 49.15583], [22.7731, 49.15249], [22.78478, 49.15749], [22.78916, 49.15762], [22.79005, 49.15622], [22.79178, 49.15581], [22.79246, 49.15419], [22.78902, 49.14969], [22.79269, 49.1464], [22.79214, 49.14484], [22.79386, 49.14293], [22.79186, 49.14081], [22.79318, 49.13823], [22.79985, 49.13592], [22.80131, 49.1339], [22.8055, 49.13378], [22.80808, 49.1324], [22.80711, 49.13102], [22.80741, 49.12874], [22.81272, 49.13035], [22.81639, 49.12976], [22.81642, 49.12802], [22.81259, 49.12612], [22.81218, 49.12512], [22.81503, 49.12334], [22.81888, 49.12622], [22.82011, 49.12272], [22.82227, 49.1228], [22.82666, 49.11992], [22.82921, 49.11922], [22.83085, 49.11769], [22.83055, 49.11684], [22.82936, 49.11679], [22.82927, 49.11265], [22.83151, 49.11102], [22.83294, 49.11067], [22.83652, 49.1124], [22.83739, 49.11183], [22.83641, 49.11044], [22.83717, 49.11087], [22.83825, 49.11007], [22.84261, 49.1101], [22.84469, 49.11101], [22.84615, 49.11281], [22.85115, 49.11467], [22.8542, 49.11103], [22.85609, 49.11088], [22.86029, 49.11219], [22.85559, 49.10676], [22.85539, 49.10425], [22.85572, 49.10359], [22.86, 49.10259], [22.86275, 49.1001], [22.86662, 49.10062], [22.86754, 49.09906], [22.87021, 49.09943], [22.876, 49.09675], [22.87982, 49.09862], [22.88087, 49.09724], [22.88567, 49.0988], [22.88496, 49.09654], [22.88911, 49.09746], [22.89266, 49.09467], [22.88847, 49.09065], [22.88569, 49.08578], [22.88146, 49.08482], [22.8807, 49.08401], [22.8812, 49.08271], [22.88186, 49.08434], [22.88326, 49.08428], [22.88372, 49.08121], [22.88065, 49.08001], [22.87583, 49.07972], [22.86813, 49.0772], [22.86665, 49.07468], [22.87163, 49.07175], [22.86943, 49.0698], [22.86856, 49.07064], [22.8683, 49.06991], [22.86656, 49.06961], [22.86587, 49.06874], [22.867, 49.06794], [22.86468, 49.06657], [22.8657, 49.06484], [22.8672, 49.06548], [22.86732, 49.06298], [22.86861, 49.06221], [22.86638, 49.0602], [22.8676, 49.05919], [22.86767, 49.05753], [22.86888, 49.05715], [22.86871, 49.05848], [22.87086, 49.05855], [22.87, 49.05743], [22.87143, 49.05653], [22.87177, 49.05489], [22.87345, 49.05595], [22.87466, 49.05546], [22.87436, 49.05206], [22.8758, 49.05112], [22.8704, 49.04695], [22.87111, 49.04593], [22.86645, 49.03999], [22.86838, 49.03962], [22.869, 49.03873], [22.87281, 49.03885], [22.87382, 49.03655], [22.87785, 49.03988], [22.87918, 49.0395], [22.87962, 49.03796], [22.88112, 49.03825], [22.87985, 49.03663], [22.87425, 49.03328], [22.87411, 49.03049], [22.87763, 49.02785], [22.87884, 49.02472], [22.88316, 49.02147], [22.88592, 49.021], [22.88649, 49.01941], [22.88976, 49.01977], [22.89397, 49.01785], [22.89302, 49.01573], [22.89091, 49.01559], [22.88985, 49.01455], [22.88952, 49.01202], [22.89149, 49.01046], [22.89181, 49.00853], [22.88951, 49.0068], [22.88265, 49.00687], [22.87451, 49.0039], [22.86954, 49.0041], [22.86783, 49.00286], [22.85967, 49.00205], [22.85232, 49.00317], [22.84709, 49.00239], [22.84682, 49.00352], [22.84398, 49.00493], [22.84445, 49.01142], [22.84261, 49.01306], [22.83956, 49.01984], [22.83581, 49.02247], [22.83375, 49.02608], [22.82843, 49.02493], [22.82432, 49.02276], [22.81959, 49.02464], [22.81319, 49.02514], [22.80971, 49.03108], [22.80951, 49.03464], [22.80014, 49.03664], [22.79486, 49.0395], [22.78622, 49.04645], [22.77305, 49.05181], [22.76549, 49.05353], [22.76177, 49.05211], [22.76009, 49.04729], [22.75497, 49.04295], [22.75202, 49.04279], [22.7487, 49.04525], [22.74401, 49.04539], [22.73885, 49.04815], [22.73539, 49.04903], [22.72748, 49.04825], [22.72429, 49.05125], [22.72259, 49.05106], [22.71787, 49.05277], [22.71465, 49.05147], [22.69911, 49.0497], [22.68649, 49.03973], [22.68333, 49.03886], [22.68018, 49.03938], [22.67994, 49.04042], [22.67473, 49.04131], [22.67126, 49.04281], [22.6692, 49.04763], [22.66294, 49.04804], [22.65989, 49.04711], [22.65157, 49.05082], [22.6509, 49.05235], [22.64711, 49.05486], [22.64598, 49.05777], [22.63972, 49.05972], [22.63542, 49.0663], [22.634, 49.06688], [22.63116, 49.07576], [22.62567, 49.08032], [22.6183, 49.08119], [22.61321, 49.08414], [22.60503, 49.08451], [22.59981, 49.0935], [22.59067, 49.09527], [22.58448, 49.09731], [22.57942, 49.09614], [22.57755, 49.09426], [22.5701, 49.09107], [22.56836, 49.08892], [22.5641, 49.08773], [22.55596, 49.08759], [22.54778, 49.09029], [22.54709, 49.09155], [22.53943, 49.09469], [22.53339, 49.09317], [22.5154, 49.09247], [22.50773, 49.09139], [22.50376, 49.09015], [22.50022, 49.08618], [22.49871, 49.08579], [22.48596, 49.08889], [22.48481, 49.09102], [22.477, 49.09335], [22.46713, 49.10061], [22.46204, 49.10124], [22.45607, 49.10376], [22.45254, 49.10304], [22.44083, 49.10297], [22.43838, 49.10156], [22.43677, 49.10214], [22.43427, 49.10186], [22.43137, 49.10083], [22.42843, 49.09847], [22.42266, 49.09949], [22.41646, 49.10212], [22.41388, 49.10208], [22.41247, 49.1029], [22.40282, 49.11097], [22.40231, 49.11257], [22.39796, 49.11462], [22.39663, 49.11712], [22.39182, 49.11805], [22.38983, 49.12338], [22.39023, 49.12739], [22.37851, 49.13189], [22.37731, 49.1337], [22.37794, 49.13609], [22.37354, 49.13984], [22.36967, 49.14547], [22.3662, 49.14692], [22.36224, 49.14451], [22.35855, 49.14499], [22.35528, 49.14457], [22.35141, 49.14582], [22.33935, 49.14558], [22.33461, 49.14647], [22.32956, 49.14412], [22.32248, 49.13838], [22.32053, 49.13558], [22.31765, 49.13555], [22.31443, 49.13697], [22.30602, 49.13701], [22.30248, 49.13969], [22.29723, 49.14154], [22.28805, 49.14235], [22.28177, 49.14208], [22.27718, 49.14413], [22.26188, 49.14819], [22.25628, 49.15061], [22.25253, 49.15086], [22.24849, 49.15304], [22.24624, 49.15327], [22.23969, 49.15189], [22.23606, 49.15442], [22.22571, 49.15254], [22.2246, 49.15304], [22.22699, 49.15922], [22.22625, 49.16185], [22.22776, 49.16395], [22.22972, 49.16405], [22.23554, 49.16802], [22.2358, 49.17008], [22.23475, 49.17136], [22.2348, 49.17462], [22.23228, 49.17646], [22.23082, 49.18047], [22.22772, 49.18116], [22.22246, 49.18446], [22.2172, 49.18385], [22.2134, 49.18541], [22.21103, 49.18556], [22.20995, 49.18268], [22.20629, 49.18212], [22.20499, 49.17976], [22.19989, 49.17835], [22.19305, 49.17442], [22.19077, 49.17388], [22.18819, 49.17432], [22.18583, 49.17832], [22.17591, 49.1831], [22.17334, 49.18302], [22.16655, 49.18451], [22.16268, 49.18601], [22.16002, 49.18819], [22.15383, 49.18862], [22.1431, 49.19274], [22.14381, 49.20052], [22.12998, 49.20023], [22.12707, 49.20066], [22.12445, 49.20216], [22.11757, 49.20105], [22.11712, 49.20196], [22.11338, 49.20335], [22.10674, 49.20409], [22.10489, 49.20519], [22.09813, 49.20646], [22.09363, 49.20585], [22.08818, 49.20791], [22.07795, 49.20884], [22.06764, 49.21222], [22.06196, 49.21159], [22.06001, 49.21446], [22.05068, 49.21629], [22.04116, 49.22066], [22.03488, 49.22248], [22.03042, 49.22517], [22.03086, 49.22755], [22.03378, 49.23049], [22.03506, 49.23382], [22.03337, 49.24175], [22.03676, 49.24272], [22.03897, 49.24502], [22.03752, 49.24735], [22.03814, 49.25016], [22.04135, 49.25445], [22.04189, 49.25716], [22.04078, 49.2584], [22.03032, 49.26267], [22.03333, 49.26527], [22.03328, 49.26925], [22.035, 49.27564], [22.03402, 49.27855], [22.03002, 49.28218], [22.02338, 49.28613], [22.01069, 49.28953], [22.00145, 49.29717], [22.00073, 49.29932], [21.99148, 49.30431], [21.98887, 49.30851], [21.98318, 49.31037], [21.98158, 49.31463], [21.97854, 49.31692], [21.97773, 49.32013], [21.97846, 49.32332], [21.97538, 49.33003], [21.97101, 49.33645], [21.96527, 49.34169], [21.96609, 49.34512], [21.96101, 49.34905], [21.95239, 49.35007], [21.94937, 49.34776], [21.94482, 49.34867], [21.93403, 49.34612], [21.93035, 49.34693], [21.92379, 49.35176], [21.91803, 49.35419], [21.90789, 49.35327], [21.90573, 49.35243], [21.90377, 49.34996], [21.90037, 49.35409], [21.89522, 49.35617], [21.89183, 49.35862], [21.89139, 49.36047], [21.88932, 49.36226], [21.89099, 49.36436], [21.88733, 49.36898], [21.87547, 49.37363], [21.87076, 49.37328], [21.86343, 49.36948], [21.859, 49.36855], [21.84793, 49.37811], [21.84778, 49.38066], [21.84928, 49.3841], [21.84732, 49.38666], [21.84352, 49.38762], [21.84073, 49.39125], [21.83832, 49.39167], [21.82584, 49.39078], [21.82208, 49.3891], [21.81738, 49.38434], [21.80852, 49.38151], [21.80299, 49.38218], [21.80206, 49.38042], [21.79695, 49.37846], [21.79511, 49.37399], [21.79176, 49.37273], [21.78784, 49.36772], [21.78768, 49.36602], [21.79084, 49.36056], [21.78851, 49.35824], [21.78922, 49.35549], [21.78752, 49.35514], [21.78431, 49.35622], [21.778, 49.35605], [21.77359, 49.35908], [21.77196, 49.36269], [21.76856, 49.36459], [21.76625, 49.36719], [21.76628, 49.37009], [21.76303, 49.37499], [21.76296, 49.37699], [21.76515, 49.37811], [21.76477, 49.38154], [21.76339, 49.38347], [21.75645, 49.3866], [21.75212, 49.38736], [21.75037, 49.38913], [21.74521, 49.39016], [21.7405, 49.39253], [21.73466, 49.39896], [21.73289, 49.39928], [21.72942, 49.39766], [21.7269, 49.39811], [21.7243, 49.40311], [21.72512, 49.40479], [21.72377, 49.41008], [21.72177, 49.41228], [21.71518, 49.41407], [21.71019, 49.41338], [21.70816, 49.41512], [21.69936, 49.41851], [21.69749, 49.41828], [21.68952, 49.41448], [21.68465, 49.4114], [21.68123, 49.41081], [21.67446, 49.4143], [21.67068, 49.41427], [21.66645, 49.41577], [21.66389, 49.41514], [21.6589, 49.4168], [21.65643, 49.42051], [21.65647, 49.42464], [21.64942, 49.43015], [21.6443, 49.43065], [21.63094, 49.44731], [21.61477, 49.44482], [21.60835, 49.4412], [21.60709, 49.43816], [21.60185, 49.43535], [21.5964, 49.43696], [21.59056, 49.43382], [21.58372, 49.43383], [21.58033, 49.43534], [21.5756, 49.43541], [21.57259, 49.43668], [21.56797, 49.4403], [21.56398, 49.44126], [21.55659, 49.43812], [21.55208, 49.43311], [21.53277, 49.43563], [21.53027, 49.43508], [21.52408, 49.43167], [21.5218, 49.42713], [21.51871, 49.4254], [21.51991, 49.42239], [21.52354, 49.41994], [21.51704, 49.4178], [21.51116, 49.41975], [21.50424, 49.42446], [21.49971, 49.42641], [21.4957, 49.42961], [21.49267, 49.42949], [21.48727, 49.42846], [21.4796, 49.41637], [21.4737, 49.41359], [21.47015, 49.4141], [21.467, 49.4132], [21.45623, 49.4163], [21.4517, 49.41497], [21.44732, 49.41259], [21.4397, 49.4129], [21.43408, 49.41228], [21.4176, 49.41997], [21.41548, 49.4228], [21.40653, 49.42662], [21.40477, 49.43176], [21.40201, 49.43342], [21.39339, 49.43451], [21.39149, 49.43271], [21.38808, 49.43434], [21.38225, 49.43464], [21.37911, 49.43345], [21.37275, 49.43264], [21.36849, 49.43912], [21.36291, 49.44217], [21.35671, 49.44287], [21.35197, 49.44489], [21.34468, 49.45042], [21.33708, 49.45143], [21.33256, 49.45094], [21.3294, 49.44953], [21.32578, 49.4501], [21.31944, 49.44933], [21.31651, 49.44791], [21.31186, 49.44938], [21.30718, 49.448], [21.30092, 49.45122], [21.29495, 49.45292], [21.28476, 49.45812], [21.28028, 49.45905], [21.27752, 49.46094], [21.27203, 49.45977], [21.26734, 49.45719], [21.2658, 49.45201], [21.26592, 49.44698], [21.26314, 49.44723], [21.25856, 49.44635], [21.25226, 49.44157], [21.24679, 49.43921], [21.2455, 49.43732], [21.24067, 49.43418], [21.237, 49.43541], [21.2341, 49.43751], [21.23275, 49.43654], [21.23209, 49.43302], [21.22877, 49.42923], [21.22406, 49.42673], [21.22346, 49.42552], [21.22443, 49.42325], [21.22666, 49.42143], [21.22626, 49.41896], [21.22725, 49.41695], [21.21229, 49.40795], [21.20819, 49.40248], [21.20184, 49.40464], [21.19419, 49.40258], [21.19213, 49.40099], [21.18351, 49.40284], [21.18193, 49.402], [21.18003, 49.40217], [21.18141, 49.40515], [21.17942, 49.40903], [21.1701, 49.41316], [21.16471, 49.41834], [21.15523, 49.42099], [21.1554, 49.42436], [21.15225, 49.42696], [21.12402, 49.43658], [21.12049, 49.43507], [21.11894, 49.43332], [21.11373, 49.42394], [21.10247, 49.42648], [21.09639, 49.42949], [21.08714, 49.42732], [21.08178, 49.42502], [21.07598, 49.42556], [21.07262, 49.42496], [21.06373, 49.42048], [21.061, 49.42178], [21.05647, 49.42168], [21.04873, 49.41939], [21.04754, 49.41834], [21.04759, 49.41516], [21.0504, 49.4133], [21.05004, 49.41086], [21.05431, 49.40422], [21.0602, 49.40228], [21.06723, 49.40208], [21.06901, 49.39986], [21.06722, 49.39734], [21.06796, 49.39552], [21.07506, 49.39327], [21.07925, 49.39029], [21.08339, 49.38888], [21.0894, 49.38379], [21.09193, 49.38401], [21.0942, 49.38307], [21.1041, 49.3764], [21.10085, 49.37382], [21.09963, 49.37097], [21.09678, 49.36909], [21.09411, 49.36506], [21.09094, 49.36475], [21.08748, 49.36569], [21.08284, 49.36378], [21.07895, 49.36392], [21.07763, 49.36257], [21.07774, 49.36062], [21.07533, 49.35932], [21.06621, 49.36553], [21.05444, 49.36183], [21.04893, 49.36565], [21.04255, 49.36488], [21.03937, 49.3622], [21.03555, 49.36103], [21.03372, 49.35843], [21.02658, 49.35649], [21.02507, 49.3535], [21.01973, 49.35064], [21.01625, 49.3469], [21.01335, 49.34789], [21.01131, 49.34756], [21.00918, 49.34543], [21.00695, 49.34017], [21.0091, 49.33706], [21.00809, 49.33485], [21.00407, 49.33314], [20.9967, 49.3329], [20.99307, 49.33015], [20.98907, 49.32845], [20.98809, 49.32684], [20.98922, 49.32397], [20.98818, 49.32323], [20.9899, 49.3195], [20.994, 49.31555], [20.99414, 49.31268], [20.98993, 49.30915], [20.98736, 49.30825], [20.98654, 49.30662], [20.98442, 49.30797], [20.98219, 49.30758], [20.97698, 49.30927], [20.97274, 49.30898], [20.96961, 49.30989], [20.96586, 49.30873], [20.96333, 49.30875], [20.96187, 49.30622], [20.95813, 49.30588], [20.95623, 49.30427], [20.94995, 49.30211], [20.94342, 49.30153], [20.94021, 49.29919], [20.93742, 49.29826], [20.93325, 49.29819], [20.93048, 49.29662], [20.92408, 49.29597], [20.92387, 49.29947], [20.91735, 49.30428], [20.91134, 49.30627], [20.90999, 49.30906], [20.91024, 49.31147], [20.90326, 49.31592], [20.90412, 49.31882], [20.90762, 49.31958], [20.90654, 49.32181], [20.90357, 49.32353], [20.89717, 49.32535], [20.88971, 49.32373], [20.88717, 49.32167], [20.88716, 49.32027], [20.88419, 49.31909], [20.87981, 49.32019], [20.87608, 49.31949], [20.87273, 49.31979], [20.87425, 49.32145], [20.87964, 49.32261], [20.88199, 49.32841], [20.88118, 49.33056], [20.88238, 49.3331], [20.88125, 49.33441], [20.87706, 49.33606], [20.87402, 49.33947], [20.87031, 49.34195], [20.86848, 49.34563], [20.86555, 49.34748], [20.85973, 49.3484], [20.85439, 49.34728], [20.84991, 49.34176], [20.84331, 49.33974], [20.83992, 49.3351], [20.83733, 49.33402], [20.8344, 49.33533], [20.8259, 49.3344], [20.8194, 49.33939], [20.81855, 49.3428], [20.81549, 49.34397], [20.81364, 49.34691], [20.81184, 49.34769], [20.80876, 49.34764], [20.79941, 49.34272], [20.79683, 49.34353], [20.79624, 49.34496], [20.8012, 49.34958], [20.80222, 49.35528], [20.79787, 49.3587], [20.80071, 49.36021], [20.80474, 49.35951], [20.80567, 49.35815], [20.8057, 49.35379], [20.80688, 49.35315], [20.8106, 49.35507], [20.80963, 49.35899], [20.80661, 49.36099], [20.79889, 49.3632], [20.79393, 49.36305], [20.7887, 49.3608], [20.78396, 49.36046], [20.78248, 49.36103], [20.78096, 49.36323], [20.78173, 49.36628], [20.78835, 49.3716], [20.78541, 49.3744], [20.77962, 49.37514], [20.76385, 49.37089], [20.75899, 49.37339], [20.7576, 49.37548], [20.76163, 49.38283], [20.76145, 49.38413], [20.76031, 49.38495], [20.75545, 49.38585], [20.74914, 49.38888], [20.74754, 49.391], [20.74836, 49.39391], [20.75773, 49.39822], [20.75816, 49.40016], [20.75496, 49.40216], [20.74933, 49.40196], [20.74227, 49.40383], [20.74305, 49.40783], [20.74612, 49.4118], [20.74466, 49.41418], [20.74011, 49.4163], [20.73576, 49.41658], [20.73201, 49.41492], [20.72857, 49.41477], [20.72514, 49.41676], [20.72292, 49.41966], [20.71833, 49.41837], [20.71153, 49.41944], [20.70743, 49.41877], [20.69886, 49.42052], [20.69269, 49.41997], [20.68782, 49.41798], [20.68518, 49.41541], [20.67861, 49.41254], [20.67644, 49.41227], [20.67172, 49.40986], [20.6703, 49.40815], [20.66577, 49.40631], [20.6657, 49.40355], [20.65971, 49.40349], [20.65634, 49.40206], [20.64699, 49.40067], [20.6426, 49.40099], [20.64208, 49.40433], [20.63835, 49.40751], [20.62467, 49.41046], [20.62221, 49.41342], [20.62196, 49.41682], [20.61965, 49.41803], [20.61493, 49.41784], [20.61281, 49.416], [20.61127, 49.41245], [20.6136, 49.40182], [20.60982, 49.40243], [20.60577, 49.4013], [20.605, 49.39849], [20.60095, 49.39442], [20.60186, 49.39146], [20.6002, 49.38829], [20.59213, 49.38303], [20.59201, 49.3839], [20.58689, 49.38549], [20.58169, 49.38388], [20.58002, 49.3829], [20.58026, 49.38183], [20.57703, 49.37902], [20.57552, 49.37611], [20.56731, 49.37899], [20.56317, 49.37947], [20.55996, 49.37812], [20.55768, 49.3781], [20.55459, 49.38103], [20.55269, 49.38146], [20.54651, 49.38554], [20.53165, 49.38765], [20.51996, 49.3925], [20.50994, 49.39344], [20.50866, 49.39561], [20.50616, 49.39694], [20.50733, 49.39906], [20.50645, 49.39966], [20.50662, 49.40201], [20.50489, 49.40328], [20.49014, 49.40643], [20.4886, 49.40841], [20.4807, 49.41028], [20.47626, 49.41407], [20.47196, 49.41544], [20.46466, 49.41601], [20.46121, 49.41456], [20.45536, 49.41558], [20.44992, 49.41503], [20.44598, 49.41633], [20.44577, 49.41544], [20.45093, 49.41277], [20.44635, 49.41192], [20.4421, 49.41417], [20.43825, 49.41478], [20.43672, 49.41752], [20.43357, 49.41792], [20.43051, 49.41683], [20.42959, 49.41572], [20.42873, 49.40827], [20.42972, 49.40776], [20.43434, 49.40809], [20.43699, 49.40628], [20.43408, 49.40174], [20.43424, 49.3976], [20.43141, 49.39588], [20.42737, 49.40248], [20.41829, 49.40586], [20.41668, 49.40573], [20.41436, 49.40385], [20.41469, 49.39771], [20.41229, 49.3952], [20.40575, 49.39254], [20.39043, 49.39042], [20.38243, 49.39103], [20.38047, 49.39563], [20.38139, 49.39914], [20.38091, 49.40326], [20.37927, 49.40558], [20.37568, 49.40786], [20.37114, 49.40738], [20.36899, 49.40099], [20.36227, 49.39826], [20.3572, 49.39852], [20.35075, 49.40153], [20.34433, 49.40064], [20.33901, 49.40136], [20.33747, 49.40248], [20.33506, 49.40147], [20.32508, 49.40303], [20.32216, 49.40176], [20.31788, 49.39314], [20.31751, 49.38873], [20.32185, 49.39047], [20.33128, 49.39143], [20.32109, 49.3774], [20.32135, 49.37587], [20.32558, 49.37128], [20.32622, 49.36586], [20.32306, 49.35587], [20.32365, 49.35181], [20.32039, 49.34767], [20.31418, 49.34351], [20.30843, 49.34394], [20.30151, 49.34838], [20.29515, 49.34952], [20.29282, 49.35156], [20.28599, 49.35088], [20.27974, 49.35168], [20.27695, 49.35109], [20.27305, 49.35137], [20.26969, 49.34822], [20.26866, 49.34569], [20.26639, 49.34707], [20.25397, 49.34891], [20.25319, 49.35176], [20.24835, 49.34972], [20.24251, 49.35087], [20.24072, 49.34834], [20.23181, 49.34632], [20.2275, 49.34928], [20.22082, 49.35179], [20.21823, 49.34981], [20.21399, 49.34843], [20.21342, 49.34519], [20.21232, 49.34467], [20.20456, 49.34277], [20.20336, 49.34181], [20.19554, 49.34231], [20.19321, 49.34098], [20.1901, 49.33835], [20.18921, 49.33226], [20.18416, 49.32781], [20.17058, 49.32774], [20.17358, 49.32498], [20.17027, 49.3246], [20.16745, 49.32318], [20.16875, 49.32226], [20.1686, 49.32099], [20.1758, 49.31408], [20.15772, 49.30282], [20.15744, 49.30534], [20.15891, 49.30681], [20.15625, 49.31166], [20.15414, 49.31216], [20.1539, 49.31386], [20.15187, 49.31513], [20.1527, 49.3168], [20.15186, 49.31845], [20.1495, 49.31924], [20.14605, 49.31798], [20.14438, 49.31444], [20.14515, 49.31262], [20.14361, 49.31193], [20.14179, 49.31228], [20.13749, 49.30608], [20.13421, 49.30592], [20.13593, 49.30364], [20.13373, 49.3019], [20.13335, 49.29924], [20.1312, 49.29802], [20.12998, 49.296], [20.13198, 49.29461], [20.13212, 49.29345], [20.13052, 49.29147], [20.13094, 49.29001], [20.12936, 49.28943], [20.12788, 49.28661], [20.12906, 49.28294], [20.12768, 49.2791], [20.12867, 49.27707], [20.12695, 49.27592], [20.12515, 49.27093], [20.12303, 49.26998], [20.122, 49.26793], [20.11716, 49.26578], [20.11652, 49.26395], [20.11393, 49.26332], [20.11134, 49.25857], [20.10242, 49.25312], [20.10077, 49.25009], [20.10181, 49.24688], [20.10089, 49.2456], [20.10096, 49.24147], [20.09814, 49.23808], [20.09783, 49.23455], [20.09969, 49.23181], [20.09992, 49.22763], [20.10218, 49.22566], [20.10162, 49.22266], [20.09825, 49.2202], [20.09616, 49.22004], [20.08718, 49.20755], [20.08624, 49.20396], [20.0872, 49.19939], [20.08618, 49.19728], [20.08437, 49.19619], [20.08587, 49.18919], [20.08747, 49.18784], [20.08925, 49.18785], [20.08717, 49.18635], [20.08678, 49.18477], [20.0882, 49.18319], [20.0879, 49.17951], [20.07676, 49.17855], [20.06933, 49.1807], [20.06718, 49.18318], [20.06202, 49.1848], [20.06018, 49.18704], [20.05325, 49.18786], [20.04721, 49.19034], [20.04069, 49.195], [20.04009, 49.19729], [20.03429, 49.19862], [20.03226, 49.19996], [20.02965, 49.19976], [20.02053, 49.20151], [20.01289, 49.20716], [20.01199, 49.20951], [20.00647, 49.21316], [20.00907, 49.21618], [20.00863, 49.22005], [20.00499, 49.22039], [19.98975, 49.22626], [19.98705, 49.2291], [19.98156, 49.2318], [19.97116, 49.22996], [19.96617, 49.23129], [19.95704, 49.23241], [19.94916, 49.23253], [19.94344, 49.23445], [19.94034, 49.23366], [19.93222, 49.23649], [19.92542, 49.23515], [19.91927, 49.23579], [19.91139, 49.23203], [19.90327, 49.23092], [19.9039, 49.22558], [19.90525, 49.22471], [19.90522, 49.21949], [19.90179, 49.21637], [19.90233, 49.21331], [19.88838, 49.20919], [19.88393, 49.20418], [19.8811, 49.20437], [19.8703, 49.19849], [19.86944, 49.1958], [19.86411, 49.19671], [19.85115, 49.19625], [19.84468, 49.19507], [19.841, 49.19262], [19.84002, 49.19589], [19.8339, 49.19678], [19.82946, 49.20169], [19.82266, 49.20144], [19.81983, 49.19953], [19.81423, 49.20327], [19.80752, 49.20565], [19.80374, 49.20462], [19.79503, 49.19837], [19.78426, 49.19929], [19.78158, 49.20036], [19.77859, 49.20496], [19.76731, 49.20601], [19.7631, 49.20758], [19.75982, 49.2113], [19.75841, 49.21599], [19.76464, 49.22037], [19.76738, 49.22373], [19.76919, 49.23071], [19.76633, 49.23456], [19.76677, 49.2366], [19.76946, 49.23646], [19.77331, 49.23903], [19.77843, 49.2454], [19.78502, 49.24666], [19.7905, 49.25526], [19.78879, 49.26162], [19.79218, 49.26342], [19.79247, 49.26797], [19.79485, 49.26915], [19.80223, 49.27062], [19.80634, 49.27449], [19.80862, 49.27437], [19.81162, 49.27531], [19.81554, 49.27509], [19.81777, 49.2764], [19.8228, 49.2768], [19.81969, 49.28358], [19.81577, 49.28686], [19.80977, 49.29541], [19.7945, 49.29604], [19.79247, 49.29974], [19.79331, 49.30439], [19.80451, 49.32006], [19.80496, 49.32277], [19.80229, 49.33031], [19.79911, 49.33364], [19.79703, 49.34301], [19.79472, 49.34453], [19.79683, 49.34987], [19.79932, 49.35227], [19.80245, 49.35314], [19.80144, 49.35901], [19.80382, 49.36482], [19.80218, 49.37011], [19.79256, 49.3786], [19.79113, 49.38351], [19.79114, 49.39669], [19.78894, 49.40109], [19.79059, 49.41069], [19.76758, 49.413], [19.74628, 49.40794], [19.74134, 49.40477], [19.73846, 49.39995], [19.72964, 49.39174], [19.71765, 49.38643], [19.71622, 49.38731], [19.71806, 49.38798], [19.71647, 49.38856], [19.71817, 49.38882], [19.71574, 49.39035], [19.7165, 49.39097], [19.71392, 49.39205], [19.71295, 49.39107], [19.7096, 49.39087], [19.70867, 49.39164], [19.71057, 49.39288], [19.70783, 49.39493], [19.7067, 49.39392], [19.7063, 49.39615], [19.70524, 49.39616], [19.70493, 49.39494], [19.70345, 49.39517], [19.70456, 49.39654], [19.70366, 49.39686], [19.70279, 49.39592], [19.70181, 49.39641], [19.70252, 49.39726], [19.70178, 49.39786], [19.70021, 49.3976], [19.70066, 49.39876], [19.69977, 49.39968], [19.69841, 49.39799], [19.69693, 49.39946], [19.69545, 49.39895], [19.69517, 49.39982], [19.69322, 49.39935], [19.6928, 49.40038], [19.69377, 49.40045], [19.69279, 49.40088], [19.69172, 49.39972], [19.6901, 49.39987], [19.68955, 49.40046], [19.69077, 49.40029], [19.69164, 49.40103], [19.68868, 49.40111], [19.68709, 49.40311], [19.68577, 49.40227], [19.68538, 49.40359], [19.68371, 49.40262], [19.68218, 49.40398], [19.68152, 49.4023], [19.68009, 49.40216], [19.67885, 49.40429], [19.67809, 49.40296], [19.67649, 49.40312], [19.6751, 49.40479], [19.67289, 49.40407], [19.67207, 49.40448], [19.67166, 49.40606], [19.66973, 49.40536], [19.66862, 49.40626], [19.66715, 49.40558], [19.66678, 49.40644], [19.66391, 49.4065], [19.66401, 49.40728], [19.66277, 49.40768], [19.66122, 49.40646], [19.66028, 49.40847], [19.65859, 49.40759], [19.65646, 49.40829], [19.6539, 49.40786], [19.65391, 49.40855], [19.65278, 49.40802], [19.65134, 49.40848], [19.65058, 49.41], [19.64835, 49.40897], [19.64736, 49.40966], [19.64592, 49.40823], [19.64434, 49.40822], [19.64383, 49.40932], [19.64475, 49.41062], [19.6419, 49.41067], [19.64222, 49.40977], [19.64117, 49.40977], [19.63948, 49.41126], [19.63868, 49.40863], [19.63592, 49.41039], [19.63477, 49.40943], [19.63428, 49.40996], [19.63342, 49.40959], [19.63343, 49.40848], [19.63173, 49.4088], [19.63142, 49.40954], [19.63521, 49.41359], [19.64074, 49.42607], [19.64376, 49.43074], [19.64763, 49.43322], [19.6486, 49.43537], [19.6466, 49.43594], [19.64632, 49.43701], [19.64395, 49.43661], [19.64086, 49.4396], [19.63988, 49.43932], [19.6378, 49.44055], [19.6386, 49.4439], [19.63736, 49.44478], [19.63779, 49.44813], [19.64156, 49.44949], [19.64163, 49.45326], [19.64289, 49.45456], [19.64112, 49.45756], [19.62543, 49.44961], [19.61145, 49.44687], [19.60943, 49.44828], [19.60909, 49.45014], [19.60605, 49.45129], [19.60614, 49.45357], [19.60508, 49.45333], [19.60473, 49.45436], [19.60312, 49.45448], [19.6023, 49.4556], [19.59932, 49.45665], [19.59961, 49.45729], [19.5974, 49.45862], [19.58888, 49.45807], [19.58147, 49.45541], [19.58101, 49.45649], [19.58204, 49.45785], [19.58063, 49.45893], [19.58058, 49.46122], [19.57761, 49.4633], [19.57515, 49.46388], [19.57004, 49.47005], [19.56691, 49.47114], [19.56905, 49.47449], [19.56604, 49.47806], [19.56563, 49.48052], [19.56202, 49.48223], [19.55837, 49.48796], [19.5574, 49.48686], [19.55364, 49.48994], [19.55439, 49.4987], [19.55162, 49.50762], [19.54809, 49.51323], [19.54292, 49.51825], [19.54152, 49.52325], [19.54004, 49.52474], [19.53509, 49.52631], [19.53558, 49.5305], [19.53045, 49.53577], [19.52912, 49.54111], [19.52994, 49.54919], [19.52741, 49.56117], [19.52933, 49.57302], [19.52583, 49.57215], [19.52201, 49.57224], [19.51721, 49.57402], [19.51488, 49.57746], [19.51021, 49.58144], [19.50431, 49.58199], [19.49966, 49.5812], [19.49723, 49.58157], [19.49256, 49.58434], [19.48464, 49.58549], [19.47841, 49.58803], [19.47299, 49.59395], [19.46844, 49.59646], [19.47471, 49.60344], [19.47463, 49.60467], [19.47066, 49.60869], [19.47009, 49.61113], [19.46738, 49.61376], [19.46123, 49.61293], [19.45495, 49.61089], [19.44851, 49.6138], [19.44625, 49.61325], [19.44304, 49.60917], [19.44203, 49.6055], [19.44511, 49.60162], [19.44202, 49.5985], [19.4377, 49.5968], [19.43064, 49.59542], [19.4227, 49.59576], [19.41407, 49.59275], [19.40996, 49.59214], [19.40684, 49.58596], [19.40801, 49.58384], [19.40765, 49.58083], [19.40002, 49.57413], [19.39611, 49.57427], [19.38989, 49.57176], [19.38408, 49.57209], [19.37752, 49.5705], [19.37136, 49.56744], [19.37345, 49.55785], [19.37142, 49.5557], [19.36659, 49.5537], [19.3688, 49.54735], [19.36857, 49.54503], [19.36614, 49.53894], [19.36236, 49.53607], [19.35782, 49.53553], [19.34697, 49.53588], [19.33963, 49.53406], [19.33304, 49.53355], [19.33126, 49.53206], [19.32941, 49.53173], [19.31879, 49.53108], [19.31867, 49.53419], [19.31557, 49.53659], [19.31035, 49.53702], [19.30668, 49.53638], [19.29966, 49.53361], [19.2929, 49.53318], [19.28549, 49.5352], [19.28152, 49.53532], [19.27472, 49.53189], [19.2643, 49.53238], [19.26069, 49.53123], [19.26182, 49.52881], [19.26103, 49.52729], [19.25528, 49.52493], [19.25102, 49.52072], [19.24508, 49.51873], [19.24062, 49.51486], [19.23327, 49.51049], [19.23482, 49.50771], [19.23404, 49.50372], [19.23703, 49.5017], [19.23551, 49.49566], [19.22783, 49.49193], [19.23154, 49.48683], [19.22725, 49.48413], [19.22507, 49.47855], [19.22146, 49.47574], [19.22047, 49.47349], [19.21998, 49.46931], [19.22713, 49.46695], [19.22827, 49.46374], [19.22531, 49.45432], [19.2196, 49.45089], [19.21901, 49.44861], [19.20899, 49.45183], [19.19858, 49.44816], [19.19652, 49.44686], [19.1944, 49.44298], [19.1912, 49.44035], [19.18803, 49.43599], [19.18574, 49.43472], [19.18633, 49.43195], [19.1912, 49.42861], [19.19341, 49.42601], [19.19114, 49.42349], [19.191, 49.42104], [19.1974, 49.41457], [19.19717, 49.41372], [19.19161, 49.41109], [19.18745, 49.40967], [19.17839, 49.4137], [19.1756, 49.41375], [19.16969, 49.41176], [19.16258, 49.40756], [19.15338, 49.40377], [19.15066, 49.40365], [19.1471, 49.40524], [19.14505, 49.40797], [19.13752, 49.40996], [19.13256, 49.40808], [19.13312, 49.4068], [19.13108, 49.40512], [19.1272, 49.4036], [19.12036, 49.40266], [19.11281, 49.40416], [19.10729, 49.40369], [19.10301, 49.4098], [19.10022, 49.41102], [19.09435, 49.4103], [19.09364, 49.4108], [19.09371, 49.41274], [19.09147, 49.41598], [19.08004, 49.4166], [19.07273, 49.41798], [19.07019, 49.41239], [19.06436, 49.41446], [19.06197, 49.41396], [19.05391, 49.41516], [19.05185, 49.41041], [19.04431, 49.40474], [19.04606, 49.40191], [19.04483, 49.40059], [19.03502, 49.39572], [19.0259, 49.39401], [19.01481, 49.39643], [19.01006, 49.39479], [19.00452, 49.3958], [19.0017, 49.39766], [18.98964, 49.39838], [18.98731, 49.39696], [18.97985, 49.39522], [18.97889, 49.39683], [18.97118, 49.40207], [18.97296, 49.40433], [18.97315, 49.40694], [18.9696, 49.40933], [18.96874, 49.41333], [18.97794, 49.4172], [18.98572, 49.42185], [18.98693, 49.42406], [18.98726, 49.42894], [18.98897, 49.4313], [18.98375, 49.43347], [18.97779, 49.44053], [18.97894, 49.44278], [18.97571, 49.44539], [18.97624, 49.44738], [18.97388, 49.45166], [18.97163, 49.45276], [18.96551, 49.45301], [18.96078, 49.45471], [18.96301, 49.45743], [18.9634, 49.46153], [18.96621, 49.46796], [18.96459, 49.47244], [18.96589, 49.47457], [18.9702, 49.47681], [18.96045, 49.48275], [18.96315, 49.48458], [18.96623, 49.49309], [18.97333, 49.49681], [18.97176, 49.50083], [18.97283, 49.50242], [18.97165, 49.50434], [18.96823, 49.50636], [18.9659, 49.50561], [18.96502, 49.50596], [18.96262, 49.50882], [18.95873, 49.50997], [18.95471, 49.51258], [18.94918, 49.51262], [18.94706, 49.51506], [18.94658, 49.51737], [18.94166, 49.5189], [18.93553, 49.51844], [18.93085, 49.51995], [18.92791, 49.51872], [18.91279, 49.51758], [18.89716, 49.51442], [18.88673, 49.5167], [18.8755, 49.51587], [18.8733, 49.51719], [18.87143, 49.51692], [18.87, 49.51857], [18.86677, 49.51943], [18.85341, 49.51696], [18.85091, 49.51715], [18.8516, 49.5183], [18.84301, 49.51854], [18.84108, 49.5213], [18.83723, 49.52364], [18.839, 49.52553], [18.8447, 49.52824], [18.84463, 49.52975], [18.84343, 49.53056], [18.8441, 49.53409], [18.84612, 49.53443], [18.84715, 49.53554], [18.84978, 49.53443], [18.85745, 49.53793], [18.85925, 49.55059], [18.85316, 49.55195], [18.84928, 49.55432], [18.84885, 49.5585], [18.84582, 49.55953], [18.84559, 49.56088], [18.84411, 49.56133], [18.83923, 49.56081], [18.83721, 49.56306], [18.83755, 49.56917], [18.83322, 49.57342], [18.83494, 49.57713], [18.83253, 49.5801], [18.8317, 49.58413], [18.83257, 49.5857], [18.83537, 49.58667], [18.83555, 49.58997], [18.83886, 49.59332], [18.83908, 49.59532], [18.82929, 49.59494], [18.8267, 49.59695], [18.8232, 49.60406], [18.82324, 49.60724], [18.82473, 49.60963], [18.82426, 49.61446], [18.8188, 49.61856], [18.82025, 49.6242], [18.81738, 49.62917], [18.81719, 49.63163], [18.81296, 49.63435], [18.81341, 49.63982], [18.80928, 49.64831], [18.80634, 49.65128], [18.80919, 49.65577], [18.80929, 49.65755], [18.80665, 49.66567], [18.81009, 49.67104], [18.80981, 49.6732], [18.80695, 49.67678], [18.80459, 49.67888], [18.79388, 49.67935], [18.78064, 49.68536], [18.77387, 49.68282], [18.77, 49.6834], [18.76676, 49.68226], [18.76416, 49.68463], [18.75117, 49.67689], [18.74618, 49.67752], [18.74349, 49.67652], [18.74097, 49.67655], [18.73931, 49.67724], [18.73972, 49.67831], [18.73813, 49.68084], [18.7355, 49.68241], [18.73148, 49.68282], [18.72979, 49.68419], [18.72329, 49.6827], [18.71919, 49.68381], [18.71707, 49.68351], [18.71795, 49.68765], [18.71755, 49.68975], [18.7146, 49.69171], [18.71487, 49.6961], [18.7132, 49.69569], [18.71189, 49.69628], [18.70925, 49.69543], [18.71149, 49.69969], [18.70767, 49.70229], [18.70956, 49.70449], [18.69366, 49.7066], [18.68709, 49.70583], [18.68096, 49.70376], [18.67826, 49.70495], [18.67801, 49.70583], [18.67255, 49.70369], [18.66822, 49.70344], [18.66689, 49.70966], [18.66411, 49.71005], [18.66416, 49.70953], [18.66231, 49.71091], [18.65861, 49.71083], [18.65258, 49.70762], [18.65232, 49.71099], [18.64897, 49.71089], [18.64518, 49.71222], [18.6417, 49.71229], [18.64073, 49.71355], [18.6362, 49.71497], [18.63633, 49.71713], [18.63371, 49.71736], [18.63382, 49.71798], [18.63031, 49.71969], [18.62909, 49.72054], [18.62949, 49.72185], [18.62522, 49.72238], [18.62886, 49.72613], [18.62623, 49.72982], [18.62789, 49.73442], [18.62714, 49.73746], [18.62865, 49.74064], [18.62921, 49.74709], [18.62574, 49.75038], [18.61622, 49.75278], [18.61338, 49.7551], [18.61277, 49.75744], [18.61446, 49.76133], [18.61093, 49.76645], [18.61046, 49.77068], [18.60476, 49.77476], [18.60256, 49.78089], [18.59729, 49.78434], [18.59731, 49.78622], [18.59996, 49.78936], [18.59282, 49.79773], [18.59295, 49.80175], [18.5853, 49.80486], [18.58245, 49.8099], [18.58235, 49.81798], [18.57748, 49.82065], [18.57595, 49.82399], [18.57106, 49.82621], [18.56892, 49.8292], [18.56943, 49.8344], [18.57563, 49.83807], [18.58268, 49.84074], [18.58962, 49.84577], [18.58371, 49.85231], [18.58543, 49.85306], [18.58898, 49.85287], [18.5891, 49.85405], [18.59152, 49.85486], [18.59185, 49.85604], [18.60388, 49.85711], [18.60573, 49.8616], [18.60243, 49.86466], [18.59912, 49.8663], [18.59673, 49.86595], [18.59036, 49.86761], [18.58618, 49.86673], [18.58024, 49.86679], [18.57998, 49.86808], [18.5788, 49.86828], [18.57962, 49.86936], [18.57594, 49.87028], [18.57314, 49.87276], [18.57192, 49.87217], [18.5703, 49.87391], [18.56959, 49.87344], [18.5698, 49.87504], [18.57142, 49.87597], [18.56567, 49.88067], [18.56603, 49.88315], [18.5686, 49.88455], [18.56998, 49.88429], [18.5697, 49.8852], [18.57349, 49.88794], [18.57375, 49.88952], [18.571, 49.89121], [18.57148, 49.89229], [18.57717, 49.89147], [18.58781, 49.89151], [18.59187, 49.88772], [18.59817, 49.88464], [18.6039, 49.8836], [18.60618, 49.88214], [18.61556, 49.88334], [18.61872, 49.88471], [18.62166, 49.88458], [18.6267, 49.88617], [18.64487, 49.88751], [18.65186, 49.88934], [18.68267, 49.88853], [18.70644, 49.89356], [18.7197, 49.89948], [18.72458, 49.90446], [18.72242, 49.9135], [18.7238, 49.91848], [18.72868, 49.92211], [18.72725, 49.92708], [18.72372, 49.9316], [18.72654, 49.93389], [18.74175, 49.94121], [18.74906, 49.94743], [18.75469, 49.95072], [18.75919, 49.95474], [18.75917, 49.95838], [18.75405, 49.96676], [18.73931, 49.97474], [18.73646, 49.97875], [18.73531, 49.98276], [18.7319, 49.98639], [18.72282, 49.99257], [18.71979, 49.99361], [18.72103, 50.00824], [18.71134, 50.02061], [18.7079, 50.02789], [18.70276, 50.03553], [18.7016, 50.0399], [18.70404, 50.04468], [18.70204, 50.04708], [18.70951, 50.06201], [18.71619, 50.06815], [18.71897, 50.07212], [18.72172, 50.08078], [18.73232, 50.08693], [18.73508, 50.0945], [18.73955, 50.09704], [18.74411, 50.101], [18.74907, 50.10293], [18.76791, 50.10776], [18.77782, 50.11129], [18.7912, 50.11802], [18.79668, 50.1158], [18.79835, 50.11034], [18.8028, 50.11158], [18.80559, 50.11482], [18.80016, 50.13047], [18.82023, 50.12711], [18.85787, 50.11846], [18.88941, 50.11978], [18.90091, 50.12148], [18.9296, 50.1272], [18.93618, 50.13056], [18.94138, 50.13837], [18.94542, 50.15102], [18.96335, 50.1633], [18.98303, 50.16888], [18.99288, 50.17037], [19.01488, 50.17111], [19.02971, 50.17243], [19.03073, 50.16986], [19.03403, 50.16731], [19.03689, 50.16065], [19.0391, 50.15825], [19.04417, 50.15456], [19.05651, 50.14804], [19.06796, 50.13968], [19.07477, 50.12947], [19.07786, 50.12805], [19.07896, 50.12664], [19.07851, 50.12139], [19.07982, 50.11856], [19.08444, 50.11516], [19.08687, 50.11516], [19.09304, 50.11827], [19.09833, 50.11741], [19.10339, 50.11458], [19.12498, 50.1171], [19.13313, 50.1161], [19.1426, 50.11354], [19.1459, 50.11354], [19.14635, 50.11665], [19.14372, 50.12048], [19.14461, 50.12374], [19.14792, 50.126], [19.15785, 50.12868], [19.15898, 50.13689], [19.16406, 50.14213], [19.16826, 50.14396], [19.17796, 50.14565], [19.19603, 50.14406], [19.20297, 50.14506], [19.20617, 50.1422], [19.20638, 50.14079], [19.2046, 50.13725], [19.19818, 50.12975], [19.19904, 50.12493], [19.19615, 50.11856], [19.19702, 50.1153], [19.20164, 50.11374], [19.2078, 50.11259], [19.21331, 50.11258], [19.21859, 50.11116], [19.22122, 50.10832], [19.22274, 50.10378], [19.2267, 50.10222], [19.23052, 50.10221], [19.2346, 50.09781], [19.23706, 50.09642], [19.24442, 50.09701], [19.25285, 50.09902], [19.26074, 50.09387], [19.26259, 50.09115], [19.26599, 50.08914], [19.26992, 50.08748], [19.2782, 50.08582], [19.28308, 50.08577], [19.28978, 50.08134], [19.29519, 50.0817], [19.29729, 50.08386], [19.30266, 50.08451], [19.30738, 50.08659], [19.30983, 50.08649], [19.31215, 50.08437], [19.31349, 50.07632], [19.3183, 50.07362], [19.32298, 50.07264], [19.32971, 50.07324], [19.3309, 50.07176], [19.3404, 50.07279], [19.3451, 50.07014], [19.35098, 50.06816], [19.36009, 50.07133], [19.36445, 50.07081], [19.36875, 50.06898], [19.37296, 50.06964], [19.37466, 50.07585], [19.37797, 50.08118], [19.37991, 50.0825], [19.38483, 50.08334], [19.38689, 50.08244], [19.39022, 50.07627], [19.39407, 50.07311], [19.39846, 50.07126], [19.40888, 50.06876], [19.41723, 50.06957], [19.41856, 50.07106], [19.42095, 50.07146], [19.42982, 50.06943], [19.44885, 50.06675], [19.4567, 50.06898], [19.46234, 50.06834], [19.46524, 50.06666], [19.46686, 50.06068], [19.47206, 50.05652], [19.48129, 50.05321], [19.50228, 50.04943], [19.52717, 50.04187], [19.52895, 50.03996], [19.53141, 50.03407], [19.53584, 50.0286], [19.54341, 50.02556], [19.54792, 50.02478], [19.54976, 50.02163], [19.55465, 50.0222], [19.56022, 50.01908], [19.56105, 50.01521], [19.56345, 50.01137], [19.56874, 50.00795], [19.57357, 50.00279], [19.57453, 49.99919], [19.57643, 49.99841], [19.58014, 50.00152], [19.58248, 50.00239], [19.59074, 50.00124], [19.59299, 50.00033], [19.59847, 50.00054], [19.60626, 50.00311], [19.61527, 50.00281], [19.62212, 50.00612], [19.62782, 50.00616], [19.63251, 50.00767], [19.63713, 50.01053], [19.64766, 50.01452], [19.64836, 50.01567], [19.64745, 50.01878], [19.65232, 50.02329], [19.66928, 50.03126], [19.66898, 50.03252], [19.66593, 50.03261], [19.65759, 50.03172], [19.65411, 50.03009], [19.64972, 50.02975], [19.64685, 50.03139], [19.64536, 50.03416], [19.64713, 50.03802], [19.65783, 50.03952], [19.66313, 50.04116], [19.67532, 50.03997], [19.67955, 50.04079], [19.68404, 50.03898], [19.69612, 50.04402], [19.70208, 50.04401], [19.70835, 50.04706], [19.71033, 50.04932], [19.71401, 50.05014], [19.71508, 50.0515], [19.72163, 50.05223], [19.72457, 50.05724], [19.72708, 50.05923], [19.74194, 50.06035], [19.74655, 50.06149], [19.74969, 50.06422], [19.75799, 50.07747], [19.76783, 50.08083], [19.77504, 50.08462], [19.78387, 50.0862], [19.80746, 50.0864], [19.81644, 50.08826], [19.82314, 50.09178], [19.82728, 50.09208], [19.83234, 50.0922], [19.8371, 50.09072], [19.84156, 50.08788], [19.8448, 50.08825], [19.84648, 50.0895], [19.84493, 50.09172], [19.83855, 50.09488], [19.83414, 50.09544], [19.83112, 50.0982], [19.82648, 50.0993], [19.82609, 50.10054], [19.82779, 50.10181], [19.83249, 50.10117], [19.84125, 50.10301], [19.84797, 50.10318], [19.8538, 50.10597], [19.85748, 50.11013], [19.85899, 50.11461], [19.85817, 50.11653], [19.85485, 50.11872], [19.85508, 50.12336], [19.85569, 50.12462], [19.86069, 50.12596], [19.86309, 50.12589], [19.86437, 50.12322], [19.8689, 50.12331], [19.88904, 50.11602], [19.89288, 50.11618], [19.89629, 50.11478], [19.90062, 50.11422], [19.91219, 50.11412], [19.93319, 50.10959], [19.93533, 50.10654], [19.94072, 50.10263], [19.9454, 50.09774], [19.94994, 50.09648], [19.96474, 50.09471], [19.97269, 50.09078], [19.97666, 50.09123], [19.98894, 50.08735], [20.00465, 50.08671], [20.01994, 50.08491], [20.02621, 50.08573], [20.04689, 50.08515], [20.05077, 50.08918], [20.05939, 50.08867], [20.06663, 50.09003], [20.07168, 50.09237], [20.08333, 50.10035], [20.08896, 50.10296], [20.09585, 50.10547], [20.10551, 50.10717], [20.11938, 50.10691], [20.12602, 50.10578], [20.1383, 50.10078], [20.14139, 50.09837], [20.14743, 50.09581], [20.16104, 50.09258], [20.16898, 50.08992], [20.1751, 50.09256], [20.17737, 50.09435], [20.18622, 50.09316], [20.18866, 50.09456], [20.19459, 50.09486], [20.20137, 50.09967], [20.20458, 50.09997], [20.21501, 50.10488], [20.22578, 50.10632], [20.23286, 50.10815], [20.23525, 50.11174], [20.24182, 50.11126], [20.24714, 50.1093], [20.25369, 50.10847], [20.25864, 50.10935], [20.273, 50.10929], [20.28156, 50.11002], [20.29458, 50.1121], [20.31445, 50.11728], [20.32462, 50.1213], [20.36408, 50.13008], [20.39003, 50.14093], [20.40382, 50.14495], [20.4081, 50.14501], [20.41856, 50.14135], [20.42283, 50.14129], [20.42987, 50.14245], [20.43339, 50.14452], [20.43823, 50.14501], [20.48663, 50.14294], [20.50792, 50.14397], [20.51581, 50.14513], [20.51943, 50.14385], [20.52332, 50.14367], [20.53426, 50.14909], [20.53597, 50.14909], [20.54633, 50.14531], [20.54871, 50.14519], [20.55498, 50.15], [20.55726, 50.15067], [20.56116, 50.1497], [20.57, 50.14939], [20.57457, 50.14799], [20.58179, 50.14872], [20.58636, 50.14818], [20.58531, 50.15055], [20.5816, 50.15061], [20.5779, 50.1522], [20.57542, 50.15616], [20.57485, 50.1578], [20.58056, 50.16298], [20.58522, 50.16438], [20.5875, 50.1642], [20.59063, 50.16273], [20.59368, 50.16493], [20.59938, 50.16608], [20.60024, 50.1687], [20.60423, 50.17083], [20.61298, 50.16834], [20.61554, 50.16888], [20.61668, 50.17132], [20.6203, 50.17303], [20.6261, 50.17278], [20.64036, 50.17875], [20.64159, 50.18161], [20.64397, 50.18386], [20.64578, 50.18496], [20.65005, 50.18538], [20.64891, 50.18691], [20.64967, 50.19007], [20.65795, 50.18989], [20.66013, 50.19287], [20.6588, 50.19445], [20.65291, 50.19628], [20.65215, 50.19774], [20.65139, 50.20097], [20.65405, 50.20559], [20.65718, 50.20669], [20.66384, 50.20632], [20.67268, 50.20784], [20.67192, 50.21381], [20.67382, 50.21545], [20.68114, 50.21746], [20.69417, 50.21879], [20.69968, 50.22451], [20.70234, 50.23047], [20.71004, 50.23017], [20.71746, 50.23953], [20.7264, 50.24075], [20.72659, 50.252], [20.72792, 50.25528], [20.72744, 50.25826], [20.72906, 50.2613], [20.73163, 50.26221], [20.74171, 50.26116], [20.75173, 50.26901], [20.75224, 50.27026], [20.75037, 50.27225], [20.75073, 50.2745], [20.75623, 50.27587], [20.7605, 50.27813], [20.76325, 50.27818], [20.76575, 50.2796], [20.7714, 50.27999], [20.77552, 50.28481], [20.79397, 50.29369], [20.8042, 50.29657], [20.80708, 50.29653], [20.8086, 50.29745], [20.81175, 50.29723], [20.81371, 50.29999], [20.8171, 50.30178], [20.82036, 50.30185], [20.82347, 50.30049], [20.82643, 50.30521], [20.82545, 50.30862], [20.82689, 50.30996], [20.82906, 50.31064], [20.83494, 50.31064], [20.8399, 50.30988], [20.84475, 50.30801], [20.84852, 50.30932], [20.85145, 50.31123], [20.85268, 50.3142], [20.86064, 50.31812], [20.86053, 50.32002], [20.86269, 50.32058], [20.86492, 50.32287], [20.86766, 50.32407], [20.87027, 50.32409], [20.87317, 50.32708], [20.87637, 50.32792], [20.87905, 50.33002], [20.87756, 50.33231], [20.88332, 50.33453], [20.88331, 50.33775], [20.8774, 50.34118], [20.88113, 50.34385], [20.88488, 50.34457], [20.88855, 50.3432], [20.89751, 50.34174], [20.90004, 50.34218], [20.90156, 50.34298], [20.89936, 50.34385], [20.89939, 50.34463], [20.9042, 50.34621], [20.9043, 50.34865], [20.90524, 50.34911], [20.9087, 50.34953], [20.91162, 50.34806], [20.919, 50.35127], [20.92858, 50.35123], [20.93512, 50.35223], [20.94789, 50.35811], [20.95632, 50.3641], [20.97746, 50.36903], [20.98355, 50.36792], [20.98909, 50.36901], [21.00098, 50.37316], [21.00765, 50.37685], [21.01841, 50.37964], [21.03195, 50.38071], [21.04117, 50.38305], [21.04336, 50.38432], [21.0496, 50.38439], [21.05281, 50.38529], [21.07354, 50.38694], [21.1037, 50.39485], [21.12085, 50.39525], [21.12852, 50.39815], [21.14165, 50.39521], [21.15099, 50.39631], [21.1605, 50.40256], [21.16595, 50.40365], [21.16737, 50.40636], [21.17428, 50.40676], [21.1818, 50.40829], [21.18896, 50.41196], [21.18909, 50.41273], [21.19952, 50.41465], [21.20462, 50.41665], [21.20605, 50.41826], [21.20885, 50.41872], [21.23201, 50.41788], [21.2435, 50.41366], [21.27658, 50.41159], [21.27886, 50.41284], [21.28056, 50.41614], [21.28342, 50.41725], [21.2872, 50.41746], [21.29029, 50.42015], [21.29601, 50.42293], [21.29933, 50.42362], [21.30574, 50.42241], [21.30945, 50.42278], [21.3339, 50.43206], [21.33869, 50.43485], [21.35001, 50.4393], [21.35519, 50.44495], [21.35966, 50.44779], [21.3612, 50.45061], [21.36486, 50.45119], [21.36588, 50.45284], [21.37387, 50.45797], [21.39074, 50.46715], [21.39782, 50.47614], [21.40427, 50.48011], [21.4078, 50.48528], [21.41616, 50.4901], [21.42646, 50.49459], [21.43351, 50.49914], [21.43663, 50.50408], [21.43921, 50.50521], [21.4418, 50.50831], [21.44879, 50.51358], [21.46806, 50.52486], [21.48373, 50.53181], [21.49392, 50.53332], [21.4976, 50.53511], [21.49837, 50.53719], [21.4998, 50.53786], [21.50584, 50.53577], [21.51995, 50.53388], [21.52642, 50.5318], [21.53068, 50.52951], [21.53818, 50.53178], [21.54121, 50.536], [21.54236, 50.53996], [21.54646, 50.54327], [21.54852, 50.5487], [21.55136, 50.55197], [21.55242, 50.55605], [21.55134, 50.56024], [21.55218, 50.56719], [21.55708, 50.5713], [21.57028, 50.57863], [21.57018, 50.58191], [21.57922, 50.58825], [21.57999, 50.59074], [21.58899, 50.59292], [21.59789, 50.60343], [21.60424, 50.60565], [21.60959, 50.60882], [21.61666, 50.62504], [21.62023, 50.62784], [21.62999, 50.63265], [21.63693, 50.63724], [21.6397, 50.64094], [21.64936, 50.64699], [21.65097, 50.65015], [21.65814, 50.65058], [21.66559, 50.65281], [21.67442, 50.65687], [21.67668, 50.65912], [21.68141, 50.6612], [21.70507, 50.66934], [21.71959, 50.66963], [21.73235, 50.67255], [21.73901, 50.67529], [21.75086, 50.67592], [21.75253, 50.67725], [21.75275, 50.68099], [21.75561, 50.68497], [21.75562, 50.68748], [21.75897, 50.68937], [21.76595, 50.68789], [21.77406, 50.68489], [21.78168, 50.68382], [21.79018, 50.6841], [21.80492, 50.68677], [21.80685, 50.69001], [21.80566, 50.69259], [21.7957, 50.70315], [21.79262, 50.71471], [21.78765, 50.72209], [21.78784, 50.72677], [21.78675, 50.72914], [21.78747, 50.7332], [21.79329, 50.74031], [21.79925, 50.74548], [21.80934, 50.75124], [21.81105, 50.75322], [21.81109, 50.75723], [21.80656, 50.7653], [21.80878, 50.7694], [21.83237, 50.78148], [21.84143, 50.78482], [21.84837, 50.78474], [21.85223, 50.78696], [21.85395, 50.7891], [21.85381, 50.7908], [21.85078, 50.79676], [21.86142, 50.80411], [21.86225, 50.80822], [21.8602, 50.80967], [21.86844, 50.81249], [21.90078, 50.82005], [21.90477, 50.82183], [21.91807, 50.82418], [21.92643, 50.82683], [21.93116, 50.82533], [21.93572, 50.82498], [21.94248, 50.82638], [21.94634, 50.82634], [21.95182, 50.82467]]]]}}, {"type": "Feature", "properties": {"kod": "8", "nazwa": "Niż Wschodnioeuropejski", "pow_km2": 44913.2, "etykieta": [22.58366, 53.78579]}, "geometry": {"type": "MultiPolygon", "coordinates": [[[[23.52002, 52.13763], [23.52124, 52.13292], [23.52693, 52.13138], [23.53104, 52.13278], [23.53311, 52.13263], [23.53714, 52.12938], [23.54218, 52.12799], [23.5435, 52.12516], [23.54335, 52.11962], [23.54842, 52.11542], [23.54776, 52.11152], [23.55016, 52.10945], [23.55491, 52.10968], [23.55668, 52.11104], [23.5559, 52.11694], [23.55721, 52.11873], [23.56129, 52.11934], [23.56404, 52.11687], [23.56809, 52.1156], [23.58025, 52.11987], [23.58324, 52.11936], [23.58756, 52.11732], [23.59856, 52.11739], [23.60436, 52.11397], [23.60931, 52.10881], [23.61849, 52.10862], [23.62007, 52.10677], [23.61946, 52.10509], [23.61261, 52.10405], [23.61084, 52.10267], [23.61012, 52.10115], [23.61156, 52.09822], [23.62247, 52.0902], [23.62727, 52.08822], [23.64018, 52.0858], [23.63976, 52.08428], [23.64108, 52.08247], [23.64028, 52.08091], [23.64288, 52.0772], [23.64613, 52.07656], [23.64804, 52.07481], [23.65135, 52.07523], [23.65364, 52.07273], [23.6531, 52.07065], [23.64868, 52.0674], [23.645, 52.06668], [23.64419, 52.06508], [23.64742, 52.06278], [23.65372, 52.06268], [23.65527, 52.06151], [23.65504, 52.05906], [23.65304, 52.05847], [23.65008, 52.05995], [23.64451, 52.06076], [23.64233, 52.05967], [23.64346, 52.05778], [23.64795, 52.05721], [23.65381, 52.05484], [23.65585, 52.05166], [23.65587, 52.04805], [23.65767, 52.04369], [23.66273, 52.03995], [23.66072, 52.03223], [23.66309, 52.02418], [23.66099, 52.02197], [23.65756, 52.0204], [23.65735, 52.01873], [23.65975, 52.01703], [23.66717, 52.01461], [23.67487, 52.00448], [23.67811, 52.00231], [23.68387, 52.00065], [23.68371, 51.99811], [23.6884, 51.99413], [23.68902, 51.99191], [23.68567, 51.98625], [23.67743, 51.98405], [23.67438, 51.98182], [23.66933, 51.981], [23.66504, 51.97843], [23.66534, 51.97415], [23.67026, 51.96666], [23.66926, 51.96473], [23.66458, 51.96392], [23.65606, 51.9644], [23.65137, 51.9636], [23.6448, 51.95635], [23.64155, 51.95414], [23.63983, 51.95346], [23.63173, 51.95317], [23.62795, 51.9516], [23.6268, 51.94916], [23.62815, 51.94756], [23.63787, 51.95022], [23.64091, 51.94911], [23.64157, 51.94769], [23.6402, 51.94295], [23.64543, 51.93883], [23.64564, 51.93376], [23.64369, 51.93181], [23.63576, 51.93214], [23.63225, 51.93132], [23.63055, 51.92887], [23.63122, 51.92401], [23.63023, 51.92201], [23.62743, 51.92222], [23.61986, 51.9252], [23.6172, 51.92414], [23.61206, 51.91877], [23.61299, 51.91644], [23.61557, 51.91534], [23.62037, 51.91097], [23.61986, 51.90733], [23.61753, 51.90537], [23.61836, 51.90348], [23.62179, 51.90202], [23.63176, 51.89972], [23.63802, 51.8945], [23.63694, 51.89181], [23.62605, 51.88819], [23.62352, 51.88691], [23.62228, 51.88486], [23.62334, 51.88289], [23.62895, 51.87981], [23.63067, 51.87796], [23.63166, 51.87527], [23.63034, 51.87344], [23.62761, 51.87316], [23.62495, 51.87419], [23.62037, 51.87756], [23.61797, 51.87824], [23.61223, 51.87827], [23.60708, 51.87632], [23.60641, 51.8751], [23.61033, 51.86069], [23.61659, 51.85776], [23.61749, 51.85611], [23.61226, 51.85166], [23.61203, 51.84535], [23.6075, 51.84285], [23.60137, 51.84211], [23.60015, 51.84048], [23.60305, 51.83896], [23.60645, 51.83984], [23.60932, 51.8387], [23.60871, 51.83658], [23.60209, 51.83422], [23.60162, 51.83199], [23.60288, 51.83035], [23.60743, 51.8298], [23.61741, 51.83165], [23.61972, 51.83161], [23.62146, 51.83072], [23.62446, 51.82613], [23.62152, 51.82089], [23.62847, 51.81898], [23.6331, 51.81133], [23.6402, 51.80481], [23.64138, 51.80035], [23.63426, 51.79505], [23.63715, 51.79374], [23.63664, 51.7918], [23.63501, 51.79086], [23.63038, 51.79222], [23.62852, 51.79083], [23.62847, 51.78946], [23.6312, 51.78648], [23.63095, 51.78015], [23.629, 51.77948], [23.62871, 51.78239], [23.62664, 51.78272], [23.62542, 51.78188], [23.62687, 51.78], [23.62423, 51.77953], [23.62279, 51.77786], [23.61844, 51.77791], [23.61534, 51.77715], [23.61676, 51.77469], [23.61496, 51.77266], [23.61163, 51.77205], [23.60389, 51.77327], [23.59705, 51.77215], [23.59545, 51.7709], [23.59425, 51.76664], [23.58897, 51.76372], [23.58826, 51.76], [23.58721, 51.75946], [23.58154, 51.76033], [23.57474, 51.75702], [23.56876, 51.75776], [23.56561, 51.75743], [23.56214, 51.76083], [23.55897, 51.76157], [23.55649, 51.7576], [23.54997, 51.75462], [23.54888, 51.75163], [23.54598, 51.74844], [23.54053, 51.74543], [23.53088, 51.74361], [23.53037, 51.74224], [23.53232, 51.73708], [23.53159, 51.73482], [23.52702, 51.72976], [23.52776, 51.72874], [23.5346, 51.72809], [23.53411, 51.72375], [23.53726, 51.72255], [23.53992, 51.72368], [23.54204, 51.72334], [23.54346, 51.72389], [23.54285, 51.7266], [23.54403, 51.72753], [23.54694, 51.72715], [23.54825, 51.71908], [23.55295, 51.71619], [23.54727, 51.7101], [23.54996, 51.70925], [23.55185, 51.70986], [23.55425, 51.70954], [23.55554, 51.70714], [23.55496, 51.7061], [23.54955, 51.70556], [23.54847, 51.70417], [23.54942, 51.70316], [23.55868, 51.70134], [23.56041, 51.69895], [23.55553, 51.69621], [23.55474, 51.6916], [23.54976, 51.68752], [23.54886, 51.68473], [23.55093, 51.68268], [23.55596, 51.68134], [23.55386, 51.67924], [23.55224, 51.67466], [23.55559, 51.66775], [23.55838, 51.66641], [23.55823, 51.66528], [23.55447, 51.66295], [23.54859, 51.66361], [23.5466, 51.6631], [23.54497, 51.66212], [23.54282, 51.65813], [23.53931, 51.65681], [23.53978, 51.65489], [23.54368, 51.65165], [23.54017, 51.64954], [23.53744, 51.64464], [23.53841, 51.64376], [23.54219, 51.64539], [23.54459, 51.64276], [23.54774, 51.64201], [23.5487, 51.64101], [23.54765, 51.63689], [23.54122, 51.63551], [23.53933, 51.63377], [23.54368, 51.63078], [23.54288, 51.62572], [23.54613, 51.62245], [23.54646, 51.62091], [23.54441, 51.61759], [23.5445, 51.61585], [23.5403, 51.61219], [23.54314, 51.61132], [23.54239, 51.60794], [23.54402, 51.60501], [23.54028, 51.60192], [23.54254, 51.60029], [23.54743, 51.59915], [23.54897, 51.59774], [23.55057, 51.59164], [23.55444, 51.58797], [23.55325, 51.58361], [23.5562, 51.58198], [23.56397, 51.58122], [23.5671, 51.57915], [23.56792, 51.57564], [23.56397, 51.57082], [23.56421, 51.56958], [23.56885, 51.56761], [23.56768, 51.56363], [23.56822, 51.56165], [23.57028, 51.56027], [23.57495, 51.55974], [23.57789, 51.55711], [23.57683, 51.55605], [23.57051, 51.55416], [23.56516, 51.55001], [23.56457, 51.54678], [23.5625, 51.54412], [23.56483, 51.54072], [23.56513, 51.53441], [23.57086, 51.5323], [23.57711, 51.5322], [23.58197, 51.52962], [23.58535, 51.52888], [23.5879, 51.53016], [23.58922, 51.53375], [23.59158, 51.53512], [23.59424, 51.53524], [23.59762, 51.53182], [23.60247, 51.52898], [23.60508, 51.52845], [23.61275, 51.52882], [23.61443, 51.52262], [23.62012, 51.51896], [23.62487, 51.5139], [23.62433, 51.51261], [23.61921, 51.51204], [23.61735, 51.51024], [23.61647, 51.50309], [23.61841, 51.50188], [23.62349, 51.50145], [23.62473, 51.50063], [23.62338, 51.49884], [23.61961, 51.49774], [23.62013, 51.49637], [23.62721, 51.49434], [23.63024, 51.49137], [23.63408, 51.49119], [23.63609, 51.49028], [23.63667, 51.48675], [23.63824, 51.48559], [23.64336, 51.48495], [23.64638, 51.48585], [23.65177, 51.48597], [23.65371, 51.48708], [23.65523, 51.48976], [23.65946, 51.49055], [23.66312, 51.48812], [23.66391, 51.48521], [23.66981, 51.48303], [23.6715, 51.47949], [23.67144, 51.47478], [23.67506, 51.4734], [23.67631, 51.47101], [23.67414, 51.46987], [23.66934, 51.47144], [23.66782, 51.4713], [23.66583, 51.47021], [23.66504, 51.46667], [23.66006, 51.46477], [23.6587, 51.4624], [23.65439, 51.45968], [23.65151, 51.4589], [23.64836, 51.45962], [23.64671, 51.4591], [23.64669, 51.45695], [23.65085, 51.45374], [23.64872, 51.45095], [23.65106, 51.44972], [23.64943, 51.44626], [23.66079, 51.44408], [23.66775, 51.44544], [23.67591, 51.44121], [23.67891, 51.44207], [23.68241, 51.44495], [23.68464, 51.44523], [23.68633, 51.44402], [23.68586, 51.44229], [23.68251, 51.44009], [23.68125, 51.43738], [23.68574, 51.4338], [23.68368, 51.43288], [23.67851, 51.43344], [23.67724, 51.43225], [23.67699, 51.42967], [23.67912, 51.42788], [23.68246, 51.42757], [23.68453, 51.42649], [23.68873, 51.41911], [23.69407, 51.41875], [23.70085, 51.42089], [23.70293, 51.41954], [23.70109, 51.41776], [23.69748, 51.41613], [23.69407, 51.41561], [23.69278, 51.41452], [23.6931, 51.41328], [23.69499, 51.41215], [23.69804, 51.41167], [23.7008, 51.41217], [23.70216, 51.4116], [23.70151, 51.41029], [23.69754, 51.40907], [23.69633, 51.40789], [23.69704, 51.40596], [23.70114, 51.40541], [23.70275, 51.40355], [23.69693, 51.40296], [23.69097, 51.3987], [23.68755, 51.39978], [23.68247, 51.39852], [23.6818, 51.3975], [23.68712, 51.39548], [23.68667, 51.39383], [23.68443, 51.39379], [23.68042, 51.39554], [23.6769, 51.39405], [23.67767, 51.39172], [23.68, 51.39044], [23.68802, 51.38905], [23.68916, 51.3882], [23.68826, 51.38739], [23.68482, 51.38702], [23.68437, 51.38366], [23.68032, 51.38494], [23.67862, 51.38383], [23.68116, 51.38142], [23.67795, 51.37703], [23.68013, 51.37597], [23.68149, 51.3782], [23.68437, 51.37811], [23.68271, 51.37243], [23.68529, 51.37108], [23.68658, 51.36862], [23.68339, 51.36773], [23.67818, 51.36894], [23.67564, 51.36647], [23.66814, 51.3678], [23.66532, 51.36682], [23.66513, 51.36505], [23.66907, 51.36216], [23.6692, 51.36089], [23.66675, 51.36028], [23.66199, 51.36258], [23.66088, 51.36133], [23.66326, 51.35978], [23.66318, 51.35808], [23.6614, 51.35785], [23.65878, 51.35955], [23.65669, 51.35909], [23.65649, 51.35428], [23.65487, 51.35259], [23.65831, 51.35133], [23.6542, 51.35027], [23.65473, 51.34859], [23.65359, 51.34684], [23.65567, 51.34583], [23.65587, 51.34483], [23.64981, 51.34397], [23.65003, 51.34317], [23.65343, 51.34209], [23.65759, 51.34221], [23.65653, 51.33941], [23.65566, 51.3391], [23.65238, 51.34022], [23.64749, 51.33979], [23.64746, 51.33704], [23.64535, 51.33444], [23.63986, 51.33198], [23.63577, 51.32852], [23.63569, 51.3273], [23.63681, 51.32671], [23.64042, 51.32722], [23.64218, 51.32639], [23.64163, 51.32533], [23.63738, 51.3233], [23.63723, 51.32114], [23.63559, 51.31967], [23.6397, 51.31689], [23.63995, 51.315], [23.64292, 51.31441], [23.64387, 51.31338], [23.64342, 51.31051], [23.64153, 51.31145], [23.63962, 51.31082], [23.64097, 51.30675], [23.64336, 51.30642], [23.64338, 51.30432], [23.64595, 51.30404], [23.65234, 51.29958], [23.65137, 51.29859], [23.64703, 51.2985], [23.64712, 51.29748], [23.64881, 51.29721], [23.64836, 51.29587], [23.65017, 51.29404], [23.64635, 51.2931], [23.64596, 51.29182], [23.64941, 51.29014], [23.64841, 51.28742], [23.65313, 51.28906], [23.65675, 51.28702], [23.6579, 51.28761], [23.65809, 51.28948], [23.66087, 51.29048], [23.66246, 51.29225], [23.66877, 51.29236], [23.6684, 51.29066], [23.67069, 51.28997], [23.67601, 51.29093], [23.67784, 51.29247], [23.67738, 51.29039], [23.68081, 51.29183], [23.68163, 51.29036], [23.68533, 51.29101], [23.68435, 51.28841], [23.68607, 51.28844], [23.68847, 51.28636], [23.69276, 51.28677], [23.69495, 51.28845], [23.69398, 51.29104], [23.69501, 51.29164], [23.69689, 51.28894], [23.69517, 51.28708], [23.6973, 51.2832], [23.70062, 51.28149], [23.70216, 51.28225], [23.70366, 51.28199], [23.70587, 51.27895], [23.70931, 51.2775], [23.70837, 51.2762], [23.70545, 51.27598], [23.70551, 51.27476], [23.71054, 51.27563], [23.71137, 51.27447], [23.70952, 51.27407], [23.7095, 51.27335], [23.71241, 51.27157], [23.71376, 51.26929], [23.71651, 51.27147], [23.71724, 51.26974], [23.72049, 51.26946], [23.71773, 51.26824], [23.71959, 51.26704], [23.71741, 51.2642], [23.7198, 51.26491], [23.71991, 51.26343], [23.72271, 51.26285], [23.72251, 51.26136], [23.72563, 51.26183], [23.72663, 51.26135], [23.72338, 51.2605], [23.72611, 51.25946], [23.72315, 51.25793], [23.72516, 51.25595], [23.72451, 51.25472], [23.72564, 51.2509], [23.72415, 51.24653], [23.72729, 51.24444], [23.72989, 51.24494], [23.72971, 51.24165], [23.72858, 51.24163], [23.72704, 51.24302], [23.72603, 51.24172], [23.72736, 51.23965], [23.72994, 51.23976], [23.73129, 51.23866], [23.72665, 51.23864], [23.72652, 51.23647], [23.73278, 51.23462], [23.73382, 51.23262], [23.73886, 51.2316], [23.74031, 51.22886], [23.73917, 51.22747], [23.74147, 51.2273], [23.74297, 51.22443], [23.74275, 51.22083], [23.7375, 51.22059], [23.73594, 51.21965], [23.73741, 51.21659], [23.73931, 51.21519], [23.73919, 51.21196], [23.74064, 51.21157], [23.74235, 51.21215], [23.74099, 51.21367], [23.74228, 51.21489], [23.74601, 51.21147], [23.74649, 51.21285], [23.75025, 51.21082], [23.7566, 51.21234], [23.75787, 51.21083], [23.75608, 51.20957], [23.76001, 51.20769], [23.75941, 51.20611], [23.7605, 51.20285], [23.76168, 51.20317], [23.76187, 51.2054], [23.76312, 51.20556], [23.76437, 51.20457], [23.76276, 51.20251], [23.76667, 51.20235], [23.76856, 51.19996], [23.7759, 51.20037], [23.77822, 51.19913], [23.78288, 51.19893], [23.78319, 51.19796], [23.78046, 51.19654], [23.78343, 51.19565], [23.7837, 51.19315], [23.78236, 51.19167], [23.78508, 51.18956], [23.79719, 51.1877], [23.80177, 51.18516], [23.80838, 51.18499], [23.8142, 51.179], [23.81211, 51.17525], [23.81344, 51.17404], [23.81423, 51.17071], [23.81845, 51.16905], [23.82283, 51.16896], [23.82654, 51.16698], [23.82553, 51.16611], [23.82273, 51.16728], [23.82154, 51.1664], [23.8221, 51.16351], [23.82423, 51.16175], [23.82702, 51.16297], [23.82732, 51.16064], [23.82858, 51.15999], [23.82921, 51.16215], [23.83316, 51.16134], [23.83564, 51.16365], [23.83641, 51.16055], [23.83816, 51.15944], [23.84075, 51.16137], [23.84144, 51.16421], [23.843, 51.1643], [23.84436, 51.16254], [23.84198, 51.16068], [23.84924, 51.16078], [23.85105, 51.15999], [23.85119, 51.15907], [23.849, 51.15724], [23.84995, 51.15521], [23.85175, 51.15514], [23.85712, 51.15788], [23.86052, 51.15784], [23.86324, 51.155], [23.86189, 51.15278], [23.8624, 51.15159], [23.86594, 51.15028], [23.86913, 51.15046], [23.86854, 51.14908], [23.86543, 51.14756], [23.86652, 51.14652], [23.86894, 51.14636], [23.87139, 51.14508], [23.86788, 51.14203], [23.87029, 51.14038], [23.86868, 51.13561], [23.87006, 51.13347], [23.86868, 51.13096], [23.86984, 51.12989], [23.86165, 51.12756], [23.86078, 51.12848], [23.86164, 51.13081], [23.86029, 51.1312], [23.85529, 51.12791], [23.85463, 51.12861], [23.85554, 51.13017], [23.85421, 51.13079], [23.85235, 51.12792], [23.85355, 51.12637], [23.84961, 51.12397], [23.85314, 51.12226], [23.85207, 51.11823], [23.85599, 51.11864], [23.85729, 51.11817], [23.85568, 51.11669], [23.85531, 51.11431], [23.8623, 51.11284], [23.85805, 51.11175], [23.85695, 51.1105], [23.8588, 51.10848], [23.86257, 51.10796], [23.86105, 51.10694], [23.85763, 51.10726], [23.86036, 51.10405], [23.8622, 51.10326], [23.8607, 51.10166], [23.85791, 51.10114], [23.85686, 51.09996], [23.86146, 51.09685], [23.86304, 51.09738], [23.86426, 51.0993], [23.86744, 51.09833], [23.86785, 51.09344], [23.86903, 51.09362], [23.86996, 51.09515], [23.87171, 51.09453], [23.87059, 51.09045], [23.87322, 51.084], [23.87301, 51.08224], [23.87653, 51.07898], [23.87593, 51.07707], [23.87957, 51.07746], [23.87932, 51.08046], [23.88501, 51.08218], [23.88643, 51.07882], [23.88998, 51.07907], [23.89235, 51.07449], [23.89626, 51.07674], [23.8982, 51.0741], [23.9033, 51.07401], [23.90569, 51.07843], [23.90843, 51.07757], [23.90866, 51.07562], [23.91109, 51.0746], [23.91017, 51.07214], [23.91254, 51.06998], [23.90897, 51.06665], [23.90877, 51.0642], [23.90953, 51.06371], [23.91216, 51.06405], [23.9129, 51.06325], [23.91298, 51.05825], [23.91603, 51.04876], [23.9137, 51.04681], [23.91924, 51.04728], [23.91993, 51.04659], [23.91809, 51.04413], [23.91385, 51.04305], [23.91302, 51.04176], [23.91598, 51.03968], [23.92151, 51.039], [23.92066, 51.03728], [23.92136, 51.03664], [23.9273, 51.03852], [23.93152, 51.03808], [23.9267, 51.03534], [23.92337, 51.0346], [23.91984, 51.03098], [23.91674, 51.03037], [23.9159, 51.0284], [23.91651, 51.02774], [23.92121, 51.02701], [23.91825, 51.02543], [23.92729, 51.02002], [23.92654, 51.0188], [23.92364, 51.01887], [23.92333, 51.01644], [23.93007, 51.01728], [23.93566, 51.0147], [23.9346, 51.0129], [23.93291, 51.01444], [23.92837, 51.01381], [23.92588, 51.01491], [23.9256, 51.01255], [23.92204, 51.0128], [23.92295, 51.01028], [23.92226, 51.00965], [23.91868, 51.01196], [23.91565, 51.01237], [23.91476, 51.01019], [23.91852, 51.00938], [23.91508, 51.00705], [23.91654, 51.0061], [23.92299, 51.00548], [23.9293, 51.00608], [23.93463, 51.00358], [23.93861, 51.00296], [23.94771, 50.99483], [23.95111, 50.99502], [23.95675, 50.99076], [23.96053, 50.9852], [23.96702, 50.97833], [23.9674, 50.96752], [23.97069, 50.95932], [23.96827, 50.95776], [23.968, 50.95653], [23.97038, 50.9503], [23.97441, 50.94935], [23.97606, 50.94601], [23.97797, 50.94649], [23.97846, 50.94868], [23.97963, 50.9486], [23.98137, 50.94635], [23.98762, 50.94486], [23.99067, 50.94281], [23.99074, 50.94121], [23.99551, 50.93398], [23.99528, 50.93069], [23.99734, 50.92832], [24.00612, 50.92535], [24.01102, 50.91981], [24.01697, 50.91825], [24.02013, 50.91647], [24.02414, 50.91609], [24.03403, 50.90916], [24.0381, 50.90433], [24.0472, 50.90081], [24.05061, 50.8978], [24.0512, 50.89655], [24.04993, 50.89406], [24.05235, 50.89141], [24.05544, 50.89064], [24.05829, 50.89202], [24.06207, 50.89243], [24.07347, 50.89099], [24.08007, 50.8896], [24.0813, 50.88754], [24.0828, 50.88703], [24.08645, 50.88901], [24.09072, 50.88406], [24.09501, 50.88222], [24.09953, 50.87676], [24.10964, 50.87514], [24.11249, 50.87559], [24.11605, 50.87272], [24.11666, 50.86973], [24.11958, 50.86997], [24.12283, 50.87171], [24.1258, 50.86828], [24.12952, 50.86767], [24.13302, 50.86806], [24.13597, 50.8666], [24.13787, 50.86722], [24.1388, 50.86925], [24.14183, 50.86883], [24.14504, 50.86964], [24.14578, 50.86861], [24.14511, 50.86374], [24.14286, 50.86041], [24.14329, 50.85822], [24.13461, 50.85246], [24.13206, 50.849], [24.13026, 50.84809], [24.12437, 50.84724], [24.12395, 50.84505], [24.1177, 50.84469], [24.11497, 50.84136], [24.1088, 50.84023], [24.10677, 50.83857], [24.10083, 50.83816], [24.10016, 50.83595], [24.0968, 50.8365], [24.08546, 50.83548], [24.08101, 50.83671], [24.08183, 50.83506], [24.0811, 50.83447], [24.07891, 50.83451], [24.07699, 50.83554], [24.07455, 50.83415], [24.06838, 50.83479], [24.06465, 50.83625], [24.06359, 50.83409], [24.06089, 50.83542], [24.05574, 50.83438], [24.0526, 50.83623], [24.04759, 50.83575], [24.04419, 50.83356], [24.04074, 50.83517], [24.03991, 50.83663], [24.04687, 50.83766], [24.0467, 50.83855], [24.03967, 50.83966], [24.03449, 50.83955], [24.03468, 50.83794], [24.03251, 50.83586], [24.02882, 50.83883], [24.03065, 50.84058], [24.02799, 50.84159], [24.02673, 50.84113], [24.02699, 50.83818], [24.02458, 50.84069], [24.02014, 50.84163], [24.01913, 50.841], [24.01929, 50.83872], [24.01357, 50.8394], [24.00939, 50.83906], [24.00694, 50.84119], [23.9967, 50.83948], [23.99277, 50.83741], [23.98958, 50.83747], [23.98512, 50.83466], [23.98533, 50.83338], [23.98272, 50.83258], [23.98095, 50.82964], [23.98373, 50.82684], [23.98266, 50.82659], [23.98037, 50.8279], [23.97967, 50.8243], [23.97713, 50.82703], [23.97528, 50.82561], [23.97522, 50.82238], [23.9725, 50.82053], [23.9745, 50.81709], [23.97135, 50.81899], [23.96871, 50.81929], [23.96818, 50.81845], [23.97069, 50.81609], [23.96738, 50.81621], [23.96343, 50.81409], [23.9689, 50.81167], [23.96677, 50.80982], [23.96515, 50.80173], [23.96346, 50.799], [23.95745, 50.79453], [23.9605, 50.79113], [23.96533, 50.7897], [23.96826, 50.78576], [23.96567, 50.7822], [23.96375, 50.78203], [23.96335, 50.78135], [23.96613, 50.77805], [23.97038, 50.7787], [23.96832, 50.77628], [23.96882, 50.77497], [23.97, 50.77489], [23.97104, 50.77693], [23.97208, 50.77699], [23.9719, 50.77455], [23.97847, 50.77332], [23.97864, 50.7717], [23.97684, 50.76946], [23.97816, 50.76843], [23.98198, 50.76802], [23.98178, 50.76943], [23.98002, 50.77066], [23.98083, 50.77121], [23.98651, 50.76989], [23.99748, 50.76919], [24.01134, 50.77209], [24.016, 50.77084], [24.0196, 50.76881], [24.02093, 50.76701], [24.02377, 50.76623], [24.02515, 50.75914], [24.02124, 50.75812], [24.02029, 50.75983], [24.02086, 50.76141], [24.01562, 50.76248], [24.01408, 50.76162], [24.01604, 50.76029], [24.0127, 50.75813], [24.01239, 50.75705], [24.01384, 50.75654], [24.01711, 50.75735], [24.01779, 50.75673], [24.01114, 50.75449], [24.01325, 50.75347], [24.0172, 50.75455], [24.01725, 50.75197], [24.02223, 50.75162], [24.02366, 50.75086], [24.02303, 50.74991], [24.02082, 50.74956], [24.01794, 50.75124], [24.01537, 50.74736], [24.01583, 50.74662], [24.01767, 50.74644], [24.01994, 50.74865], [24.02049, 50.74699], [24.02314, 50.7455], [24.02026, 50.74557], [24.01615, 50.73724], [24.01676, 50.73676], [24.0196, 50.73819], [24.02061, 50.73775], [24.01982, 50.73329], [24.01589, 50.73], [24.01669, 50.72956], [24.01874, 50.73136], [24.01975, 50.73087], [24.01887, 50.72581], [24.01659, 50.72313], [24.02, 50.72291], [24.02251, 50.7219], [24.02167, 50.72482], [24.02374, 50.72514], [24.02853, 50.72224], [24.03728, 50.71893], [24.0419, 50.71798], [24.04452, 50.71526], [24.04605, 50.71705], [24.04994, 50.71908], [24.0512, 50.71918], [24.05352, 50.7179], [24.06119, 50.72068], [24.06416, 50.71836], [24.06568, 50.71975], [24.06579, 50.72156], [24.0674, 50.72015], [24.072, 50.72061], [24.07317, 50.71777], [24.07179, 50.71727], [24.07122, 50.71544], [24.0752, 50.71359], [24.07149, 50.71195], [24.0752, 50.71103], [24.07326, 50.70794], [24.06699, 50.70716], [24.07022, 50.70486], [24.0701, 50.70331], [24.07141, 50.70248], [24.06995, 50.70207], [24.06977, 50.70123], [24.07205, 50.70023], [24.07226, 50.69892], [24.06918, 50.69504], [24.06509, 50.68681], [24.0659, 50.68557], [24.06933, 50.68412], [24.06636, 50.68326], [24.06343, 50.68509], [24.06297, 50.68061], [24.06491, 50.68042], [24.06215, 50.67798], [24.06345, 50.6773], [24.06807, 50.67752], [24.07036, 50.67891], [24.07137, 50.6754], [24.07308, 50.67383], [24.0739, 50.67405], [24.07342, 50.67604], [24.07589, 50.67371], [24.07528, 50.67592], [24.07641, 50.67608], [24.07902, 50.67309], [24.07908, 50.67479], [24.08086, 50.67527], [24.08226, 50.6748], [24.08169, 50.67194], [24.08459, 50.67102], [24.08666, 50.66909], [24.08493, 50.66804], [24.08604, 50.66749], [24.08541, 50.66148], [24.0873, 50.66153], [24.09011, 50.66387], [24.09112, 50.66353], [24.08817, 50.65721], [24.08582, 50.65526], [24.08652, 50.65463], [24.08912, 50.65471], [24.09036, 50.65365], [24.08728, 50.65291], [24.08915, 50.65063], [24.08507, 50.64983], [24.08016, 50.64476], [24.08285, 50.64395], [24.08614, 50.64521], [24.08778, 50.64467], [24.08767, 50.64394], [24.08526, 50.64301], [24.08741, 50.64188], [24.08693, 50.63913], [24.08839, 50.63515], [24.08851, 50.63732], [24.09361, 50.63523], [24.09819, 50.63744], [24.09205, 50.62337], [24.09123, 50.61912], [24.09183, 50.61645], [24.0974, 50.61061], [24.09866, 50.59953], [24.09035, 50.57793], [24.09132, 50.56202], [24.08631, 50.55147], [24.07746, 50.52501], [24.07563, 50.52293], [24.0701, 50.50339], [24.04254, 50.46071], [24.03801, 50.45512], [24.03453, 50.44483], [24.00583, 50.43538], [23.99754, 50.41214], [23.94077, 50.41391], [23.88399, 50.40827], [23.87987, 50.4089], [23.84569, 50.40605], [23.80336, 50.40477], [23.77882, 50.40109], [23.72703, 50.388], [23.70874, 50.37926], [23.70312, 50.37529], [23.69665, 50.36617], [23.69114, 50.35333], [23.69123, 50.34689], [23.68632, 50.33163], [23.63885, 50.32051], [23.63104, 50.30479], [23.61157, 50.29925], [23.58796, 50.27355], [23.58322, 50.2769], [23.58099, 50.28156], [23.58132, 50.29188], [23.58316, 50.29867], [23.58217, 50.30312], [23.58723, 50.30546], [23.60237, 50.30667], [23.60539, 50.30865], [23.60317, 50.31186], [23.59371, 50.31688], [23.58681, 50.32537], [23.58097, 50.34102], [23.5811, 50.34917], [23.57744, 50.35557], [23.57621, 50.36115], [23.57935, 50.36383], [23.58332, 50.36444], [23.60263, 50.36106], [23.62202, 50.36035], [23.63092, 50.36196], [23.63705, 50.36564], [23.64353, 50.37569], [23.64315, 50.38041], [23.63021, 50.3995], [23.62853, 50.40618], [23.62446, 50.40932], [23.60924, 50.41468], [23.60566, 50.41721], [23.60338, 50.42057], [23.58993, 50.427], [23.58888, 50.43001], [23.58584, 50.43213], [23.57923, 50.44844], [23.55529, 50.45026], [23.54064, 50.45271], [23.53114, 50.45343], [23.49913, 50.45457], [23.49822, 50.458], [23.49203, 50.4599], [23.48964, 50.46369], [23.48144, 50.46576], [23.47612, 50.46393], [23.47153, 50.4645], [23.45952, 50.46953], [23.44429, 50.47894], [23.44286, 50.48039], [23.44339, 50.48286], [23.44642, 50.48498], [23.46378, 50.49012], [23.4794, 50.49105], [23.48269, 50.49268], [23.48371, 50.49474], [23.48252, 50.49645], [23.46797, 50.49892], [23.46454, 50.50057], [23.4654, 50.50249], [23.47188, 50.5071], [23.47318, 50.50972], [23.47283, 50.5124], [23.45741, 50.51918], [23.43264, 50.52509], [23.42741, 50.52752], [23.42489, 50.53172], [23.42473, 50.53472], [23.42659, 50.53703], [23.43144, 50.53933], [23.43222, 50.5413], [23.42516, 50.54571], [23.42353, 50.54949], [23.42024, 50.55071], [23.41892, 50.55495], [23.4047, 50.55963], [23.3912, 50.56238], [23.38832, 50.56354], [23.38727, 50.5651], [23.38843, 50.57277], [23.39577, 50.57364], [23.39962, 50.5765], [23.40817, 50.57827], [23.40985, 50.57944], [23.41037, 50.58266], [23.40866, 50.58439], [23.40359, 50.58692], [23.40346, 50.58954], [23.40464, 50.59098], [23.41274, 50.59272], [23.41413, 50.594], [23.41369, 50.59654], [23.40606, 50.59816], [23.40327, 50.59951], [23.40169, 50.60419], [23.39589, 50.60707], [23.39378, 50.6133], [23.39488, 50.61949], [23.40323, 50.62394], [23.40568, 50.62771], [23.40912, 50.64842], [23.41176, 50.65146], [23.42373, 50.65922], [23.42921, 50.66487], [23.44037, 50.66759], [23.44369, 50.66939], [23.44516, 50.67184], [23.44237, 50.68045], [23.43234, 50.68254], [23.42755, 50.6843], [23.42329, 50.68675], [23.42066, 50.68992], [23.41944, 50.69489], [23.42071, 50.7012], [23.42043, 50.70893], [23.4213, 50.71226], [23.42619, 50.71871], [23.42649, 50.72435], [23.43056, 50.72805], [23.43887, 50.73145], [23.44502, 50.73336], [23.47092, 50.73815], [23.47625, 50.74088], [23.47878, 50.75079], [23.47903, 50.77204], [23.53237, 50.76749], [23.54511, 50.76566], [23.5687, 50.76416], [23.58402, 50.76109], [23.59094, 50.75814], [23.63135, 50.74759], [23.66133, 50.74411], [23.69808, 50.74188], [23.70582, 50.74362], [23.71446, 50.74433], [23.71956, 50.74306], [23.7266, 50.73976], [23.7352, 50.73775], [23.75403, 50.74528], [23.76019, 50.74971], [23.76519, 50.76203], [23.76491, 50.76367], [23.76152, 50.76723], [23.76166, 50.76866], [23.76577, 50.77068], [23.7665, 50.77189], [23.76676, 50.7774], [23.77073, 50.77953], [23.77607, 50.78617], [23.78624, 50.78718], [23.787, 50.79172], [23.7898, 50.79408], [23.79899, 50.79571], [23.80261, 50.79727], [23.8044, 50.80015], [23.80266, 50.8066], [23.80345, 50.80838], [23.80588, 50.81009], [23.81603, 50.81377], [23.83006, 50.81271], [23.8346, 50.813], [23.84008, 50.81515], [23.84869, 50.81689], [23.86052, 50.81649], [23.86927, 50.81384], [23.87569, 50.81338], [23.8767, 50.81439], [23.87574, 50.81814], [23.88021, 50.82205], [23.8836, 50.82286], [23.89482, 50.82087], [23.89704, 50.82126], [23.89218, 50.82499], [23.88859, 50.82663], [23.87382, 50.83141], [23.87188, 50.83313], [23.87126, 50.84298], [23.86739, 50.84865], [23.86523, 50.85053], [23.85261, 50.85582], [23.84577, 50.86236], [23.84046, 50.86332], [23.83145, 50.86042], [23.82505, 50.85994], [23.82097, 50.86145], [23.82019, 50.86297], [23.82128, 50.87126], [23.82053, 50.87308], [23.81573, 50.8767], [23.79626, 50.88182], [23.78466, 50.88349], [23.76521, 50.87967], [23.76077, 50.88224], [23.73763, 50.89077], [23.6972, 50.89821], [23.68115, 50.90243], [23.67097, 50.90656], [23.67043, 50.9106], [23.67206, 50.91277], [23.67918, 50.91799], [23.68034, 50.92718], [23.68943, 50.93559], [23.6942, 50.93853], [23.69528, 50.9422], [23.69442, 50.94775], [23.69582, 50.94992], [23.7016, 50.95118], [23.72553, 50.95337], [23.72026, 50.95821], [23.70079, 50.96557], [23.69949, 50.96762], [23.69991, 50.9717], [23.70141, 50.97317], [23.70651, 50.97582], [23.71478, 50.97853], [23.71678, 50.98188], [23.71517, 50.98538], [23.71185, 50.98828], [23.70971, 50.9895], [23.69968, 50.99182], [23.69576, 50.9934], [23.69116, 50.99721], [23.69047, 51.00341], [23.69326, 51.00484], [23.69939, 51.00579], [23.70366, 51.00883], [23.70562, 51.01697], [23.70321, 51.02111], [23.70175, 51.02165], [23.69569, 51.02142], [23.6919, 51.01943], [23.68748, 51.01865], [23.68237, 51.0185], [23.66766, 51.02052], [23.64147, 51.0249], [23.63877, 51.0262], [23.63388, 51.03211], [23.63191, 51.03314], [23.62817, 51.03352], [23.6257, 51.03338], [23.61632, 51.02828], [23.60074, 51.02735], [23.5935, 51.03049], [23.59141, 51.03224], [23.58829, 51.04082], [23.5883, 51.04856], [23.58658, 51.0522], [23.57724, 51.05518], [23.55563, 51.05829], [23.54945, 51.06079], [23.54759, 51.06301], [23.54278, 51.06594], [23.52988, 51.0693], [23.51136, 51.0693], [23.50123, 51.07017], [23.49817, 51.07189], [23.48728, 51.06797], [23.46317, 51.06633], [23.4324, 51.07007], [23.42856, 51.07006], [23.42196, 51.06865], [23.40929, 51.06883], [23.38713, 51.07253], [23.37876, 51.0727], [23.34135, 51.06957], [23.32565, 51.07076], [23.30629, 51.07374], [23.29573, 51.07609], [23.2591, 51.08663], [23.22905, 51.08818], [23.21963, 51.08731], [23.20694, 51.08475], [23.19649, 51.08045], [23.19191, 51.07643], [23.19847, 51.07411], [23.19936, 51.06722], [23.19852, 51.06296], [23.19598, 51.05658], [23.19412, 51.05445], [23.18692, 51.05005], [23.1858, 51.04599], [23.18826, 51.04304], [23.19145, 51.04132], [23.21569, 51.03185], [23.23733, 51.01666], [23.24791, 51.01258], [23.25133, 51.00877], [23.25007, 51.00524], [23.24611, 51.00324], [23.24212, 51.00291], [23.237, 51.00477], [23.20556, 51.00971], [23.17653, 51.01635], [23.16823, 51.01641], [23.1643, 51.01477], [23.16341, 51.01111], [23.1645, 51.00857], [23.16662, 51.00802], [23.16728, 51.00484], [23.17407, 51.00584], [23.17965, 51.00279], [23.17825, 50.99986], [23.18352, 50.99866], [23.18426, 50.9975], [23.18207, 50.99502], [23.18202, 50.99066], [23.1807, 50.98993], [23.17356, 50.98955], [23.16623, 50.99137], [23.16298, 50.99677], [23.15943, 51.00004], [23.15418, 51.00216], [23.15192, 51.0041], [23.14651, 51.00372], [23.14453, 51.00436], [23.13892, 51.00749], [23.13741, 51.00969], [23.13715, 51.01312], [23.14186, 51.01699], [23.14033, 51.01951], [23.14057, 51.02154], [23.14409, 51.02231], [23.14496, 51.02317], [23.1422, 51.02652], [23.14232, 51.02784], [23.15385, 51.0301], [23.15268, 51.03479], [23.14919, 51.03884], [23.13291, 51.04428], [23.11832, 51.04722], [23.1139, 51.04974], [23.11153, 51.05258], [23.10746, 51.05456], [23.10269, 51.0583], [23.09865, 51.06561], [23.0946, 51.06701], [23.08681, 51.07382], [23.08379, 51.07555], [23.07044, 51.07849], [23.05909, 51.08711], [23.05695, 51.08964], [23.05574, 51.09454], [23.05304, 51.09886], [23.04925, 51.10122], [23.03584, 51.10474], [23.02455, 51.10549], [23.01303, 51.10779], [23.00635, 51.11147], [23.00357, 51.1143], [22.99451, 51.12985], [22.99132, 51.13234], [22.98095, 51.13496], [22.97276, 51.13881], [22.97286, 51.14214], [22.97544, 51.1436], [22.98825, 51.14721], [22.98952, 51.14884], [22.98779, 51.15282], [22.98583, 51.15432], [22.9759, 51.15549], [22.96369, 51.15436], [22.95197, 51.15517], [22.95097, 51.15657], [22.95273, 51.15936], [22.9633, 51.16253], [22.96634, 51.16624], [22.97935, 51.17122], [22.97937, 51.17768], [22.97418, 51.18207], [22.96907, 51.18081], [22.96679, 51.18068], [22.96458, 51.18146], [22.9633, 51.18501], [22.95455, 51.18773], [22.95169, 51.19019], [22.94115, 51.20119], [22.938, 51.20687], [22.93944, 51.21039], [22.93677, 51.21376], [22.93556, 51.21831], [22.93334, 51.22031], [22.93338, 51.22874], [22.93052, 51.2299], [22.92886, 51.23175], [22.92556, 51.24107], [22.91678, 51.24222], [22.91418, 51.24374], [22.9134, 51.24527], [22.92223, 51.25276], [22.92797, 51.26135], [22.92932, 51.26245], [22.93202, 51.26275], [22.93218, 51.26376], [22.93977, 51.26842], [22.94397, 51.27313], [22.95019, 51.2778], [22.98771, 51.27692], [23.01382, 51.27731], [23.02727, 51.27863], [23.03128, 51.28021], [23.03125, 51.28121], [23.02896, 51.28372], [23.02073, 51.2885], [23.00852, 51.29221], [23.00819, 51.29365], [23.00329, 51.29632], [22.99873, 51.30163], [22.98831, 51.30408], [22.96623, 51.30709], [22.94281, 51.31491], [22.94053, 51.31842], [22.93501, 51.32146], [22.93196, 51.3248], [22.93177, 51.32614], [22.93711, 51.32815], [22.93851, 51.33029], [22.93385, 51.33807], [22.92252, 51.35131], [22.92092, 51.35403], [22.92096, 51.35803], [22.91956, 51.35941], [22.91855, 51.36001], [22.91623, 51.35961], [22.91262, 51.35659], [22.90948, 51.35536], [22.8991, 51.35676], [22.89291, 51.35906], [22.87863, 51.37011], [22.87557, 51.37535], [22.87477, 51.38385], [22.87563, 51.38701], [22.87898, 51.38813], [22.88287, 51.38814], [22.8965, 51.3874], [22.90616, 51.38551], [22.91214, 51.38602], [22.91611, 51.38975], [22.91373, 51.39397], [22.91404, 51.39753], [22.9173, 51.40628], [22.9203, 51.40932], [22.92072, 51.4116], [22.91703, 51.42986], [22.91351, 51.43412], [22.91366, 51.43855], [22.91205, 51.44103], [22.90799, 51.44445], [22.9008, 51.44583], [22.89284, 51.4491], [22.88372, 51.46283], [22.87585, 51.46981], [22.86111, 51.47401], [22.85939, 51.47535], [22.85819, 51.47739], [22.85971, 51.48991], [22.85762, 51.49227], [22.85297, 51.49413], [22.84997, 51.49652], [22.84912, 51.50269], [22.84667, 51.5062], [22.84813, 51.51544], [22.84494, 51.52097], [22.84393, 51.52529], [22.84795, 51.5323], [22.84851, 51.53614], [22.85316, 51.5397], [22.85596, 51.54575], [22.85403, 51.55267], [22.85455, 51.5588], [22.8525, 51.56172], [22.85266, 51.56357], [22.85598, 51.56489], [22.857, 51.56886], [22.85279, 51.57328], [22.85278, 51.57857], [22.83892, 51.58274], [22.83684, 51.58524], [22.83684, 51.58795], [22.82567, 51.59431], [22.8224, 51.59899], [22.81568, 51.60364], [22.8067, 51.61422], [22.80449, 51.61529], [22.80054, 51.62285], [22.79083, 51.63106], [22.78071, 51.64654], [22.77732, 51.64889], [22.76462, 51.65435], [22.73233, 51.66312], [22.72491, 51.67184], [22.72033, 51.68315], [22.71394, 51.69287], [22.70893, 51.69601], [22.70355, 51.69752], [22.6933, 51.69814], [22.69131, 51.70013], [22.69076, 51.70223], [22.69253, 51.70489], [22.69836, 51.70577], [22.70091, 51.70719], [22.70478, 51.71296], [22.70535, 51.71701], [22.70394, 51.73244], [22.70613, 51.73841], [22.71517, 51.75079], [22.71568, 51.75998], [22.71704, 51.76174], [22.72528, 51.76737], [22.73189, 51.77078], [22.73706, 51.77217], [22.74121, 51.7754], [22.72554, 51.77928], [22.71393, 51.7799], [22.71173, 51.78288], [22.7071, 51.78574], [22.69218, 51.79074], [22.6856, 51.79653], [22.6832, 51.79992], [22.68194, 51.80237], [22.68231, 51.80689], [22.68374, 51.81104], [22.68861, 51.8158], [22.6937, 51.82748], [22.70094, 51.83964], [22.7072, 51.84807], [22.71636, 51.85421], [22.72377, 51.85784], [22.73368, 51.8614], [22.7364, 51.86524], [22.73765, 51.87448], [22.73703, 51.87623], [22.72941, 51.88296], [22.72204, 51.88575], [22.71577, 51.89018], [22.7039, 51.90722], [22.69728, 51.911], [22.69321, 51.91529], [22.67705, 51.93663], [22.67413, 51.94208], [22.6751, 51.94342], [22.67942, 51.94554], [22.69453, 51.95007], [22.70218, 51.95406], [22.70299, 51.95695], [22.69929, 51.96224], [22.69861, 51.9669], [22.70169, 51.97032], [22.70541, 51.97229], [22.7189, 51.97567], [22.72431, 51.97904], [22.72929, 51.98049], [22.7398, 51.97951], [22.75757, 51.98612], [22.76376, 51.98567], [22.76698, 51.98685], [22.77251, 51.98603], [22.77855, 51.98622], [22.78267, 51.98339], [22.78803, 51.98297], [22.79989, 51.98822], [22.80661, 51.98916], [22.81448, 51.9889], [22.82014, 51.98962], [22.82491, 51.99202], [22.82747, 51.99527], [22.8269, 52.00339], [22.8281, 52.00513], [22.82968, 52.00677], [22.83502, 52.00943], [22.85338, 52.0094], [22.85913, 52.01075], [22.86299, 52.01297], [22.87192, 52.01471], [22.87856, 52.01705], [22.8825, 52.01936], [22.89006, 52.02026], [22.90441, 52.02043], [22.91873, 52.02264], [22.92469, 52.02437], [22.93458, 52.02339], [22.94668, 52.02401], [22.95438, 52.02171], [22.9756, 52.01971], [22.97849, 52.01961], [22.98951, 52.02206], [22.99595, 52.02197], [23.00131, 52.02153], [23.00556, 52.02023], [23.01369, 52.02059], [23.03305, 52.01878], [23.04617, 52.0214], [23.05868, 52.02648], [23.07209, 52.02999], [23.09777, 52.0291], [23.10826, 52.03015], [23.11561, 52.03104], [23.12401, 52.03421], [23.1299, 52.03503], [23.13383, 52.03707], [23.14091, 52.0372], [23.15729, 52.03906], [23.16826, 52.03854], [23.17241, 52.03622], [23.17574, 52.03187], [23.18005, 52.02903], [23.19555, 52.02373], [23.21044, 52.02076], [23.22022, 52.02093], [23.22549, 52.02176], [23.24019, 52.02084], [23.24851, 52.02271], [23.26051, 52.02167], [23.26827, 52.02349], [23.27436, 52.02937], [23.28366, 52.02937], [23.29004, 52.02767], [23.28988, 52.03052], [23.29128, 52.03219], [23.29802, 52.03489], [23.31661, 52.03545], [23.32285, 52.03608], [23.32578, 52.03769], [23.32864, 52.04006], [23.33088, 52.04731], [23.32949, 52.05841], [23.3307, 52.05979], [23.33483, 52.06097], [23.34151, 52.0613], [23.35801, 52.05936], [23.39391, 52.05669], [23.40903, 52.05803], [23.41992, 52.06038], [23.42616, 52.06567], [23.42989, 52.07524], [23.43213, 52.07754], [23.43803, 52.08094], [23.44675, 52.08309], [23.45598, 52.08721], [23.46176, 52.09404], [23.46323, 52.09942], [23.46493, 52.10097], [23.47033, 52.10239], [23.47406, 52.10253], [23.49844, 52.10046], [23.50456, 52.10127], [23.50716, 52.1026], [23.51021, 52.10515], [23.516, 52.11289], [23.5137, 52.11826], [23.51411, 52.12234], [23.51631, 52.1244], [23.52069, 52.12516], [23.5226, 52.12773], [23.52157, 52.13171], [23.51427, 52.1372], [23.51578, 52.13725], [23.51787, 52.13865], [23.52002, 52.13763]]], [[[20.41873, 53.45437], [20.41315, 53.45999], [20.40651, 53.46195], [20.3998, 53.46159], [20.3975, 53.45961], [20.39473, 53.46009], [20.39208, 53.45901], [20.39168, 53.45802], [20.3878, 53.45884], [20.38313, 53.45845], [20.38337, 53.45665], [20.38802, 53.45428], [20.38687, 53.45307], [20.38164, 53.45269], [20.37245, 53.45602], [20.36779, 53.45607], [20.36337, 53.45745], [20.35935, 53.45961], [20.35666, 53.46286], [20.3483, 53.46329], [20.34577, 53.46576], [20.34581, 53.46698], [20.34868, 53.46951], [20.34325, 53.47236], [20.34649, 53.4737], [20.34815, 53.47923], [20.35688, 53.48424], [20.35546, 53.4867], [20.35153, 53.48597], [20.351, 53.48675], [20.35491, 53.49271], [20.35387, 53.49505], [20.34872, 53.49733], [20.33647, 53.49847], [20.33104, 53.50364], [20.32768, 53.50334], [20.32459, 53.50004], [20.31988, 53.49832], [20.30977, 53.49968], [20.30818, 53.50553], [20.3017, 53.50688], [20.29702, 53.50615], [20.29625, 53.50521], [20.29757, 53.50281], [20.30033, 53.50162], [20.30048, 53.5005], [20.29801, 53.49886], [20.28691, 53.50132], [20.27889, 53.50124], [20.27594, 53.5021], [20.27183, 53.50487], [20.26912, 53.51084], [20.25914, 53.51666], [20.24043, 53.52052], [20.22971, 53.52391], [20.21603, 53.52541], [20.21264, 53.52664], [20.20905, 53.52823], [20.20379, 53.53334], [20.20037, 53.53426], [20.19853, 53.53845], [20.19179, 53.54073], [20.18648, 53.5444], [20.17736, 53.54499], [20.17823, 53.55264], [20.17524, 53.55664], [20.16581, 53.56007], [20.16205, 53.56366], [20.15328, 53.56554], [20.13837, 53.57106], [20.13718, 53.57453], [20.13397, 53.57545], [20.13273, 53.57713], [20.13343, 53.5793], [20.13192, 53.58713], [20.12899, 53.59023], [20.12559, 53.59205], [20.12129, 53.59197], [20.11024, 53.58951], [20.10186, 53.5901], [20.0948, 53.5917], [20.08726, 53.59125], [20.08483, 53.58872], [20.08115, 53.58824], [20.07189, 53.58806], [20.06956, 53.58937], [20.06907, 53.59564], [20.06101, 53.60033], [20.05609, 53.60139], [20.04907, 53.60491], [20.0457, 53.60802], [20.03699, 53.62154], [20.0354, 53.62719], [20.02419, 53.63561], [20.02209, 53.63793], [20.02215, 53.64062], [20.01754, 53.64591], [20.00731, 53.65048], [19.99053, 53.65215], [19.98068, 53.65505], [19.96961, 53.66078], [19.96792, 53.66233], [19.96863, 53.66539], [19.9678, 53.66681], [19.96332, 53.66877], [19.95038, 53.66874], [19.9463, 53.66967], [19.92923, 53.67787], [19.92888, 53.68146], [19.93418, 53.68693], [19.93423, 53.6891], [19.92875, 53.69302], [19.9325, 53.69465], [19.93464, 53.69717], [19.93677, 53.69736], [19.93974, 53.69579], [19.93969, 53.69353], [19.94283, 53.69077], [19.94605, 53.69122], [19.94882, 53.68953], [19.95341, 53.68866], [19.95627, 53.69125], [19.95191, 53.69343], [19.95293, 53.69425], [19.96718, 53.69497], [19.96804, 53.69782], [19.97088, 53.69899], [19.9857, 53.69851], [19.99619, 53.70021], [20.00022, 53.7052], [20.00027, 53.71152], [19.99751, 53.72059], [19.99347, 53.72318], [19.98356, 53.72416], [19.97491, 53.72321], [19.95492, 53.72746], [19.9517, 53.72839], [19.94381, 53.73441], [19.94142, 53.73526], [19.93901, 53.73528], [19.93739, 53.73434], [19.93615, 53.73304], [19.9363, 53.73055], [19.93326, 53.72902], [19.92482, 53.72837], [19.91903, 53.72949], [19.91206, 53.73204], [19.90375, 53.73722], [19.89982, 53.74283], [19.89641, 53.74231], [19.8911, 53.73919], [19.89283, 53.73318], [19.89766, 53.72955], [19.89999, 53.72342], [19.90442, 53.71889], [19.90482, 53.71722], [19.9035, 53.71595], [19.90003, 53.71508], [19.88488, 53.71366], [19.87491, 53.71168], [19.87039, 53.7088], [19.86694, 53.70921], [19.86418, 53.71115], [19.85595, 53.7203], [19.8506, 53.7229], [19.84549, 53.72665], [19.84185, 53.72821], [19.82701, 53.73088], [19.81932, 53.73554], [19.81849, 53.73734], [19.81917, 53.73874], [19.82785, 53.74073], [19.83335, 53.74595], [19.84338, 53.75049], [19.84455, 53.75496], [19.84125, 53.76305], [19.84245, 53.76868], [19.84575, 53.7716], [19.857, 53.77203], [19.86465, 53.7762], [19.86813, 53.77707], [19.87481, 53.77638], [19.88131, 53.77685], [19.88134, 53.77826], [19.88355, 53.78042], [19.87978, 53.78646], [19.87982, 53.78813], [19.88486, 53.79168], [19.88276, 53.79438], [19.88283, 53.79771], [19.88027, 53.79952], [19.87819, 53.80363], [19.87719, 53.80761], [19.87318, 53.81212], [19.87459, 53.81749], [19.88375, 53.82229], [19.88821, 53.82866], [19.89502, 53.83348], [19.89828, 53.83396], [19.90216, 53.83317], [19.91084, 53.834], [19.91782, 53.83663], [19.91828, 53.83791], [19.92003, 53.83866], [19.93024, 53.83999], [19.93266, 53.84164], [19.93357, 53.84381], [19.9317, 53.84754], [19.93243, 53.85086], [19.93983, 53.8526], [19.9412, 53.85579], [19.94426, 53.85692], [19.94543, 53.86075], [19.95141, 53.86672], [19.95601, 53.86899], [19.95631, 53.87257], [19.95939, 53.8746], [19.96013, 53.8783], [19.95891, 53.8819], [19.9639, 53.89172], [19.96164, 53.89686], [19.96714, 53.90027], [19.97999, 53.90273], [19.98345, 53.9027], [19.99242, 53.9057], [19.99333, 53.90761], [19.99217, 53.91377], [19.99268, 53.92619], [19.99338, 53.92784], [19.99665, 53.92859], [19.99841, 53.92985], [19.99961, 53.93432], [20.0023, 53.93814], [20.00734, 53.94028], [20.01616, 53.937], [20.01942, 53.9371], [20.01946, 53.93864], [20.02167, 53.94054], [20.02321, 53.94104], [20.02817, 53.9401], [20.04068, 53.93041], [20.05654, 53.9262], [20.06499, 53.92599], [20.07202, 53.92769], [20.07637, 53.93652], [20.08524, 53.93553], [20.08433, 53.93883], [20.08577, 53.93998], [20.09242, 53.93876], [20.09592, 53.9395], [20.09987, 53.94308], [20.09937, 53.94547], [20.10156, 53.9465], [20.10535, 53.94713], [20.11777, 53.94002], [20.12079, 53.94011], [20.1262, 53.94205], [20.12939, 53.93797], [20.13126, 53.93756], [20.13297, 53.93832], [20.14092, 53.93905], [20.14313, 53.94162], [20.14046, 53.94364], [20.14189, 53.94418], [20.14283, 53.94762], [20.14494, 53.94915], [20.14505, 53.95304], [20.14874, 53.95389], [20.15167, 53.95758], [20.15074, 53.96131], [20.1461, 53.96453], [20.14632, 53.96863], [20.14082, 53.97063], [20.13955, 53.97258], [20.13483, 53.97563], [20.13158, 53.98077], [20.12693, 53.98109], [20.12013, 53.98581], [20.11704, 53.98679], [20.11422, 53.99387], [20.11148, 53.99361], [20.11012, 53.99224], [20.10842, 53.99192], [20.10254, 53.99414], [20.10204, 53.9967], [20.09873, 53.99967], [20.10184, 54.00348], [20.10738, 54.00598], [20.11056, 54.00862], [20.11027, 54.01195], [20.10719, 54.01659], [20.1033, 54.0194], [20.09833, 54.02039], [20.09512, 54.02397], [20.09574, 54.02591], [20.09353, 54.02782], [20.09692, 54.03129], [20.09934, 54.03108], [20.09929, 54.03177], [20.09704, 54.03223], [20.09769, 54.03905], [20.09631, 54.04143], [20.09684, 54.04278], [20.10039, 54.04475], [20.09603, 54.04773], [20.09633, 54.04845], [20.09974, 54.04898], [20.1028, 54.04689], [20.1061, 54.04664], [20.10813, 54.04547], [20.10968, 54.04633], [20.11569, 54.0455], [20.1196, 54.04346], [20.12328, 54.04354], [20.12456, 54.0453], [20.12302, 54.04782], [20.12551, 54.04929], [20.12645, 54.05234], [20.1293, 54.0532], [20.12953, 54.05464], [20.12289, 54.05676], [20.11935, 54.05885], [20.12059, 54.05928], [20.11911, 54.06013], [20.11372, 54.06001], [20.11027, 54.06165], [20.11083, 54.06476], [20.10484, 54.06676], [20.10365, 54.06827], [20.10371, 54.07049], [20.10896, 54.07223], [20.1083, 54.07267], [20.10143, 54.07367], [20.09788, 54.07509], [20.09633, 54.07716], [20.08728, 54.0778], [20.08705, 54.07969], [20.08443, 54.08077], [20.07867, 54.08054], [20.07301, 54.08454], [20.06579, 54.08643], [20.0653, 54.08966], [20.06905, 54.08846], [20.07038, 54.08889], [20.06813, 54.09313], [20.06887, 54.09618], [20.07292, 54.09581], [20.07549, 54.09645], [20.07463, 54.09812], [20.08053, 54.09774], [20.08303, 54.09927], [20.08252, 54.10161], [20.07735, 54.10255], [20.06855, 54.10596], [20.06059, 54.1049], [20.05507, 54.10289], [20.04888, 54.10282], [20.04728, 54.10524], [20.04953, 54.10862], [20.03754, 54.11272], [20.03653, 54.11379], [20.03717, 54.11689], [20.04244, 54.11612], [20.0434, 54.11662], [20.0359, 54.1189], [20.03508, 54.1203], [20.03247, 54.1216], [20.02549, 54.12379], [20.01857, 54.12895], [20.01095, 54.13043], [20.00405, 54.13494], [20.0043, 54.13344], [20.00181, 54.13207], [19.9918, 54.13288], [19.98537, 54.13654], [19.98361, 54.13839], [19.98347, 54.14039], [19.98197, 54.14107], [19.98333, 54.14255], [19.98657, 54.14353], [19.99337, 54.14314], [19.99684, 54.14428], [20.00078, 54.14846], [20.00074, 54.15457], [20.01214, 54.15648], [20.0114, 54.15762], [20.00831, 54.15845], [20.008, 54.16129], [20.00636, 54.16212], [20.00243, 54.16194], [20.00211, 54.16417], [19.9997, 54.16619], [19.99937, 54.16808], [20.00296, 54.1696], [20.00521, 54.17183], [20.01713, 54.17019], [20.02045, 54.17328], [20.02531, 54.17579], [20.03774, 54.17965], [20.05385, 54.18197], [20.06572, 54.18124], [20.07166, 54.18269], [20.0783, 54.18663], [20.0837, 54.19134], [20.08388, 54.19823], [20.07793, 54.20352], [20.0699, 54.20669], [20.06309, 54.20742], [20.05442, 54.20719], [20.0459, 54.20428], [20.02519, 54.20019], [20.01499, 54.20145], [19.99472, 54.21066], [19.97448, 54.22245], [19.96678, 54.22514], [19.95617, 54.22487], [19.94178, 54.22887], [19.93524, 54.22983], [19.93191, 54.23092], [19.92954, 54.23291], [19.92874, 54.23604], [19.9336, 54.24879], [19.94044, 54.25807], [19.94151, 54.26516], [19.95468, 54.28514], [19.95733, 54.28801], [19.97185, 54.29464], [19.9838, 54.3058], [19.98748, 54.31396], [19.98829, 54.32007], [19.98773, 54.32444], [19.98345, 54.33258], [19.98208, 54.33897], [19.99233, 54.35102], [20.00795, 54.35869], [20.0179, 54.36661], [20.01869, 54.37889], [20.02056, 54.38708], [20.03745, 54.40613], [20.04512, 54.42335], [20.06068, 54.42179], [20.06911, 54.42215], [20.16193, 54.41453], [20.22099, 54.40876], [20.24192, 54.40815], [20.28617, 54.40421], [20.33202, 54.40115], [20.36107, 54.39586], [20.36562, 54.39608], [20.38167, 54.39385], [20.40336, 54.39286], [20.43846, 54.38794], [20.46748, 54.38623], [20.47171, 54.38526], [20.48251, 54.38481], [20.48811, 54.38358], [20.5055, 54.38271], [20.51514, 54.38061], [20.53593, 54.38089], [20.58396, 54.37802], [20.61288, 54.37269], [20.61689, 54.37255], [20.62239, 54.37101], [20.63107, 54.36631], [20.64811, 54.37118], [20.69286, 54.37211], [20.71749, 54.36923], [20.72895, 54.36872], [20.74084, 54.36928], [20.7525, 54.3674], [20.81844, 54.36001], [20.84847, 54.36069], [20.85564, 54.35938], [20.88737, 54.35844], [20.89472, 54.35756], [20.89918, 54.3582], [20.92596, 54.35643], [20.95134, 54.35713], [20.95816, 54.35464], [21.00669, 54.35362], [21.03808, 54.34859], [21.06209, 54.34795], [21.08296, 54.34635], [21.08979, 54.34727], [21.09879, 54.34674], [21.14323, 54.34255], [21.16412, 54.3373], [21.19673, 54.33778], [21.26129, 54.3292], [21.27439, 54.32839], [21.29059, 54.33232], [21.30286, 54.33354], [21.32387, 54.32936], [21.33751, 54.33056], [21.35113, 54.32985], [21.35704, 54.33117], [21.37947, 54.33105], [21.39353, 54.32792], [21.4143, 54.32622], [21.43368, 54.3269], [21.43703, 54.32617], [21.44124, 54.32145], [21.44611, 54.31822], [21.46775, 54.32001], [21.49583, 54.32397], [21.51381, 54.32404], [21.52875, 54.32542], [21.55282, 54.32521], [21.55322, 54.32286], [21.57019, 54.32202], [21.57357, 54.32536], [21.57742, 54.32555], [21.63492, 54.32741], [21.6469, 54.32654], [21.67672, 54.3268], [21.74453, 54.33014], [21.79711, 54.33179], [21.85058, 54.33128], [21.85587, 54.33204], [21.8997, 54.33271], [21.91346, 54.33371], [21.96968, 54.33271], [21.99497, 54.33557], [22.01019, 54.33622], [22.06131, 54.33563], [22.09725, 54.33741], [22.12107, 54.33636], [22.15279, 54.33657], [22.17593, 54.3381], [22.17948, 54.3372], [22.18153, 54.33846], [22.22571, 54.34377], [22.22924, 54.3405], [22.23197, 54.34028], [22.23628, 54.34168], [22.23881, 54.34173], [22.24339, 54.34088], [22.26008, 54.34058], [22.30895, 54.3414], [22.31878, 54.34052], [22.31977, 54.34294], [22.32925, 54.34454], [22.33076, 54.34331], [22.38251, 54.34468], [22.3908, 54.3457], [22.40525, 54.34612], [22.41797, 54.34742], [22.42179, 54.34846], [22.43446, 54.34627], [22.43754, 54.34757], [22.44691, 54.34868], [22.46431, 54.34898], [22.46864, 54.34839], [22.49078, 54.34949], [22.52808, 54.34919], [22.5367, 54.35077], [22.53857, 54.35038], [22.55951, 54.35185], [22.57135, 54.35387], [22.59274, 54.35408], [22.59636, 54.35354], [22.61655, 54.35568], [22.6233, 54.35579], [22.62664, 54.35493], [22.64155, 54.35377], [22.65001, 54.35417], [22.66044, 54.35555], [22.66888, 54.35821], [22.6806, 54.36024], [22.70985, 54.36174], [22.72386, 54.36085], [22.785, 54.36378], [22.792, 54.36332], [22.81143, 54.37098], [22.81665, 54.3798], [22.8363, 54.40648], [22.84923, 54.40723], [22.85469, 54.4104], [22.86757, 54.40846], [22.88341, 54.40953], [22.888, 54.40909], [22.8875, 54.39994], [22.89813, 54.40041], [22.90189, 54.3992], [22.93469, 54.39621], [22.94852, 54.3928], [22.96499, 54.39058], [22.98385, 54.38957], [22.98478, 54.38454], [22.99555, 54.38436], [23.01022, 54.3828], [22.99391, 54.3619], [23.00938, 54.35572], [23.02672, 54.35227], [23.0477, 54.34919], [23.05812, 54.34535], [23.06316, 54.34096], [23.05092, 54.33353], [23.04636, 54.32722], [23.04212, 54.31597], [23.09217, 54.29845], [23.09968, 54.29914], [23.10703, 54.30414], [23.1404, 54.31595], [23.1488, 54.31436], [23.14992, 54.31311], [23.15976, 54.3096], [23.1542, 54.29702], [23.16962, 54.29495], [23.17643, 54.29086], [23.20242, 54.28863], [23.20552, 54.28335], [23.21148, 54.2782], [23.22378, 54.2719], [23.23389, 54.26091], [23.23906, 54.26017], [23.24888, 54.25682], [23.25934, 54.25937], [23.2818, 54.26067], [23.28875, 54.25706], [23.29662, 54.25553], [23.30051, 54.25595], [23.31488, 54.25451], [23.32607, 54.25247], [23.33752, 54.25172], [23.34841, 54.24568], [23.35824, 54.2336], [23.36172, 54.23102], [23.36622, 54.22993], [23.37367, 54.23045], [23.3766, 54.22898], [23.38128, 54.22894], [23.38396, 54.22612], [23.38679, 54.22484], [23.38556, 54.21963], [23.38671, 54.21829], [23.39421, 54.21685], [23.39667, 54.21375], [23.39671, 54.2096], [23.39795, 54.20724], [23.40384, 54.2022], [23.40638, 54.19634], [23.41171, 54.19333], [23.41916, 54.19112], [23.41989, 54.18705], [23.42244, 54.18344], [23.42448, 54.17753], [23.43899, 54.17757], [23.45102, 54.17579], [23.45899, 54.17554], [23.46122, 54.16777], [23.47022, 54.16412], [23.47552, 54.16342], [23.47332, 54.15808], [23.48245, 54.15346], [23.48585, 54.15323], [23.48946, 54.14463], [23.49117, 54.13555], [23.49534, 54.13257], [23.49262, 54.11701], [23.49647, 54.11303], [23.50202, 54.11294], [23.50696, 54.0995], [23.51832, 54.0898], [23.51839, 54.07868], [23.5213, 54.07429], [23.52426, 54.07284], [23.5286, 54.06578], [23.52591, 54.05689], [23.52764, 54.05355], [23.52734, 54.04735], [23.52329, 54.0377], [23.52612, 54.03348], [23.52488, 54.03108], [23.5162, 54.02858], [23.51554, 54.02578], [23.51145, 54.02169], [23.51323, 54.01795], [23.5097, 54.01452], [23.50898, 54.0118], [23.50084, 54.00771], [23.50318, 54.0074], [23.50358, 54.00653], [23.50004, 54.00687], [23.50027, 54.00756], [23.49806, 54.00775], [23.49754, 54.00846], [23.49627, 54.00744], [23.4978, 54.00616], [23.49546, 54.00575], [23.49479, 54.00681], [23.49324, 54.0071], [23.49055, 54.00528], [23.49077, 54.00425], [23.49214, 54.00399], [23.49136, 54.00308], [23.48654, 54.00159], [23.48669, 54.00034], [23.48414, 54.00016], [23.4842, 53.99935], [23.48187, 53.99983], [23.4807, 53.99801], [23.48228, 53.9973], [23.4825, 53.99483], [23.48427, 53.9949], [23.48374, 53.99371], [23.48476, 53.99264], [23.48367, 53.99165], [23.48431, 53.99104], [23.48241, 53.99103], [23.48228, 53.98937], [23.485, 53.98964], [23.48544, 53.98802], [23.48447, 53.98753], [23.48632, 53.98693], [23.48474, 53.98544], [23.48612, 53.98519], [23.48521, 53.98469], [23.48768, 53.98324], [23.48759, 53.9822], [23.48928, 53.98279], [23.48789, 53.98136], [23.48843, 53.98045], [23.48604, 53.97928], [23.488, 53.97902], [23.48669, 53.97835], [23.48956, 53.97725], [23.488, 53.97643], [23.48983, 53.97646], [23.48916, 53.97466], [23.4911, 53.97442], [23.49038, 53.97389], [23.49225, 53.97304], [23.49362, 53.97382], [23.49441, 53.97283], [23.49535, 53.97359], [23.49674, 53.97192], [23.49824, 53.97179], [23.49809, 53.9702], [23.49534, 53.96953], [23.49696, 53.9682], [23.50076, 53.96899], [23.50211, 53.96784], [23.50031, 53.96759], [23.50061, 53.96713], [23.50333, 53.96659], [23.5036, 53.9675], [23.50447, 53.96589], [23.50747, 53.96606], [23.50554, 53.96471], [23.50931, 53.96404], [23.50889, 53.96307], [23.50995, 53.9625], [23.51272, 53.96224], [23.5112, 53.96114], [23.51538, 53.96017], [23.51576, 53.95914], [23.51436, 53.95869], [23.51651, 53.95749], [23.5147, 53.95641], [23.51305, 53.9313], [23.51167, 53.92884], [23.51159, 53.91587], [23.51205, 53.91034], [23.5133, 53.90897], [23.52426, 53.87217], [23.52643, 53.86891], [23.52573, 53.86731], [23.52713, 53.86436], [23.52451, 53.86454], [23.52406, 53.86259], [23.52692, 53.86153], [23.52823, 53.86229], [23.52831, 53.86072], [23.53511, 53.85725], [23.53691, 53.85693], [23.53814, 53.8582], [23.54038, 53.85837], [23.54232, 53.85674], [23.54461, 53.85716], [23.54755, 53.8565], [23.55201, 53.85102], [23.55203, 53.84982], [23.55035, 53.8499], [23.55089, 53.84919], [23.54869, 53.84819], [23.5469, 53.84871], [23.54574, 53.84783], [23.54514, 53.84504], [23.54621, 53.84378], [23.54815, 53.84365], [23.54751, 53.84329], [23.5502, 53.84218], [23.5501, 53.84143], [23.55235, 53.84079], [23.55175, 53.83924], [23.55092, 53.83953], [23.55123, 53.83731], [23.5496, 53.83748], [23.54992, 53.83638], [23.54822, 53.83636], [23.54789, 53.83469], [23.54959, 53.83451], [23.554, 53.83139], [23.55304, 53.8308], [23.55363, 53.83009], [23.54928, 53.83029], [23.54628, 53.82581], [23.54473, 53.79625], [23.54905, 53.76778], [23.58213, 53.74382], [23.58564, 53.72834], [23.58605, 53.70309], [23.60444, 53.65812], [23.62692, 53.59575], [23.65163, 53.54414], [23.65967, 53.52136], [23.66722, 53.5126], [23.70741, 53.43655], [23.7371, 53.39158], [23.74736, 53.37265], [23.76346, 53.33814], [23.79898, 53.27419], [23.81875, 53.24402], [23.85534, 53.23183], [23.86145, 53.22094], [23.86133, 53.21748], [23.85902, 53.21631], [23.86006, 53.21682], [23.86071, 53.21515], [23.86231, 53.21516], [23.86108, 53.21465], [23.86197, 53.21367], [23.85999, 53.21312], [23.86062, 53.21199], [23.85722, 53.21036], [23.85886, 53.20724], [23.86011, 53.20727], [23.86241, 53.2054], [23.86235, 53.20382], [23.86398, 53.20353], [23.86185, 53.20219], [23.86327, 53.19999], [23.86274, 53.19714], [23.8653, 53.19643], [23.86387, 53.19553], [23.8668, 53.19537], [23.87005, 53.19322], [23.87138, 53.19407], [23.8721, 53.19276], [23.87355, 53.1925], [23.87355, 53.19129], [23.87886, 53.18966], [23.87716, 53.1892], [23.8802, 53.18882], [23.87916, 53.18756], [23.88115, 53.18693], [23.88095, 53.18589], [23.88213, 53.18609], [23.88275, 53.18462], [23.884, 53.18487], [23.88665, 53.18315], [23.88878, 53.18327], [23.8879, 53.18146], [23.8904, 53.18183], [23.88952, 53.18095], [23.89118, 53.18126], [23.89156, 53.17871], [23.89405, 53.17798], [23.89476, 53.17669], [23.90057, 53.1767], [23.90438, 53.17489], [23.90768, 53.17218], [23.90979, 53.16691], [23.91268, 53.16709], [23.91411, 53.16648], [23.91225, 53.16662], [23.91301, 53.16487], [23.91025, 53.16389], [23.91138, 53.16355], [23.91236, 53.16441], [23.91481, 53.16294], [23.9152, 53.16042], [23.91387, 53.15734], [23.91528, 53.15832], [23.91826, 53.15762], [23.91707, 53.15548], [23.91453, 53.15516], [23.91596, 53.15304], [23.91442, 53.15303], [23.91344, 53.15149], [23.91206, 53.15209], [23.91203, 53.15001], [23.90972, 53.14992], [23.91227, 53.147], [23.91136, 53.14641], [23.91333, 53.14602], [23.91308, 53.14498], [23.91588, 53.14371], [23.91579, 53.14297], [23.91352, 53.14147], [23.9139, 53.14024], [23.91193, 53.14019], [23.91104, 53.13884], [23.91221, 53.13784], [23.9108, 53.13711], [23.90879, 53.13814], [23.90868, 53.13717], [23.90727, 53.1368], [23.90769, 53.13748], [23.90594, 53.13818], [23.90427, 53.13728], [23.90516, 53.1352], [23.90222, 53.13353], [23.90098, 53.13439], [23.90039, 53.13152], [23.89806, 53.1322], [23.89883, 53.13157], [23.89681, 53.13067], [23.89742, 53.12735], [23.89387, 53.12638], [23.89793, 53.12498], [23.8936, 53.12476], [23.88901, 53.11829], [23.88967, 53.11686], [23.88687, 53.11616], [23.88762, 53.11402], [23.8854, 53.11436], [23.88587, 53.11194], [23.88905, 53.11185], [23.88702, 53.11049], [23.88847, 53.10892], [23.88604, 53.10769], [23.88807, 53.10801], [23.88895, 53.1067], [23.88778, 53.10551], [23.88877, 53.10502], [23.8822, 53.10124], [23.882, 53.09921], [23.88328, 53.09822], [23.88094, 53.09748], [23.88255, 53.09753], [23.88131, 53.09549], [23.88274, 53.09581], [23.88081, 53.09449], [23.8828, 53.09353], [23.88149, 53.09389], [23.88139, 53.09243], [23.88008, 53.09275], [23.88063, 53.0913], [23.879, 53.09211], [23.87755, 53.09175], [23.87582, 53.08771], [23.87379, 53.08702], [23.87463, 53.08489], [23.87233, 53.08478], [23.87188, 53.08409], [23.87318, 53.08313], [23.87207, 53.08203], [23.8735, 53.08103], [23.87266, 53.08023], [23.87409, 53.08023], [23.87412, 53.07898], [23.8757, 53.07919], [23.87566, 53.07975], [23.87847, 53.07944], [23.8779, 53.07758], [23.87909, 53.0778], [23.87937, 53.0762], [23.87717, 53.07539], [23.87931, 53.07575], [23.87878, 53.07483], [23.88161, 53.07396], [23.8789, 53.07315], [23.88129, 53.07284], [23.88073, 53.07044], [23.88213, 53.07019], [23.88139, 53.06943], [23.8828, 53.06852], [23.88231, 53.06606], [23.88606, 53.06432], [23.88617, 53.06218], [23.88804, 53.06324], [23.89051, 53.06219], [23.89239, 53.06265], [23.89184, 53.06216], [23.89335, 53.06166], [23.89403, 53.06234], [23.89595, 53.06237], [23.89589, 53.06162], [23.90012, 53.06035], [23.9026, 53.05816], [23.9017, 53.05486], [23.9001, 53.05471], [23.90091, 53.05381], [23.89985, 53.05373], [23.90019, 53.0514], [23.89838, 53.05002], [23.90074, 53.04947], [23.89969, 53.04807], [23.90279, 53.04836], [23.90585, 53.04643], [23.90493, 53.0448], [23.90658, 53.04434], [23.9093, 53.04512], [23.90959, 53.04437], [23.91129, 53.04459], [23.91132, 53.04278], [23.91013, 53.0422], [23.91299, 53.04181], [23.91449, 53.04055], [23.91573, 53.04094], [23.91643, 53.03999], [23.91608, 53.03749], [23.9138, 53.03584], [23.91176, 53.0361], [23.91, 53.03283], [23.91256, 53.02909], [23.92048, 53.02644], [23.92079, 53.02525], [23.92431, 53.0242], [23.92538, 53.02463], [23.93334, 52.98844], [23.92937, 52.98255], [23.93111, 52.97623], [23.94627, 52.95873], [23.91647, 52.93884], [23.91624, 52.90481], [23.91976, 52.90437], [23.92578, 52.89884], [23.92368, 52.85454], [23.92493, 52.84212], [23.92461, 52.83068], [23.93957, 52.81319], [23.93864, 52.71292], [23.90008, 52.69117], [23.89255, 52.6797], [23.87941, 52.6797], [23.78077, 52.62713], [23.77568, 52.62252], [23.773, 52.62282], [23.77149, 52.62223], [23.76605, 52.61801], [23.76202, 52.61733], [23.76135, 52.61619], [23.7583, 52.61602], [23.75618, 52.61452], [23.75286, 52.61369], [23.75069, 52.6145], [23.7488, 52.61304], [23.74652, 52.61312], [23.74485, 52.61209], [23.73917, 52.61199], [23.73696, 52.61052], [23.73768, 52.60992], [23.73422, 52.60652], [23.73308, 52.60896], [23.73037, 52.60897], [23.7259, 52.61213], [23.7186, 52.61465], [23.64141, 52.60746], [23.60456, 52.59779], [23.58769, 52.59411], [23.54017, 52.58024], [23.50412, 52.56617], [23.46663, 52.54945], [23.45788, 52.54037], [23.43579, 52.53002], [23.40815, 52.51152], [23.35669, 52.46895], [23.31224, 52.42503], [23.31025, 52.41398], [23.29987, 52.40382], [23.27797, 52.39283], [23.2413, 52.35742], [23.21558, 52.32966], [23.17872, 52.2836], [23.17439, 52.28403], [23.17057, 52.286], [23.16388, 52.29139], [23.16154, 52.29196], [23.15868, 52.29133], [23.15448, 52.28927], [23.1521, 52.28948], [23.14886, 52.29118], [23.15107, 52.29552], [23.15574, 52.29622], [23.15524, 52.29734], [23.14859, 52.30321], [23.14508, 52.30419], [23.14014, 52.30694], [23.13838, 52.30958], [23.13508, 52.31068], [23.12252, 52.30891], [23.1096, 52.30556], [23.09971, 52.29805], [23.09328, 52.29558], [23.0873, 52.2915], [23.08332, 52.29176], [23.07875, 52.29424], [23.06707, 52.29771], [23.06309, 52.30006], [23.05929, 52.30669], [23.05943, 52.30815], [23.06165, 52.30832], [23.06191, 52.31555], [23.05829, 52.31972], [23.04872, 52.32446], [23.04512, 52.32888], [23.03276, 52.33384], [23.01236, 52.33846], [23.00897, 52.33857], [22.99934, 52.34282], [22.99849, 52.34665], [22.9943, 52.35354], [22.99665, 52.35738], [23.0034, 52.36329], [23.00747, 52.37063], [22.99941, 52.37458], [22.99929, 52.37544], [22.99473, 52.37817], [22.98903, 52.37947], [22.98174, 52.38303], [22.97037, 52.38365], [22.95065, 52.38272], [22.94611, 52.38116], [22.94106, 52.38071], [22.93434, 52.38179], [22.92837, 52.38457], [22.92634, 52.38427], [22.92585, 52.38318], [22.91889, 52.38611], [22.91997, 52.38693], [22.91246, 52.38816], [22.90111, 52.3867], [22.89824, 52.38827], [22.88887, 52.38882], [22.8783, 52.39162], [22.87099, 52.39063], [22.86168, 52.3918], [22.85958, 52.39076], [22.85049, 52.38995], [22.83402, 52.39184], [22.8131, 52.39558], [22.79837, 52.39679], [22.77702, 52.39552], [22.77267, 52.39627], [22.76701, 52.39571], [22.76311, 52.39228], [22.75963, 52.39141], [22.7341, 52.38805], [22.71566, 52.39048], [22.70742, 52.39257], [22.70337, 52.39442], [22.699, 52.39492], [22.68202, 52.39558], [22.67689, 52.39414], [22.65345, 52.39426], [22.6441, 52.39504], [22.63481, 52.39667], [22.62796, 52.39872], [22.62305, 52.4023], [22.61255, 52.4063], [22.60756, 52.40903], [22.60568, 52.41301], [22.59976, 52.41908], [22.59495, 52.43884], [22.59031, 52.44585], [22.57915, 52.45673], [22.57192, 52.46161], [22.57048, 52.46361], [22.57118, 52.46482], [22.57747, 52.46573], [22.5808, 52.4671], [22.58129, 52.46819], [22.57841, 52.46987], [22.56896, 52.46967], [22.5664, 52.47036], [22.56506, 52.47604], [22.56052, 52.47948], [22.55756, 52.48509], [22.55709, 52.48682], [22.55957, 52.4876], [22.55964, 52.48846], [22.55546, 52.48895], [22.55324, 52.49135], [22.5455, 52.50495], [22.53925, 52.51224], [22.53148, 52.51799], [22.52733, 52.52388], [22.50675, 52.54055], [22.50395, 52.54836], [22.50192, 52.55063], [22.50404, 52.55203], [22.50256, 52.55355], [22.49235, 52.55679], [22.48568, 52.5614], [22.4824, 52.56567], [22.47085, 52.57226], [22.46423, 52.58018], [22.46545, 52.58296], [22.4642, 52.58496], [22.46045, 52.58838], [22.45789, 52.58919], [22.45563, 52.58852], [22.45082, 52.58878], [22.447, 52.59147], [22.4329, 52.59654], [22.43368, 52.6013], [22.4372, 52.60254], [22.4352, 52.6053], [22.43541, 52.60799], [22.4398, 52.61264], [22.44216, 52.61699], [22.43951, 52.61915], [22.42404, 52.62111], [22.41421, 52.61875], [22.41031, 52.61637], [22.40538, 52.6158], [22.39777, 52.61851], [22.39229, 52.62105], [22.36433, 52.64661], [22.35626, 52.651], [22.35232, 52.65587], [22.34348, 52.66053], [22.31898, 52.66788], [22.29102, 52.67092], [22.28433, 52.67313], [22.26014, 52.68213], [22.24653, 52.68881], [22.24211, 52.68989], [22.2376, 52.69251], [22.23588, 52.69577], [22.22454, 52.70132], [22.21212, 52.70296], [22.20271, 52.70286], [22.18084, 52.70119], [22.17389, 52.69983], [22.16361, 52.70129], [22.16003, 52.70329], [22.15632, 52.70339], [22.14125, 52.6982], [22.13515, 52.69788], [22.12936, 52.69637], [22.11797, 52.69596], [22.11156, 52.69643], [22.10706, 52.69568], [22.08592, 52.68834], [22.07719, 52.68698], [22.0729, 52.68729], [22.06399, 52.68952], [22.05276, 52.68968], [22.03307, 52.69224], [22.00664, 52.69306], [21.99915, 52.69258], [21.98522, 52.68943], [21.97308, 52.68472], [21.9644, 52.68318], [21.95748, 52.68376], [21.94162, 52.68726], [21.92349, 52.68905], [21.91444, 52.69191], [21.90954, 52.69493], [21.90518, 52.6999], [21.90849, 52.70065], [21.90613, 52.701], [21.90537, 52.70223], [21.92937, 52.71079], [21.9316, 52.71432], [21.93524, 52.71546], [21.93715, 52.71816], [21.94067, 52.72018], [21.94977, 52.72317], [21.9675, 52.73195], [21.98207, 52.73324], [21.99043, 52.73502], [21.99112, 52.74012], [21.98992, 52.74202], [21.99744, 52.74726], [21.99811, 52.74891], [21.99636, 52.75913], [21.99784, 52.76784], [22.00799, 52.76854], [22.01549, 52.77025], [22.01407, 52.78158], [22.01018, 52.78562], [22.00488, 52.79985], [21.99708, 52.80493], [21.99484, 52.80814], [21.99415, 52.8109], [21.99508, 52.81896], [21.99737, 52.82432], [22.00249, 52.8317], [22.00686, 52.84532], [22.01034, 52.85011], [22.01242, 52.85173], [22.01406, 52.85179], [22.01837, 52.84758], [22.02024, 52.84712], [22.02344, 52.84772], [22.02804, 52.85076], [22.03109, 52.85445], [22.03109, 52.85851], [22.03363, 52.86231], [22.03296, 52.8627], [22.04057, 52.86344], [22.04361, 52.86467], [22.04533, 52.86677], [22.04907, 52.86691], [22.0511, 52.86781], [22.04811, 52.87003], [22.03817, 52.87409], [22.03695, 52.87626], [22.03422, 52.87789], [22.03479, 52.87868], [22.03847, 52.88231], [22.06158, 52.885], [22.06422, 52.88624], [22.06613, 52.88536], [22.06676, 52.8832], [22.07306, 52.88316], [22.07609, 52.88713], [22.07844, 52.88695], [22.08523, 52.88284], [22.08802, 52.88337], [22.08858, 52.88573], [22.0937, 52.88857], [22.09495, 52.89223], [22.09182, 52.89802], [22.09114, 52.90371], [22.08825, 52.90597], [22.08856, 52.90751], [22.09367, 52.91012], [22.09895, 52.91521], [22.10036, 52.91839], [22.10403, 52.9202], [22.10403, 52.92194], [22.09914, 52.9233], [22.09479, 52.92306], [22.09251, 52.92431], [22.09817, 52.92902], [22.10607, 52.93214], [22.10841, 52.93227], [22.1091, 52.93336], [22.10739, 52.93413], [22.1071, 52.93545], [22.11204, 52.94146], [22.11805, 52.94454], [22.1207, 52.94879], [22.11875, 52.95259], [22.11977, 52.95578], [22.13247, 52.95741], [22.13537, 52.95894], [22.15024, 52.96058], [22.15568, 52.96015], [22.16554, 52.96703], [22.16383, 52.96955], [22.1576, 52.97067], [22.15342, 52.97821], [22.14741, 52.98236], [22.14347, 52.98456], [22.132, 52.98734], [22.13166, 52.99573], [22.13, 52.99901], [22.13051, 53.00197], [22.11466, 53.00512], [22.11378, 53.00632], [22.11671, 53.00817], [22.1501, 53.01489], [22.15458, 53.01682], [22.16732, 53.02498], [22.16895, 53.0276], [22.17218, 53.02865], [22.17617, 53.0314], [22.1753, 53.0361], [22.17347, 53.03757], [22.18285, 53.04056], [22.19117, 53.04025], [22.19337, 53.0418], [22.20211, 53.05476], [22.20489, 53.05653], [22.21262, 53.05658], [22.21899, 53.05919], [22.22123, 53.06293], [22.22667, 53.06285], [22.23595, 53.06616], [22.23499, 53.07019], [22.23296, 53.07272], [22.23735, 53.0764], [22.24217, 53.07742], [22.24748, 53.0796], [22.23654, 53.0874], [22.22916, 53.08915], [22.22403, 53.09191], [22.21189, 53.09616], [22.20644, 53.1], [22.20128, 53.11037], [22.19563, 53.11683], [22.18312, 53.12041], [22.21217, 53.12927], [22.19774, 53.13462], [22.18596, 53.14125], [22.18339, 53.14394], [22.17919, 53.14607], [22.16694, 53.15163], [22.15918, 53.15386], [22.12958, 53.16881], [22.12335, 53.17302], [22.11756, 53.17507], [22.0936, 53.19438], [22.08083, 53.20971], [22.07522, 53.21437], [22.06964, 53.22237], [22.06646, 53.23055], [22.06175, 53.234], [22.05426, 53.23741], [22.03945, 53.24123], [22.01284, 53.25214], [22.00795, 53.2531], [21.99963, 53.25617], [21.99729, 53.2567], [21.99527, 53.25616], [21.97419, 53.26121], [21.96061, 53.26286], [21.93546, 53.26955], [21.93269, 53.27259], [21.93202, 53.27725], [21.93054, 53.27851], [21.9294, 53.28209], [21.92277, 53.28807], [21.91883, 53.29573], [21.90737, 53.306], [21.90631, 53.3109], [21.90005, 53.31537], [21.89651, 53.32169], [21.89201, 53.32458], [21.88417, 53.33336], [21.86031, 53.35031], [21.85165, 53.35213], [21.84557, 53.35228], [21.83429, 53.35538], [21.8315, 53.35908], [21.83124, 53.36536], [21.82681, 53.36991], [21.82328, 53.37138], [21.82161, 53.37352], [21.80461, 53.38439], [21.80024, 53.39068], [21.79951, 53.39474], [21.80054, 53.39817], [21.7964, 53.40791], [21.80062, 53.41459], [21.80416, 53.41732], [21.81359, 53.42107], [21.81796, 53.42382], [21.82264, 53.42526], [21.82552, 53.42674], [21.82698, 53.42873], [21.82972, 53.42921], [21.82681, 53.43249], [21.82104, 53.43628], [21.81467, 53.43757], [21.81269, 53.43936], [21.81371, 53.44096], [21.81263, 53.44734], [21.81024, 53.44824], [21.81144, 53.44911], [21.80895, 53.44907], [21.80628, 53.45015], [21.8039, 53.45336], [21.80524, 53.45407], [21.80033, 53.46138], [21.80212, 53.46741], [21.79942, 53.46961], [21.79794, 53.47393], [21.79386, 53.47564], [21.77821, 53.47731], [21.77433, 53.47895], [21.76954, 53.48495], [21.76235, 53.48666], [21.75744, 53.48689], [21.75278, 53.48885], [21.74672, 53.48922], [21.73531, 53.4917], [21.71411, 53.49169], [21.68308, 53.49638], [21.67816, 53.49506], [21.66949, 53.4952], [21.63288, 53.50339], [21.63016, 53.50408], [21.61928, 53.51184], [21.60272, 53.51684], [21.59928, 53.51863], [21.59893, 53.52052], [21.59698, 53.52211], [21.59251, 53.52328], [21.57813, 53.52389], [21.56736, 53.5202], [21.5446, 53.52401], [21.53885, 53.5239], [21.53075, 53.52151], [21.52324, 53.52128], [21.49048, 53.52496], [21.48698, 53.52502], [21.47941, 53.52357], [21.46482, 53.52519], [21.45714, 53.52224], [21.4547, 53.51973], [21.45404, 53.51735], [21.44702, 53.51335], [21.44593, 53.50831], [21.45035, 53.50573], [21.45153, 53.50368], [21.44792, 53.5], [21.44336, 53.49873], [21.43895, 53.49846], [21.40919, 53.49883], [21.40295, 53.49776], [21.39394, 53.49378], [21.38817, 53.48801], [21.38861, 53.48012], [21.38731, 53.47836], [21.3824, 53.47608], [21.38177, 53.46617], [21.37941, 53.46358], [21.3751, 53.4623], [21.37949, 53.45305], [21.38233, 53.44936], [21.39796, 53.44419], [21.41247, 53.43743], [21.41768, 53.43369], [21.41976, 53.42859], [21.41955, 53.42496], [21.41653, 53.41936], [21.40873, 53.41325], [21.39693, 53.40783], [21.38948, 53.40171], [21.38214, 53.39761], [21.3623, 53.39356], [21.35117, 53.39398], [21.33176, 53.3978], [21.32555, 53.40176], [21.31265, 53.40727], [21.3021, 53.41859], [21.29459, 53.42358], [21.29113, 53.42389], [21.28428, 53.42055], [21.25252, 53.40888], [21.22021, 53.40533], [21.19419, 53.40395], [21.18593, 53.39875], [21.17972, 53.39704], [21.17797, 53.38869], [21.17105, 53.37635], [21.16563, 53.37388], [21.15829, 53.37263], [21.15071, 53.37316], [21.14495, 53.37722], [21.13744, 53.38586], [21.13103, 53.39667], [21.12389, 53.39956], [21.10652, 53.40304], [21.08037, 53.4033], [21.06973, 53.40249], [21.06403, 53.40156], [21.05961, 53.39907], [21.05685, 53.39626], [21.04263, 53.38712], [21.02077, 53.38193], [20.99689, 53.38072], [20.99001, 53.38169], [20.9844, 53.38453], [20.98213, 53.38682], [20.97825, 53.38755], [20.96417, 53.38583], [20.95926, 53.38234], [20.95814, 53.37963], [20.95932, 53.37737], [20.96303, 53.37493], [20.96498, 53.3724], [20.94576, 53.36443], [20.9408, 53.36551], [20.93678, 53.37305], [20.93157, 53.37485], [20.91956, 53.37628], [20.91343, 53.37252], [20.91137, 53.36913], [20.9116, 53.3637], [20.90764, 53.36048], [20.89777, 53.35669], [20.89373, 53.35358], [20.89053, 53.3524], [20.88389, 53.35243], [20.87892, 53.35068], [20.87602, 53.34698], [20.87537, 53.34315], [20.8669, 53.34028], [20.86127, 53.34136], [20.85001, 53.33959], [20.83987, 53.34023], [20.83724, 53.33848], [20.83732, 53.3311], [20.8434, 53.32447], [20.84266, 53.32115], [20.84082, 53.31999], [20.83639, 53.31863], [20.8278, 53.31826], [20.82562, 53.31665], [20.81613, 53.31287], [20.80794, 53.3118], [20.79507, 53.31283], [20.78957, 53.31446], [20.78493, 53.3175], [20.7816, 53.31851], [20.7746, 53.31754], [20.74283, 53.31783], [20.73947, 53.31483], [20.74086, 53.31332], [20.73367, 53.3155], [20.71741, 53.31792], [20.6921, 53.31873], [20.66246, 53.31811], [20.65299, 53.31857], [20.64552, 53.32081], [20.63469, 53.31798], [20.62619, 53.31929], [20.62514, 53.31764], [20.62231, 53.31637], [20.62099, 53.31829], [20.61101, 53.32223], [20.60345, 53.32745], [20.60503, 53.33231], [20.60853, 53.33559], [20.6071, 53.33989], [20.59548, 53.34814], [20.59069, 53.35296], [20.58678, 53.36003], [20.58076, 53.36392], [20.57982, 53.36548], [20.58053, 53.37391], [20.57825, 53.3768], [20.57781, 53.38109], [20.57997, 53.38558], [20.58071, 53.39473], [20.57871, 53.39987], [20.57144, 53.40782], [20.56633, 53.40979], [20.54821, 53.40979], [20.53517, 53.41257], [20.52981, 53.41276], [20.52242, 53.41214], [20.50802, 53.40483], [20.49672, 53.40045], [20.49091, 53.39945], [20.48834, 53.39984], [20.48689, 53.39832], [20.47244, 53.40064], [20.45868, 53.39985], [20.45511, 53.40081], [20.44817, 53.40448], [20.44324, 53.41081], [20.4363, 53.41487], [20.43661, 53.41781], [20.44138, 53.41966], [20.44272, 53.42098], [20.44113, 53.42333], [20.431, 53.43178], [20.42979, 53.43468], [20.41915, 53.43903], [20.41699, 53.44117], [20.41873, 53.45437]]]]}}]}